time,Muttonpulao_02_small peptides absorbed,Cholebhature_01_small peptides absorbed,Curdrice_01_small peptides absorbed,Lemonrice_01_small peptides absorbed,Pasta_01_small peptides absorbed,Masaladosa_01_small peptides absorbed,Vegetable_Biryani_01_small peptides absorbed,Rapid_starch_01_small peptides absorbed,Chickenbreast_01_small peptides absorbed,Rice_01_small peptides absorbed,Eggwhite_01_small peptides absorbed,Paneer_01_small peptides absorbed,Milk_Chocolate_01_small peptides absorbed,Peanuts_01_small peptides absorbed,Curd_01_small peptides absorbed,Glucose_01_small peptides absorbed,Biscuit_01_small peptides absorbed,Glucose_02_small peptides absorbed,Bread_Meal_01_100_small peptides absorbed,Chickensandwich_01_small peptides absorbed,Ghee_01_small peptides absorbed,Apple_Pineapplesalad_01_small peptides absorbed,Spinach_01_small peptides absorbed,Bread_meal_02_small peptides absorbed,Orange_01_small peptides absorbed,Omelette_01_small peptides absorbed,Muttonpulao_01_small peptides absorbed,Arabinose_01_small peptides absorbed
1.01,5e-05,5e-05,3e-05,2e-05,0.0,3e-05,3e-05,0.0,0.0,0.0,0.0,8e-05,0.0,0.0,0.0,0.0,0.0,0.0,0.0,6e-05,0.0,1e-05,0.0,0.0,0.0,7e-05,2e-05,0
2.01,0.00012,0.00013,0.0001,9e-05,1e-05,0.00011,0.00011,0.0,0.0,1e-05,0.0,0.00019,1e-05,2e-05,2e-05,0.0,0.0,0.0,1e-05,0.00016,0.0,5e-05,1e-05,1e-05,1e-05,0.00021,9e-05,0
3.01,0.00016,0.00016,0.00016,0.00013,1e-05,0.00017,0.00015,0.0,0.0,1e-05,0.0,0.00026,4e-05,4e-05,6e-05,0.0,0.0,0.0,1e-05,0.00023,0.0,0.00011,3e-05,1e-05,1e-05,0.00029,0.00013,0
4.01,0.00019,0.00018,0.00018,0.00017,2e-05,0.00022,0.00017,0.0,0.0,2e-05,0.0,0.00031,7e-05,6e-05,0.00012,0.0,0.0,0.0,2e-05,0.0003,0.0,0.00018,5e-05,2e-05,2e-05,0.00034,0.00017,0
5.01,0.00022,0.0002,0.00019,0.0002,3e-05,0.00027,0.00018,0.0,0.0,3e-05,0.0,0.00038,0.00012,0.0001,0.00019,0.0,0.0,0.0,3e-05,0.00037,0.0,0.00024,8e-05,3e-05,3e-05,0.00039,0.0002,0
6.01,0.00026,0.00025,0.0002,0.00022,4e-05,0.00031,0.00019,0.0,0.0,4e-05,0.0,0.00045,0.00016,0.00015,0.00026,0.0,0.0,0.0,4e-05,0.00043,0.0,0.00029,0.00012,4e-05,4e-05,0.00044,0.00022,0
7.01,0.0003,0.0003,0.00021,0.00024,5e-05,0.00035,0.00023,0.0,0.0,5e-05,0.0,0.00051,0.00021,0.0002,0.00033,0.0,0.0,0.0,6e-05,0.00048,0.0,0.00033,0.00015,6e-05,4e-05,0.00053,0.00024,0
8.01,0.00034,0.00035,0.00022,0.00026,7e-05,0.00038,0.00027,0.0,0.0,6e-05,0.0,0.00056,0.00025,0.00025,0.00039,0.0,0.0,0.0,7e-05,0.00053,0.0,0.00037,0.00019,7e-05,5e-05,0.00062,0.00026,0
9.01,0.00038,0.00041,0.00024,0.00028,8e-05,0.00042,0.00031,0.0,0.0,7e-05,0.0,0.0006,0.0003,0.00031,0.00044,0.0,0.0,0.0,8e-05,0.00058,0.0,0.0004,0.00022,8e-05,6e-05,0.00068,0.00028,0
10.01,0.00042,0.00047,0.00027,0.0003,9e-05,0.00045,0.00035,0.0,0.0,8e-05,0.0,0.00064,0.00034,0.00036,0.00047,0.0,0.0,0.0,0.0001,0.00063,0.0,0.00044,0.00025,0.0001,6e-05,0.00073,0.0003,0
11.01,0.00046,0.00052,0.0003,0.00032,0.00011,0.00048,0.00039,0.0,0.0,9e-05,0.0,0.00068,0.00038,0.00042,0.0005,0.0,0.0,0.0,0.00011,0.00068,0.0,0.00047,0.00027,0.00011,7e-05,0.00076,0.00032,0
12.01,0.0005,0.00055,0.00034,0.00033,0.00012,0.0005,0.00043,0.0,0.0,0.0001,0.0,0.0007,0.00042,0.00047,0.00052,0.0,0.0,0.0,0.00012,0.00072,0.0,0.0005,0.00029,0.00012,7e-05,0.00078,0.00033,0
13.01,0.00053,0.00058,0.00037,0.00035,0.00013,0.00053,0.00047,0.0,0.0,0.00011,0.0,0.00073,0.00046,0.00052,0.00054,0.0,0.0,0.0,0.00013,0.00076,0.0,0.00054,0.00031,0.00013,8e-05,0.00081,0.00035,0
14.01,0.00057,0.00059,0.00041,0.00036,0.00015,0.00055,0.0005,0.0,0.0,0.00012,0.0,0.00075,0.00049,0.00057,0.00055,0.0,0.0,0.0,0.00015,0.0008,0.0,0.00057,0.00033,0.00015,8e-05,0.00083,0.00036,0
15.01,0.0006,0.0006,0.00044,0.00037,0.00016,0.00057,0.00052,0.0,0.0,0.00012,0.0,0.00077,0.00052,0.00062,0.00055,0.0,0.0,0.0,0.00016,0.00084,0.0,0.00061,0.00034,0.00016,9e-05,0.00085,0.00037,0
16.01,0.00063,0.00061,0.00048,0.00039,0.00018,0.00058,0.00054,0.0,0.0,0.00013,0.0,0.00079,0.00055,0.00066,0.00056,0.0,0.0,0.0,0.00018,0.00087,0.0,0.00065,0.00035,0.00018,9e-05,0.00087,0.00039,0
17.01,0.00066,0.00063,0.00052,0.00041,0.0002,0.0006,0.00056,0.0,0.0,0.00014,0.0,0.00081,0.00058,0.00071,0.00056,0.0,0.0,0.0,0.00019,0.0009,0.0,0.00068,0.00036,0.00019,0.0001,0.00089,0.00041,0
18.01,0.00069,0.00064,0.00056,0.00043,0.00021,0.00061,0.00058,0.0,0.0,0.00015,0.0,0.00082,0.0006,0.00075,0.00056,0.0,0.0,0.0,0.00021,0.00093,0.0,0.00072,0.00037,0.00021,0.0001,0.00091,0.00043,0
19.01,0.00073,0.00066,0.00058,0.00045,0.00023,0.00063,0.00059,0.0,0.0,0.00016,0.0,0.00084,0.00063,0.00079,0.00056,0.0,0.0,0.0,0.00022,0.00096,0.0,0.00076,0.00037,0.00022,0.00011,0.00093,0.00045,0
20.01,0.00076,0.00068,0.0006,0.00048,0.00025,0.00064,0.00061,0.0,0.0,0.00017,0.0,0.00086,0.00064,0.00082,0.00057,,0.0,0.0,0.00024,0.00099,0.0,0.00079,0.00038,0.00024,0.00011,0.00095,0.00048,0
21.01,0.0008,0.00071,0.00062,0.00052,0.00027,0.00065,0.00064,0.0,0.0,0.00019,0.0,0.00089,0.00066,0.00086,0.00058,,0.0,0.0,0.00026,0.00102,0.0,0.00082,0.00038,0.00026,0.00011,0.00097,0.00052,0
22.01,0.00084,0.00074,0.00064,0.00056,0.00029,0.00067,0.00066,0.0,0.0,0.0002,0.0,0.00091,0.00068,0.00089,0.00059,,0.0,0.0,0.00028,0.00105,0.0,0.00085,0.00039,0.00028,0.00012,0.00098,0.00056,0
23.01,0.00088,0.00077,0.00065,0.0006,0.00031,0.00068,0.00068,0.0,0.0,0.00022,0.0,0.00093,0.00069,0.00092,0.00059,,0.0,0.0,0.0003,0.00108,0.0,0.00087,0.00039,0.0003,0.00012,0.001,0.0006,0
24.01,0.00092,0.0008,0.00066,0.00064,0.00033,0.00069,0.0007,0.0,0.0,0.00023,0.0,0.00094,0.0007,0.00095,0.0006,,0.0,0.0,0.00032,0.0011,0.0,0.0009,0.00039,0.00032,0.00012,0.00101,0.00064,0
25.01,0.00095,0.00082,0.00067,0.00067,0.00034,0.0007,0.00071,0.0,0.0,0.00024,0.0,0.00095,0.0007,0.00098,0.00061,,0.0,0.0,0.00034,0.00113,0.0,0.00092,0.0004,0.00034,0.00013,0.00102,0.00067,0
26.01,0.00097,0.00083,0.00067,0.00069,0.00036,0.0007,0.00072,0.0,0.0,0.00026,0.0,0.00096,0.0007,0.001,0.00061,,0.0,0.0,0.00036,0.00115,0.0,0.00094,0.0004,0.00036,0.00013,0.00103,0.00069,0
27.01,0.00098,0.00083,0.00068,0.00071,0.00037,0.00071,0.00072,0.0,0.0,0.00027,0.0,0.00096,0.00071,0.00102,0.00061,,0.0,0.0,0.00038,0.00117,0.0,0.00096,0.0004,0.00038,0.00013,0.00104,0.00071,0
28.01,0.00099,0.00083,0.00068,0.00073,0.00039,0.00072,0.00073,0.0,0.0,0.00028,0.0,0.00097,0.00071,0.00103,0.00061,,0.0,0.0,0.00041,0.00119,0.0,0.00098,0.0004,0.0004,0.00013,0.00105,0.00073,0
29.01,0.001,0.00084,0.00069,0.00075,0.0004,0.00072,0.00073,0.0,0.0,0.0003,0.0,0.00097,0.00071,0.00105,0.0006,,0.0,0.0,0.00043,0.00121,0.0,0.00099,0.00039,0.00042,0.00013,0.00106,0.00075,0
30.01,0.00101,0.00084,0.00069,0.00076,0.00042,0.00073,0.00074,0.0,0.0,0.00031,0.0,0.00098,0.00071,0.00106,0.0006,,0.0,0.0,0.00045,0.00123,0.0,0.00101,0.00039,0.00044,0.00013,0.00107,0.00076,0
31.01,0.00102,0.00085,0.0007,0.00078,0.00043,0.00074,0.00075,0.0,0.0,0.00032,0.0,0.00098,0.00071,0.00107,0.0006,,0.0,0.0,0.00048,0.00124,0.0,0.00102,0.00039,0.00045,0.00013,0.00107,0.00078,0
32.01,0.00103,0.00086,0.00071,0.0008,0.00045,0.00074,0.00076,0.0,0.0,0.00034,0.0,0.00099,0.00072,0.00109,0.0006,,0.0,0.0,0.0005,0.00126,0.0,0.00103,0.00039,0.00047,0.00013,0.00108,0.0008,0
33.01,0.00105,0.00087,0.00071,0.00081,0.00046,0.00075,0.00077,0.0,0.0,0.00035,0.0,0.00099,0.00072,0.0011,0.0006,,0.0,0.0,0.00053,0.00127,0.0,0.00105,0.00039,0.00048,0.00013,0.00109,0.00081,0
34.01,0.00107,0.00088,0.00072,0.00083,0.00047,0.00075,0.00078,0.0,0.0,0.00037,0.0,0.001,0.00072,0.00111,0.0006,,0.0,0.0,0.00055,0.00129,0.0,0.00106,0.00038,0.0005,0.00013,0.0011,0.00083,0
35.01,0.00108,0.00089,0.00072,0.00084,0.00048,0.00075,0.00079,0.0,0.0,0.00038,0.0,0.00101,0.00072,0.00112,0.0006,,0.0,0.0,0.00057,0.0013,0.0,0.00107,0.00038,0.00051,0.00012,0.00111,0.00084,0
36.01,0.0011,0.00091,0.00073,0.00086,0.00049,0.00076,0.0008,0.0,0.0,0.0004,0.0,0.00102,0.00072,0.00114,0.0006,,0.0,0.0,0.00058,0.00132,0.0,0.00108,0.00038,0.00052,0.00012,0.00112,0.00086,0
37.01,0.00112,0.00092,0.00073,0.00087,0.00049,0.00076,0.00081,0.0,0.0,0.00042,0.0,0.00103,0.00072,0.00115,0.0006,,0.0,0.0,0.0006,0.00134,0.0,0.00109,0.00037,0.00053,0.00012,0.00113,0.00087,0
38.01,0.00115,0.00094,0.00074,0.00089,0.0005,0.00076,0.00083,0.0,0.0,0.00044,0.0,0.00104,0.00072,0.00117,0.0006,,0.0,0.0,0.00061,0.00135,0.0,0.0011,0.00037,0.00053,0.00012,0.00113,0.00089,0
39.01,0.00118,0.00097,0.00074,0.0009,0.0005,0.00076,0.00084,0.0,0.0,0.00046,0.0,0.00105,0.00072,0.00119,0.00061,,0.0,0.0,0.00061,0.00137,0.0,0.00111,0.00036,0.00054,0.00012,0.00114,0.0009,0
40.01,0.00121,0.00099,0.00074,0.0009,0.0005,0.00076,0.00085,0.0,0.0,0.00048,0.0,0.00106,0.00072,0.00121,0.00061,,0.0,0.0,0.00061,0.00139,0.0,0.00111,0.00036,0.00054,0.00012,0.00115,0.0009,0
41.01,0.00123,0.00101,0.00075,0.00091,0.0005,0.00076,0.00086,0.0,0.0,0.00051,0.0,0.00107,0.00072,0.00123,0.00061,,0.0,0.0,0.00061,0.00141,0.0,0.00112,0.00035,0.00055,0.00012,0.00115,0.00091,0
42.01,0.00124,0.00102,0.00075,0.00091,0.0005,0.00076,0.00086,0.0,0.0,0.00053,0.0,0.00107,0.00072,0.00124,0.00062,,0.0,0.0,0.0006,0.00142,0.0,0.00113,0.00035,0.00055,0.00012,0.00116,0.00091,0
43.01,0.00124,0.00101,0.00075,0.00091,0.0005,0.00076,0.00086,0.0,0.0,0.00055,0.0,0.00107,0.00073,0.00124,0.00062,,0.0,0.0,0.0006,0.00144,0.0,0.00114,0.00034,0.00055,0.00011,0.00116,0.00091,0
44.01,0.00123,0.00101,0.00075,0.0009,0.0005,0.00076,0.00086,0.0,0.0,0.00057,0.0,0.00107,0.00073,0.00124,0.00061,,0.0,0.0,0.00059,0.00145,0.0,0.00114,0.00034,0.00055,0.00011,0.00116,0.0009,0
45.01,0.00123,0.001,0.00075,0.0009,0.0005,0.00076,0.00086,0.0,0.0,0.00059,0.0,0.00107,0.00073,0.00124,0.00061,,0.0,0.0,0.00058,0.00146,0.0,0.00115,0.00033,0.00055,0.00011,0.00116,0.0009,0
46.01,0.00123,0.001,0.00075,0.0009,0.0005,0.00076,0.00086,0.0,0.0,0.0006,0.0,0.00107,0.00073,0.00125,0.00061,,0.0,0.0,0.00058,0.00147,0.0,0.00115,0.00033,0.00055,0.00011,0.00117,0.0009,0
47.01,0.00123,0.001,0.00075,0.00089,0.00049,0.00076,0.00086,0.0,0.0,0.00062,0.0,0.00107,0.00073,0.00125,0.0006,,0.0,0.0,0.00057,0.00148,0.0,0.00116,0.00032,0.00055,0.0001,0.00117,0.00089,0
48.01,0.00123,0.001,0.00075,0.00089,0.00049,0.00075,0.00086,0.0,0.0,0.00063,0.0,0.00107,0.00073,0.00125,0.0006,,0.0,,0.00056,0.00149,0.0,0.00116,0.00032,0.00055,0.0001,0.00117,0.00089,0
49.01,0.00124,0.00101,0.00075,0.00089,0.00049,0.00075,0.00087,0.0,0.0,0.00064,0.0,0.00107,0.00074,0.00125,0.0006,,0.0,,0.00056,0.0015,0.0,0.00117,0.00031,0.00055,0.0001,0.00117,0.00089,0
50.01,0.00124,0.00101,0.00075,0.00089,0.00049,0.00075,0.00087,0.0,0.0,0.00065,0.0,0.00108,0.00074,0.00125,0.00059,,0.0,,0.00055,0.00151,0.0,0.00117,0.0003,0.00055,0.0001,0.00118,0.00089,0
51.01,0.00125,0.00102,0.00075,0.00089,0.00049,0.00075,0.00087,0.0,0.0,0.00066,0.0,0.00108,0.00074,0.00126,0.00059,,0.0,,0.00055,0.00152,0.0,0.00117,0.0003,0.00055,9e-05,0.00118,0.00089,0
52.01,0.00126,0.00103,0.00075,0.00089,0.00049,0.00075,0.00088,0.0,0.0,0.00067,0.0,0.00108,0.00074,0.00127,0.00059,,0.0,,0.00054,0.00153,0.0,0.00118,0.00029,0.00055,9e-05,0.00118,0.00089,0
53.01,0.00127,0.00103,0.00075,0.00089,0.00049,0.00074,0.00088,0.0,0.0,0.00068,0.0,0.00109,0.00075,0.00128,0.00059,,0.0,,0.00054,0.00154,0.0,0.00118,0.00029,0.00055,9e-05,0.00118,0.00089,0
54.01,0.00128,0.00104,0.00075,0.00089,0.00049,0.00074,0.00089,0.0,0.0,0.00069,0.0,0.0011,0.00075,0.00129,0.00059,,0.0,,0.00053,0.00155,0.0,0.00118,0.00028,0.00056,9e-05,0.00119,0.00089,0
55.01,0.0013,0.00106,0.00075,0.00089,0.00049,0.00074,0.0009,0.0,0.0,0.0007,0.0,0.0011,0.00075,0.0013,0.00059,,0.0,,0.00053,0.00156,0.0,0.00118,0.00027,0.00056,9e-05,0.00119,0.00089,0
56.01,0.00131,0.00107,0.00075,0.00089,0.00048,0.00074,0.0009,0.0,0.0,0.0007,0.0,0.00111,0.00076,0.00132,0.00059,,0.0,,0.00052,0.00157,0.0,0.00119,0.00027,0.00056,8e-05,0.00119,0.00089,0
57.01,0.00133,0.00109,0.00074,0.00089,0.00048,0.00073,0.0009,0.0,0.0,0.00071,0.0,0.00111,0.00076,0.00134,0.00059,,0.0,,0.00052,0.00158,0.0,0.00119,0.00026,0.00056,8e-05,0.00119,0.00089,0
58.01,0.00134,0.00109,0.00074,0.00088,0.00048,0.00073,0.0009,0.0,0.0,0.00071,0.0,0.00112,0.00076,0.00135,0.00059,,0.0,,0.00051,0.00159,0.0,0.00119,0.00026,0.00056,8e-05,0.00119,0.00088,0
59.01,0.00134,0.00109,0.00074,0.00088,0.00048,0.00073,0.0009,0.0,0.0,0.00071,0.0,0.00112,0.00076,0.00135,0.00059,,0.0,,0.00051,0.0016,0.0,0.00119,0.00025,0.00056,8e-05,0.00119,0.00088,0
60.01,0.00133,0.00108,0.00074,0.00087,0.00048,0.00073,0.0009,0.0,0.0,0.00072,0.0,0.00112,0.00076,0.00135,0.00059,,0.0,,0.0005,0.00161,0.0,0.00119,0.00024,0.00056,8e-05,0.00119,0.00087,0
61.01,0.00132,0.00107,0.00074,0.00087,0.00048,0.00072,0.00089,0.0,0.0,0.00072,0.0,0.00112,0.00077,0.00135,0.00058,,0.0,,0.0005,0.00162,0.0,0.00119,0.00024,0.00056,7e-05,0.00119,0.00087,0
62.01,0.00131,0.00107,0.00074,0.00086,0.00048,0.00072,0.00089,0.0,0.0,0.00072,0.0,0.00112,0.00077,0.00134,0.00058,,0.0,,0.0005,0.00162,0.0,0.00119,0.00023,0.00056,7e-05,0.00119,0.00086,0
63.01,0.00131,0.00106,0.00074,0.00086,0.00048,0.00072,0.00088,0.0,0.0,0.00072,0.0,0.00111,0.00077,0.00134,0.00057,,0.0,,0.0005,0.00163,0.0,0.00119,0.00023,0.00057,7e-05,0.00119,0.00086,0
64.01,0.0013,0.00106,0.00074,0.00085,0.00048,0.00071,0.00088,0.0,0.0,0.00072,0.0,0.00112,0.00077,0.00134,0.00057,,0.0,,0.00049,0.00163,0.0,0.00119,0.00022,0.00057,7e-05,0.00119,0.00085,0
65.01,0.0013,0.00106,0.00074,0.00085,0.00048,0.00071,0.00088,0.0,0.0,0.00072,0.0,0.00112,0.00078,0.00134,0.00057,,0.0,,0.00049,0.00164,0.0,0.00119,0.00022,0.00057,7e-05,0.00119,0.00085,0
66.01,0.0013,0.00106,0.00074,0.00084,0.00048,0.00071,0.00088,0.0,0.0,0.00072,0.0,0.00112,0.00078,0.00134,0.00056,,0.0,,0.00049,0.00164,0.0,0.00119,0.00021,0.00057,6e-05,0.00119,0.00084,0
67.01,0.0013,0.00106,0.00074,0.00084,0.00048,0.00071,0.00088,0.0,0.0,0.00073,0.0,0.00112,0.00078,0.00134,0.00056,,0.0,,0.00049,0.00165,0.0,0.00119,0.00021,0.00057,6e-05,0.00119,0.00084,0
68.01,0.0013,0.00106,0.00073,0.00083,0.00049,0.0007,0.00088,0.0,0.0,0.00073,0.0,0.00112,0.00079,0.00134,0.00055,,0.0,,0.00049,0.00165,0.0,0.00119,0.0002,0.00057,6e-05,0.00119,0.00083,0
69.01,0.00131,0.00106,0.00073,0.00083,0.00049,0.0007,0.00088,0.0,0.0,0.00073,0.0,0.00113,0.00079,0.00134,0.00055,,0.0,,0.00049,0.00166,0.0,0.00119,0.00019,0.00057,6e-05,0.00119,0.00083,0
70.01,0.00131,0.00107,0.00073,0.00083,0.00049,0.0007,0.00088,0.0,0.0,0.00073,0.0,0.00113,0.00079,0.00135,0.00055,,0.0,,0.00049,0.00166,0.0,0.00119,0.00019,0.00058,6e-05,0.00119,0.00083,0
71.01,0.00132,0.00108,0.00073,0.00083,0.00049,0.0007,0.00088,0.0,0.0,0.00073,0.0,0.00114,0.0008,0.00135,0.00054,,0.0,,0.00049,0.00167,0.0,0.00119,0.00018,0.00058,6e-05,0.00119,0.00083,0
72.01,0.00133,0.00108,0.00073,0.00082,0.00049,0.0007,0.00089,0.0,,0.00073,,0.00114,0.0008,0.00136,0.00054,,0.0,,0.00049,0.00168,,0.00118,0.00018,0.00058,5e-05,0.00119,0.00082,0
73.01,0.00134,0.00109,0.00073,0.00082,0.00049,0.00069,0.00089,0.0,,0.00073,,0.00115,0.0008,0.00137,0.00054,,0.0,,0.00049,0.00169,,0.00118,0.00017,0.00058,5e-05,0.00119,0.00082,0
74.01,0.00135,0.0011,0.00073,0.00082,0.00049,0.00069,0.00089,0.0,,0.00073,,0.00115,0.0008,0.00138,0.00054,,0.0,,0.00049,0.0017,,0.00118,0.00017,0.00058,5e-05,0.00119,0.00082,0
75.01,0.00135,0.0011,0.00073,0.00082,0.00049,0.00069,0.00089,0.0,,0.00073,,0.00116,0.00081,0.00138,0.00053,,0.0,,0.00049,0.0017,,0.00118,0.00017,0.00058,5e-05,0.00119,0.00082,0
76.01,0.00134,0.00109,0.00073,0.00081,0.00049,0.00069,0.00088,0.0,,0.00072,,0.00116,0.00081,0.00137,0.00053,,0.0,,0.00049,0.00171,,0.00118,0.00016,0.00058,5e-05,0.00119,0.00081,0
77.01,0.00133,0.00108,0.00073,0.00081,0.00049,0.00068,0.00088,0.0,,0.00071,,0.00116,0.00081,0.00137,0.00053,,0.0,,0.00049,0.00172,,0.00118,0.00016,0.00058,5e-05,0.00119,0.00081,0
78.01,0.00132,0.00107,0.00073,0.0008,0.00049,0.00068,0.00087,0.0,,0.0007,,0.00115,0.00081,0.00136,0.00052,,0.0,,0.00049,0.00172,,0.00118,0.00015,0.00058,5e-05,0.00118,0.0008,0
79.01,0.00131,0.00107,0.00073,0.0008,0.0005,0.00068,0.00087,0.0,,0.00069,,0.00115,0.00081,0.00135,0.00052,,0.0,,0.0005,0.00172,,0.00117,0.00015,0.00058,4e-05,0.00118,0.0008,0
80.01,0.0013,0.00106,0.00073,0.0008,0.0005,0.00068,0.00087,0.0,,0.00069,,0.00115,0.00082,0.00134,0.00051,,0.0,,0.0005,0.00173,,0.00117,0.00014,0.00058,4e-05,0.00118,0.0008,0
81.01,0.0013,0.00106,0.00073,0.0008,0.0005,0.00068,0.00087,0.0,,0.00068,,0.00116,0.00082,0.00133,0.00051,,0.0,,0.0005,0.00173,,0.00117,0.00014,0.00058,4e-05,0.00118,0.0008,0
82.01,0.00129,0.00106,0.00073,0.00079,0.0005,0.00067,0.00086,0.0,,0.00067,,0.00116,0.00082,0.00132,0.0005,,0.0,,0.0005,0.00173,,0.00117,0.00014,0.00058,4e-05,0.00118,0.00079,0
83.01,0.00129,0.00105,0.00073,0.00079,0.0005,0.00067,0.00086,0.0,,0.00067,,0.00116,0.00082,0.00131,0.00049,,0.0,,0.0005,0.00173,,0.00117,0.00013,0.00058,4e-05,0.00118,0.00079,0
84.01,0.00129,0.00105,0.00073,0.00079,0.0005,0.00067,0.00086,0.0,,0.00066,,0.00116,0.00083,0.00131,0.00049,,0.0,,0.0005,0.00173,,0.00116,0.00013,0.00058,4e-05,0.00118,0.00079,0
85.01,0.00129,0.00105,0.00073,0.00079,0.0005,0.00067,0.00086,0.0,,0.00066,,0.00116,0.00083,0.0013,0.00048,,0.0,,0.0005,0.00174,,0.00116,0.00013,0.00058,4e-05,0.00118,0.00079,0
86.01,0.00129,0.00106,0.00073,0.00079,0.0005,0.00067,0.00086,0.0,,0.00066,,0.00117,0.00083,0.0013,0.00048,,0.0,,0.0005,0.00174,,0.00116,0.00012,0.00059,4e-05,0.00118,0.00079,0
87.01,0.00129,0.00106,0.00072,0.00078,0.0005,0.00066,0.00087,0.0,,0.00065,,0.00117,0.00083,0.0013,0.00047,,0.0,,0.0005,0.00174,,0.00116,0.00012,0.00059,4e-05,0.00118,0.00078,0
88.01,0.0013,0.00106,0.00072,0.00078,0.0005,0.00066,0.00087,0.0,,0.00065,,0.00118,0.00084,0.0013,0.00047,,0.0,,0.0005,0.00175,,0.00115,0.00012,0.00059,3e-05,0.00118,0.00078,0
89.01,0.0013,0.00107,0.00072,0.00078,0.00051,0.00066,0.00087,0.0,,0.00065,,0.00118,0.00084,0.0013,0.00046,,0.0,,0.0005,0.00175,,0.00115,0.00011,0.00059,3e-05,0.00118,0.00078,0
90.01,0.00131,0.00107,0.00072,0.00078,0.00051,0.00066,0.00087,0.0,,0.00065,,0.00119,0.00084,0.0013,0.00046,,0.0,,0.0005,0.00176,,0.00115,0.00011,0.00059,3e-05,0.00118,0.00078,0
91.01,0.00131,0.00107,0.00072,0.00078,0.00051,0.00066,0.00087,0.0,,0.00064,,0.00119,0.00084,0.0013,0.00046,,0.0,,0.0005,0.00176,,0.00115,0.00011,0.00059,3e-05,0.00118,0.00078,0
92.01,0.00131,0.00107,0.00072,0.00078,0.00051,0.00065,0.00087,0.0,,0.00064,,0.0012,0.00084,0.0013,0.00045,,,,0.0005,0.00177,,0.00114,0.0001,0.00059,3e-05,0.00118,0.00078,0
93.01,0.0013,0.00106,0.00072,0.00078,0.00051,0.00065,0.00086,0.0,,0.00063,,0.0012,0.00084,0.00129,0.00045,,,,0.0005,0.00177,,0.00114,0.0001,0.00059,3e-05,0.00118,0.00078,0
94.01,0.00129,0.00106,0.00072,0.00078,0.00051,0.00065,0.00086,0.0,,0.00062,,0.0012,0.00084,0.00128,0.00044,,,,0.0005,0.00177,,0.00114,0.0001,0.00059,3e-05,0.00117,0.00078,0
95.01,0.00128,0.00105,0.00072,0.00078,0.00051,0.00065,0.00086,0.0,,0.00062,,0.0012,0.00085,0.00127,0.00044,,,,0.0005,0.00177,,0.00113,9e-05,0.00059,3e-05,0.00117,0.00078,0
96.01,0.00127,0.00104,0.00072,0.00078,0.00051,0.00065,0.00086,0.0,,0.00061,,0.0012,0.00085,0.00126,0.00043,,,,0.0005,0.00177,,0.00113,9e-05,0.00059,3e-05,0.00117,0.00078,0
97.01,0.00126,0.00104,0.00072,0.00077,0.00051,0.00064,0.00086,0.0,,0.00061,,0.0012,0.00085,0.00125,0.00042,,,,0.0005,0.00177,,0.00113,9e-05,0.00059,3e-05,0.00117,0.00077,0
98.01,0.00126,0.00104,0.00072,0.00077,0.00051,0.00064,0.00086,0.0,,0.0006,,0.0012,0.00085,0.00124,0.00042,,,,0.0005,0.00177,,0.00113,9e-05,0.00059,3e-05,0.00117,0.00077,0
99.01,0.00125,0.00104,0.00072,0.00077,0.00051,0.00064,0.00086,0.0,,0.0006,,0.0012,0.00085,0.00123,0.00041,,,,0.0005,0.00177,,0.00112,8e-05,0.00059,3e-05,0.00117,0.00077,0
100.01,0.00125,0.00103,0.00072,0.00077,0.00051,0.00064,0.00086,0.0,,0.0006,,0.00121,0.00085,0.00122,0.00041,,,,0.0005,0.00177,,0.00112,8e-05,0.0006,3e-05,0.00117,0.00077,0
101.01,0.00125,0.00103,0.00072,0.00077,0.00051,0.00063,0.00086,0.0,,0.00059,,0.00121,0.00086,0.00121,0.0004,,,,0.00051,0.00177,,0.00112,8e-05,0.0006,2e-05,0.00117,0.00077,0
102.01,0.00125,0.00103,0.00072,0.00077,0.00051,0.00063,0.00086,0.0,,0.00059,,0.00121,0.00086,0.00121,0.00039,,,,0.00051,0.00177,,0.00111,8e-05,0.0006,2e-05,0.00117,0.00077,0
103.01,0.00125,0.00104,0.00072,0.00077,0.00051,0.00063,0.00086,0.0,,0.00059,,0.00122,0.00086,0.0012,0.00039,,,,0.00051,0.00177,,0.00111,8e-05,0.0006,2e-05,0.00117,0.00077,0
104.01,0.00125,0.00104,0.00072,0.00077,0.00051,0.00063,0.00086,0.0,,0.00059,,0.00122,0.00086,0.0012,0.00038,,,,0.00051,0.00177,,0.00111,7e-05,0.0006,2e-05,0.00117,0.00077,0
105.01,0.00125,0.00104,0.00072,0.00077,0.00051,0.00063,0.00086,0.0,,0.00059,,0.00122,0.00086,0.0012,0.00038,,,,0.00051,0.00177,,0.0011,7e-05,0.0006,2e-05,0.00117,0.00077,0
106.01,0.00125,0.00104,0.00072,0.00077,0.00051,0.00063,0.00086,0.0,,0.00059,,0.00123,0.00086,0.0012,0.00037,,,,0.00051,0.00178,,0.0011,7e-05,0.0006,2e-05,0.00117,0.00077,0
107.01,0.00126,0.00105,0.00072,0.00077,0.00051,0.00062,0.00086,0.0,,0.00059,,0.00123,0.00086,0.0012,0.00037,,,,0.00051,0.00178,,0.0011,7e-05,0.0006,2e-05,0.00117,0.00077,0
108.01,0.00126,0.00105,0.00072,0.00077,0.00051,0.00062,0.00086,0.0,,0.00059,,0.00124,0.00087,0.0012,0.00036,,,,0.00051,0.00178,,0.00109,6e-05,0.0006,2e-05,0.00117,0.00077,0
109.01,0.00125,0.00104,0.00072,0.00077,0.00051,0.00062,0.00086,0.0,,0.00058,,0.00124,0.00087,0.0012,0.00036,,,,0.00051,0.00179,,0.00109,6e-05,0.00061,2e-05,0.00117,0.00077,0
110.01,0.00125,0.00104,0.00072,0.00077,0.00051,0.00062,0.00086,0.0,,0.00058,,0.00124,0.00087,0.00119,0.00035,,,,0.00051,0.00179,,0.00108,6e-05,0.00061,2e-05,0.00117,0.00077,0
111.01,0.00124,0.00103,0.00072,0.00077,0.00051,0.00061,0.00085,0.0,,0.00057,,0.00124,0.00087,0.00119,0.00035,,,,0.00051,0.00179,,0.00108,6e-05,0.00061,2e-05,0.00116,0.00077,0
112.01,0.00123,0.00103,0.00072,0.00077,0.00051,0.00061,0.00085,,,0.00057,,0.00124,0.00087,0.00118,0.00034,,,,0.00051,0.00178,,0.00108,6e-05,0.00061,2e-05,0.00116,0.00077,0
113.01,0.00122,0.00103,0.00072,0.00077,0.00051,0.00061,0.00085,,,0.00056,,0.00124,0.00087,0.00117,0.00033,,,,0.00051,0.00178,,0.00107,6e-05,0.00061,2e-05,0.00116,0.00077,0
114.01,0.00122,0.00102,0.00072,0.00077,0.00051,0.00061,0.00085,,,0.00056,,0.00124,0.00087,0.00116,0.00033,,,,0.00051,0.00178,,0.00107,5e-05,0.00061,2e-05,0.00116,0.00077,0
115.01,0.00122,0.00102,0.00072,0.00077,0.00051,0.00061,0.00085,,,0.00055,,0.00124,0.00087,0.00115,0.00032,,,,0.00051,0.00178,,0.00107,5e-05,0.00061,2e-05,0.00116,0.00077,0
116.01,0.00121,0.00102,0.00072,0.00077,0.00051,0.00061,0.00085,,,0.00055,,0.00124,0.00087,0.00114,0.00032,,,,0.00051,0.00178,,0.00106,5e-05,0.00061,2e-05,0.00116,0.00077,0
117.01,0.00121,0.00102,0.00072,0.00077,0.00051,0.0006,0.00085,,,0.00055,,0.00124,0.00088,0.00114,0.00031,,,,0.00051,0.00178,,0.00106,5e-05,0.00061,2e-05,0.00116,0.00077,0
118.01,0.00121,0.00102,0.00072,0.00076,0.00051,0.0006,0.00085,,,0.00054,,0.00125,0.00088,0.00113,0.0003,,,,0.00051,0.00178,,0.00105,5e-05,0.00061,2e-05,0.00116,0.00076,0
119.01,0.00121,0.00102,0.00072,0.00076,0.00051,0.0006,0.00085,,,0.00054,,0.00125,0.00088,0.00113,0.0003,,,,0.00051,0.00177,,0.00105,5e-05,0.00061,1e-05,0.00116,0.00076,0
120.01,0.00121,0.00102,0.00072,0.00076,0.00051,0.0006,0.00085,,,0.00054,,0.00125,0.00088,0.00113,0.00029,,,,0.00051,0.00177,,0.00105,5e-05,0.00061,1e-05,0.00116,0.00076,0
121.01,0.00121,0.00102,0.00072,0.00076,0.00051,0.0006,0.00085,,,0.00054,,0.00126,0.00088,0.00112,0.00029,,,,0.00051,0.00177,,0.00104,4e-05,0.00061,1e-05,0.00116,0.00076,0
122.01,0.00121,0.00103,0.00072,0.00076,0.00051,0.0006,0.00085,,,0.00054,,0.00126,0.00088,0.00112,0.00028,,,,0.00051,0.00177,,0.00104,4e-05,0.00061,1e-05,0.00116,0.00076,0
123.01,0.00122,0.00103,0.00072,0.00076,0.00051,0.0006,0.00085,,,0.00053,,0.00126,0.00088,0.00112,0.00028,,,,0.00051,0.00177,,0.00103,4e-05,0.00062,1e-05,0.00116,0.00076,0
124.01,0.00122,0.00103,0.00072,0.00076,0.00051,0.00059,0.00085,,,0.00053,,0.00126,0.00088,0.00112,0.00027,,,,0.00051,0.00177,,0.00103,4e-05,0.00062,1e-05,0.00116,0.00076,0
125.01,0.00122,0.00103,0.00072,0.00076,0.00051,0.00059,0.00085,,,0.00053,,0.00127,0.00088,0.00112,0.00027,,,,0.00051,0.00178,,0.00102,4e-05,0.00062,1e-05,0.00116,0.00076,0
126.01,0.00122,0.00103,0.00072,0.00076,0.00051,0.00059,0.00085,,,0.00052,,0.00127,0.00088,0.00112,0.00026,,,,0.00051,0.00178,,0.00102,4e-05,0.00062,1e-05,0.00116,0.00076,0
127.01,0.00121,0.00102,0.00072,0.00076,0.00051,0.00059,0.00085,,,0.00051,,0.00127,0.00088,0.00111,0.00026,,,,0.00051,0.00178,,0.00101,4e-05,0.00062,1e-05,0.00115,0.00076,0
128.01,0.0012,0.00102,0.00072,0.00076,0.00051,0.00059,0.00085,,,0.00051,,0.00127,0.00088,0.00111,0.00025,,,,0.00051,0.00177,,0.00101,4e-05,0.00062,1e-05,0.00115,0.00076,0
129.01,0.0012,0.00102,0.00072,0.00076,0.00051,0.00059,0.00085,,,0.0005,,0.00127,0.00088,0.0011,0.00024,,,,0.00051,0.00177,,0.00101,3e-05,0.00061,1e-05,0.00115,0.00076,0
130.01,0.00119,0.00101,0.00072,0.00076,0.00051,0.00059,0.00085,,,0.0005,,0.00127,0.00088,0.00109,0.00024,,,,0.00051,0.00177,,0.001,3e-05,0.00062,1e-05,0.00115,0.00076,0
131.01,0.00119,0.00101,0.00072,0.00076,0.00051,0.00058,0.00085,,,0.00049,,0.00127,0.00088,0.00108,0.00023,,,,0.00051,0.00177,,0.001,3e-05,0.00062,1e-05,0.00115,0.00076,0
132.01,0.00119,0.00101,0.00072,0.00076,0.00051,0.00058,0.00085,,,0.00049,,0.00127,0.00089,0.00107,0.00023,,,,0.00051,0.00176,,0.00099,3e-05,0.00062,1e-05,0.00115,0.00076,0
133.01,0.00119,0.00101,0.00072,0.00076,0.00051,0.00058,0.00085,,,0.00048,,0.00127,0.00089,0.00107,0.00022,,,,0.00051,0.00176,,0.00099,3e-05,0.00062,1e-05,0.00115,0.00076,0
134.01,0.00119,0.00101,0.00072,0.00076,0.00051,0.00058,0.00085,,,0.00048,,0.00127,0.00089,0.00106,0.00022,,,,0.00051,0.00176,,0.00098,3e-05,0.00062,1e-05,0.00115,0.00076,0
135.01,0.00119,0.00101,0.00072,0.00076,0.00051,0.00058,0.00085,,,0.00048,,0.00127,0.00089,0.00105,0.00021,,,,0.00051,0.00175,,0.00098,3e-05,0.00062,1e-05,0.00115,0.00076,0
136.01,0.00119,0.00101,0.00072,0.00076,0.00051,0.00058,0.00085,,,0.00047,,0.00127,0.00089,0.00105,0.00021,,,,0.00051,0.00175,,0.00097,3e-05,0.00062,1e-05,0.00115,0.00076,0
137.01,0.00119,0.00101,0.00072,0.00076,0.00051,0.00058,0.00085,,,0.00047,,0.00127,0.00089,0.00104,0.0002,,,,0.00052,0.00175,,0.00097,3e-05,0.00062,1e-05,0.00115,0.00076,0
138.01,0.00119,0.00102,0.00072,0.00076,0.00051,0.00058,0.00085,,,0.00047,,0.00128,0.00089,0.00104,0.0002,,,,0.00052,0.00175,,0.00096,3e-05,0.00062,1e-05,0.00115,0.00076,0
139.01,0.00119,0.00102,0.00072,0.00076,0.00051,0.00058,0.00085,,,0.00046,,0.00128,0.00089,0.00104,0.00019,,,,0.00052,0.00175,,0.00096,2e-05,0.00062,1e-05,0.00115,0.00076,0
140.01,0.00119,0.00102,0.00071,0.00076,0.00051,0.00058,0.00085,,,0.00046,,0.00128,0.00089,0.00104,0.00019,,,,0.00052,0.00175,,0.00096,2e-05,0.00062,1e-05,0.00115,0.00076,0
141.01,0.0012,0.00102,0.00071,0.00076,0.00051,0.00058,0.00085,,,0.00046,,0.00128,0.00089,0.00104,0.00018,,,,0.00052,0.00175,,0.00095,2e-05,0.00062,1e-05,0.00114,0.00076,0
142.01,0.0012,0.00102,0.00071,0.00076,0.00051,0.00058,0.00085,,,0.00045,,0.00128,0.00089,0.00103,0.00018,,,,0.00052,0.00175,,0.00095,2e-05,0.00062,1e-05,0.00114,0.00076,0
143.01,0.00119,0.00102,0.00071,0.00076,0.00051,0.00058,0.00085,,,0.00045,,0.00128,0.00089,0.00103,0.00018,,,,0.00052,0.00174,,0.00094,2e-05,0.00062,1e-05,0.00114,0.00076,0
144.01,0.00119,0.00102,0.00071,0.00076,0.00051,0.00057,0.00085,,,0.00044,,0.00128,0.00089,0.00102,0.00017,,,,0.00052,0.00174,,0.00094,2e-05,0.00062,1e-05,0.00114,0.00076,0
145.01,0.00118,0.00101,0.00071,0.00076,0.00051,0.00057,0.00085,,,0.00044,,0.00128,0.00089,0.00101,0.00017,,,,0.00052,0.00174,,0.00093,2e-05,0.00062,1e-05,0.00114,0.00076,0
146.01,0.00118,0.00101,0.00071,0.00076,0.00051,0.00057,0.00085,,,0.00043,,0.00128,0.00089,0.00101,0.00016,,,,0.00052,0.00174,,0.00093,2e-05,0.00062,1e-05,0.00114,0.00076,0
147.01,0.00118,0.00101,0.00071,0.00076,0.00051,0.00057,0.00085,,,0.00043,,0.00128,0.00089,0.001,0.00016,,,,0.00052,0.00173,,0.00092,2e-05,0.00062,1e-05,0.00114,0.00076,0
148.01,0.00118,0.00101,0.00071,0.00076,0.00051,0.00057,0.00085,,,0.00043,,0.00128,0.00089,0.00099,0.00015,,,,0.00052,0.00173,,0.00092,2e-05,0.00062,1e-05,0.00114,0.00076,0
149.01,0.00118,0.00101,0.00071,0.00076,0.00051,0.00057,0.00085,,,0.00042,,0.00128,0.00089,0.00098,0.00015,,,,0.00052,0.00173,,0.00091,2e-05,0.00062,1e-05,0.00114,0.00076,0
150.01,0.00117,0.00101,0.00071,0.00076,0.00051,0.00057,0.00085,,,0.00042,,0.00128,0.00089,0.00098,0.00015,,,,0.00052,0.00172,,0.00091,2e-05,0.00062,1e-05,0.00113,0.00076,0
151.01,0.00117,0.00101,0.00071,0.00076,0.00051,0.00057,0.00085,,,0.00042,,0.00128,0.00089,0.00097,0.00014,,,,0.00052,0.00172,,0.0009,2e-05,0.00062,1e-05,0.00113,0.00076,0
152.01,0.00117,0.00101,0.00071,0.00076,0.00051,0.00057,0.00085,,,0.00041,,0.00128,0.00089,0.00096,0.00014,,,,0.00052,0.00171,,0.0009,1e-05,0.00062,0.0,0.00113,0.00076,0
153.01,0.00118,0.00101,0.00071,0.00076,0.00051,0.00057,0.00085,,,0.00041,,0.00128,0.00089,0.00096,0.00013,,,,0.00052,0.00171,,0.00089,1e-05,0.00062,0.0,0.00113,0.00076,0
154.01,0.00118,0.00101,0.00071,0.00076,0.00051,0.00057,0.00085,,,0.00041,,0.00128,0.00089,0.00095,0.00013,,,,0.00052,0.00171,,0.00089,1e-05,0.00062,0.0,0.00113,0.00076,0
155.01,0.00118,0.00101,0.00071,0.00076,0.00051,0.00057,0.00085,,,0.00041,,0.00128,0.00089,0.00095,0.00013,,,,0.00052,0.0017,,0.00088,1e-05,0.00062,0.0,0.00113,0.00076,0
156.01,0.00118,0.00101,0.00071,0.00076,0.00051,0.00057,0.00085,,,0.00041,,0.00129,0.00089,0.00095,0.00012,,,,0.00052,0.0017,,0.00088,1e-05,0.00062,0.0,0.00113,0.00076,0
157.01,0.00118,0.00101,0.00071,0.00076,0.00051,0.00057,0.00085,,,0.0004,,0.00129,0.00089,0.00094,0.00012,,,,0.00052,0.0017,,0.00087,1e-05,0.00062,0.0,0.00113,0.00076,0
158.01,0.00118,0.00101,0.00071,0.00076,0.00051,0.00056,0.00085,,,0.0004,,0.00129,0.00089,0.00094,0.00012,,,,0.00052,0.0017,,0.00087,1e-05,0.00062,0.0,0.00113,0.00076,0
159.01,0.00118,0.00101,0.00071,0.00076,0.00051,0.00056,0.00085,,,0.0004,,0.00129,0.00089,0.00094,0.00011,,,,0.00052,0.0017,,0.00086,1e-05,0.00062,0.0,0.00113,0.00076,0
160.01,0.00118,0.00101,0.00071,0.00076,0.00051,0.00056,0.00085,,,0.0004,,0.00129,0.00089,0.00093,0.00011,,,,0.00052,0.0017,,0.00086,1e-05,0.00062,0.0,0.00113,0.00076,0
161.01,0.00118,0.00101,0.00071,0.00076,0.00051,0.00056,0.00085,,,0.00039,,0.00129,0.00089,0.00093,0.00011,,,,0.00052,0.00169,,0.00085,1e-05,0.00062,0.0,0.00113,0.00076,0
162.01,0.00117,0.00101,0.00071,0.00076,0.00051,0.00056,0.00084,,,0.00039,,0.00129,0.00089,0.00092,0.0001,,,,0.00052,0.00169,,0.00084,1e-05,0.00062,0.0,0.00112,0.00076,0
163.01,0.00117,0.00101,0.00071,0.00076,0.00051,0.00056,0.00084,,,0.00039,,0.00129,0.00089,0.00091,0.0001,,,,0.00052,0.00169,,0.00084,1e-05,0.00062,0.0,0.00112,0.00076,0
164.01,0.00117,0.001,0.00071,0.00076,0.00051,0.00056,0.00084,,,0.00038,,0.00128,0.00089,0.00091,0.0001,,,,0.00052,0.00168,,0.00083,1e-05,0.00062,0.0,0.00112,0.00076,0
165.01,0.00117,0.001,0.00071,0.00076,0.00051,0.00056,0.00084,,,0.00038,,0.00128,0.00089,0.0009,9e-05,,,,0.00052,0.00168,,0.00083,1e-05,0.00062,0.0,0.00112,0.00076,0
166.01,0.00117,0.001,0.00071,0.00076,0.00051,0.00056,0.00084,,,0.00038,,0.00128,0.00089,0.00089,9e-05,,,,0.00052,0.00167,,0.00082,1e-05,0.00062,0.0,0.00112,0.00076,0
167.01,0.00117,0.001,0.00071,0.00076,0.00051,0.00056,0.00084,,,0.00038,,0.00128,0.00089,0.00089,9e-05,,,,0.00052,0.00167,,0.00082,1e-05,0.00062,0.0,0.00112,0.00076,0
168.01,0.00117,0.001,0.00071,0.00076,0.00051,0.00056,0.00084,,,0.00038,,0.00128,0.00089,0.00088,8e-05,,,,0.00052,0.00166,,0.00081,1e-05,0.00062,0.0,0.00112,0.00076,0
169.01,0.00117,0.001,0.00071,0.00076,0.00051,0.00056,0.00084,,,0.00038,,0.00128,0.00089,0.00087,8e-05,,,,0.00052,0.00166,,0.00081,1e-05,0.00062,0.0,0.00112,0.00076,0
170.01,0.00117,0.001,0.00071,0.00075,0.00051,0.00056,0.00084,,,0.00038,,0.00128,0.00089,0.00087,8e-05,,,,0.00052,0.00166,,0.0008,1e-05,0.00062,0.0,0.00112,0.00075,0
171.01,0.00117,0.001,0.00071,0.00075,0.00051,0.00056,0.00084,,,0.00037,,0.00129,0.00089,0.00087,8e-05,,,,0.00052,0.00165,,0.0008,1e-05,0.00062,0.0,0.00112,0.00075,0
172.01,0.00117,0.00101,0.00071,0.00075,0.00051,0.00056,0.00084,,,0.00037,,0.00129,0.00089,0.00086,7e-05,,,,0.00052,0.00165,,0.00079,1e-05,0.00062,0.0,0.00111,0.00075,0
173.01,0.00117,0.00101,0.00071,0.00075,0.00051,0.00055,0.00084,,,0.00037,,0.00129,0.00089,0.00086,7e-05,,,,0.00052,0.00165,,0.00079,1e-05,0.00062,0.0,0.00111,0.00075,0
174.01,0.00117,0.00101,0.00071,0.00075,0.00051,0.00055,0.00084,,,0.00037,,0.00129,0.00089,0.00086,7e-05,,,,0.00052,0.00164,,0.00078,1e-05,0.00062,0.0,0.00111,0.00075,0
175.01,0.00117,0.00101,0.00071,0.00075,0.00051,0.00055,0.00084,,,0.00037,,0.00129,0.00089,0.00085,7e-05,,,,0.00052,0.00164,,0.00078,1e-05,0.00062,0.0,0.00111,0.00075,0
176.01,0.00117,0.00101,0.00071,0.00075,0.00051,0.00055,0.00084,,,0.00037,,0.00129,0.00089,0.00085,6e-05,,,,0.00052,0.00164,,0.00077,1e-05,0.00062,0.0,0.00111,0.00075,0
177.01,0.00117,0.00101,0.00071,0.00075,0.00051,0.00055,0.00084,,,0.00037,,0.00129,0.00088,0.00085,6e-05,,,,0.00052,0.00164,,0.00077,1e-05,0.00062,0.0,0.00111,0.00075,0
178.01,0.00117,0.001,0.00071,0.00075,0.00051,0.00055,0.00084,,,0.00036,,0.00129,0.00088,0.00084,6e-05,,,,0.00052,0.00164,,0.00076,0.0,0.00062,0.0,0.00111,0.00075,0
179.01,0.00117,0.001,0.00071,0.00075,0.00051,0.00055,0.00084,,,0.00036,,0.00129,0.00088,0.00083,6e-05,,,,0.00052,0.00163,,0.00076,0.0,0.00062,0.0,0.00111,0.00075,0
180.01,0.00117,0.001,0.00071,0.00075,0.00051,0.00055,0.00084,,,0.00036,,0.00129,0.00088,0.00083,6e-05,,,,0.00052,0.00163,,0.00075,0.0,0.00062,0.0,0.0011,0.00075,0
181.01,0.00117,0.001,0.00071,0.00075,0.00051,0.00055,0.00084,,,0.00036,,0.00128,0.00088,0.00082,5e-05,,,,0.00052,0.00162,,0.00075,0.0,0.00062,0.0,0.0011,0.00075,0
182.01,0.00116,0.001,0.00071,0.00075,0.00051,0.00055,0.00084,,,0.00036,,0.00128,0.00088,0.00082,5e-05,,,,0.00052,0.00162,,0.00074,0.0,0.00062,0.0,0.0011,0.00075,0
183.01,0.00116,0.001,0.00071,0.00075,0.00051,0.00055,0.00084,,,0.00036,,0.00128,0.00088,0.00081,5e-05,,,,0.00052,0.00161,,0.00074,0.0,0.00062,0.0,0.0011,0.00075,0
184.01,0.00116,0.001,0.0007,0.00075,0.00051,0.00055,0.00084,,,0.00036,,0.00128,0.00088,0.00081,5e-05,,,,0.00052,0.00161,,0.00073,0.0,0.00062,0.0,0.0011,0.00075,0
185.01,0.00116,0.001,0.0007,0.00075,0.00051,0.00054,0.00084,,,0.00036,,0.00128,0.00088,0.0008,5e-05,,,,0.00052,0.0016,,0.00072,0.0,0.00062,0.0,0.0011,0.00075,0
186.01,0.00116,0.001,0.0007,0.00075,0.00051,0.00054,0.00084,,,0.00036,,0.00128,0.00088,0.0008,4e-05,,,,0.00052,0.0016,,0.00072,0.0,0.00062,0.0,0.0011,0.00075,0
187.01,0.00116,0.001,0.0007,0.00075,0.00051,0.00054,0.00084,,,0.00035,,0.00128,0.00088,0.00079,4e-05,,,,0.00052,0.0016,,0.00071,0.0,0.00062,0.0,0.0011,0.00075,0
188.01,0.00117,0.001,0.0007,0.00075,0.00051,0.00054,0.00084,,,0.00035,,0.00128,0.00088,0.00079,4e-05,,,,0.00052,0.00159,,0.00071,0.0,0.00062,0.0,0.0011,0.00075,0
189.01,0.00117,0.001,0.0007,0.00075,0.00051,0.00054,0.00084,,,0.00035,,0.00128,0.00088,0.00079,4e-05,,,,0.00052,0.00159,,0.0007,0.0,0.00063,0.0,0.0011,0.00075,0
190.01,0.00117,0.001,0.0007,0.00075,0.00051,0.00054,0.00084,,,0.00035,,0.00129,0.00088,0.00078,4e-05,,,,0.00052,0.00159,,0.0007,0.0,0.00063,0.0,0.00109,0.00075,0
191.01,0.00117,0.001,0.0007,0.00075,0.00051,0.00054,0.00084,,,0.00035,,0.00129,0.00088,0.00078,4e-05,,,,0.00052,0.00158,,0.00069,0.0,0.00063,0.0,0.00109,0.00075,0
192.01,0.00117,0.001,0.0007,0.00075,0.00051,0.00054,0.00084,,,0.00035,,0.00129,0.00087,0.00078,4e-05,,,,0.00052,0.00158,,0.00069,0.0,0.00063,0.0,0.00109,0.00075,0
193.01,0.00117,0.001,0.0007,0.00075,0.00051,0.00054,0.00084,,,0.00035,,0.00129,0.00087,0.00078,3e-05,,,,0.00052,0.00158,,0.00068,0.0,0.00062,0.0,0.00109,0.00075,0
194.01,0.00117,0.001,0.0007,0.00075,0.00051,0.00054,0.00084,,,0.00035,,0.00129,0.00087,0.00077,3e-05,,,,0.00052,0.00158,,0.00068,0.0,0.00062,0.0,0.00109,0.00075,0
195.01,0.00117,0.001,0.0007,0.00075,0.00051,0.00054,0.00084,,,0.00035,,0.00128,0.00087,0.00077,3e-05,,,,0.00052,0.00157,,0.00067,0.0,0.00062,0.0,0.00109,0.00075,0
196.01,0.00116,0.001,0.0007,0.00075,0.00051,0.00053,0.00084,,,0.00035,,0.00128,0.00087,0.00076,3e-05,,,,0.00052,0.00157,,0.00067,0.0,0.00062,0.0,0.00109,0.00075,0
197.01,0.00116,0.001,0.0007,0.00075,0.00051,0.00053,0.00084,,,0.00034,,0.00128,0.00087,0.00076,3e-05,,,,0.00052,0.00157,,0.00066,0.0,0.00062,0.0,0.00108,0.00075,0
198.01,0.00116,0.001,0.0007,0.00075,0.00051,0.00053,0.00084,,,0.00034,,0.00128,0.00087,0.00076,3e-05,,,,0.00052,0.00156,,0.00066,0.0,0.00062,0.0,0.00108,0.00075,0
199.01,0.00116,0.001,0.0007,0.00075,0.00051,0.00053,0.00084,,,0.00034,,0.00128,0.00087,0.00075,3e-05,,,,0.00052,0.00156,,0.00065,0.0,0.00062,0.0,0.00108,0.00075,0
200.01,0.00116,0.001,0.0007,0.00075,0.00051,0.00053,0.00084,,,0.00034,,0.00128,0.00087,0.00075,3e-05,,,,0.00052,0.00155,,0.00065,0.0,0.00062,0.0,0.00108,0.00075,0
201.01,0.00116,0.001,0.0007,0.00075,0.00051,0.00053,0.00084,,,0.00034,,0.00128,0.00086,0.00074,2e-05,,,,0.00052,0.00155,,0.00064,0.0,0.00062,0.0,0.00108,0.00075,0
202.01,0.00116,0.001,0.0007,0.00075,0.00051,0.00053,0.00084,,,0.00034,,0.00128,0.00086,0.00074,2e-05,,,,0.00052,0.00155,,0.00064,0.0,0.00062,0.0,0.00108,0.00075,0
203.01,0.00116,0.001,0.0007,0.00075,0.00051,0.00053,0.00084,,,0.00034,,0.00128,0.00086,0.00074,2e-05,,,,0.00052,0.00154,,0.00063,0.0,0.00063,0.0,0.00108,0.00075,0
204.01,0.00116,0.001,0.0007,0.00075,0.00051,0.00053,0.00084,,,0.00034,,0.00128,0.00086,0.00074,2e-05,,,,0.00052,0.00154,,0.00063,0.0,0.00063,0.0,0.00108,0.00075,0
205.01,0.00116,0.001,0.0007,0.00075,0.00051,0.00053,0.00084,,,0.00034,,0.00128,0.00086,0.00073,2e-05,,,,0.00052,0.00153,,0.00062,0.0,0.00063,0.0,0.00107,0.00075,0
206.01,0.00116,0.001,0.0007,0.00074,0.00051,0.00053,0.00084,,,0.00034,,0.00128,0.00086,0.00073,2e-05,,,,0.00052,0.00153,,0.00062,0.0,0.00063,0.0,0.00107,0.00074,0
207.01,0.00116,0.001,0.0007,0.00074,0.00051,0.00053,0.00084,,,0.00034,,0.00128,0.00086,0.00073,2e-05,,,,0.00052,0.00153,,0.00061,0.0,0.00063,0.0,0.00107,0.00074,0
208.01,0.00116,0.001,0.0007,0.00074,0.00051,0.00052,0.00083,,,0.00034,,0.00128,0.00086,0.00073,2e-05,,,,0.00052,0.00153,,0.0006,0.0,0.00063,0.0,0.00107,0.00074,0
209.01,0.00116,0.001,0.0007,0.00074,0.00051,0.00052,0.00083,,,0.00034,,0.00128,0.00085,0.00073,2e-05,,,,0.00052,0.00153,,0.0006,0.0,0.00063,0.0,0.00107,0.00074,0
210.01,0.00116,0.001,0.0007,0.00074,0.00051,0.00052,0.00083,,,0.00033,,0.00128,0.00085,0.00073,2e-05,,,,0.00052,0.00152,,0.00059,0.0,0.00063,0.0,0.00107,0.00074,0
211.01,0.00116,0.001,0.0007,0.00074,0.00051,0.00052,0.00083,,,0.00033,,0.00128,0.00085,0.00072,2e-05,,,,0.00052,0.00152,,0.00059,0.0,0.00063,0.0,0.00107,0.00074,0
212.01,0.00116,0.001,0.0007,0.00074,0.00051,0.00052,0.00083,,,0.00033,,0.00128,0.00085,0.00072,2e-05,,,,0.00052,0.00152,,0.00058,0.0,0.00063,0.0,0.00106,0.00074,0
213.01,0.00116,0.00099,0.00069,0.00074,0.00051,0.00052,0.00083,,,0.00033,,0.00128,0.00085,0.00072,1e-05,,,,0.00052,0.00152,,0.00058,0.0,0.00063,0.0,0.00106,0.00074,0
214.01,0.00116,0.00099,0.00069,0.00074,0.00051,0.00052,0.00083,,,0.00033,,0.00128,0.00085,0.00072,1e-05,,,,0.00052,0.00151,,0.00057,0.0,0.00063,0.0,0.00106,0.00074,0
215.01,0.00116,0.00099,0.00069,0.00074,0.00051,0.00052,0.00083,,,0.00033,,0.00128,0.00085,0.00071,1e-05,,,,0.00052,0.00151,,0.00057,0.0,0.00063,0.0,0.00106,0.00074,0
216.01,0.00116,0.00099,0.00069,0.00074,0.00051,0.00052,0.00083,,,0.00033,,0.00128,0.00084,0.00071,1e-05,,,,0.00052,0.00151,,0.00056,0.0,0.00063,0.0,0.00106,0.00074,0
217.01,0.00115,0.00099,0.00069,0.00074,0.00051,0.00052,0.00083,,,0.00033,,0.00127,0.00084,0.00071,1e-05,,,,0.00052,0.0015,,0.00056,0.0,0.00063,0.0,0.00106,0.00074,0
218.01,0.00115,0.00099,0.00069,0.00074,0.00051,0.00051,0.00083,,,0.00033,,0.00127,0.00084,0.00071,1e-05,,,,0.00052,0.0015,,0.00055,0.0,0.00063,0.0,0.00106,0.00074,0
219.01,0.00115,0.00099,0.00069,0.00074,0.00051,0.00051,0.00083,,,0.00033,,0.00127,0.00084,0.00071,1e-05,,,,0.00052,0.0015,,0.00055,0.0,0.00063,0.0,0.00105,0.00074,0
220.01,0.00116,0.00099,0.00069,0.00074,0.00051,0.00051,0.00083,,,0.00033,,0.00127,0.00084,0.0007,1e-05,,,,0.00052,0.00149,,0.00054,0.0,0.00063,0.0,0.00105,0.00074,0
221.01,0.00116,0.00099,0.00069,0.00074,0.00051,0.00051,0.00083,,,0.00033,,0.00127,0.00084,0.0007,1e-05,,,,0.00052,0.00149,,0.00054,0.0,0.00063,0.0,0.00105,0.00074,0
222.01,0.00116,0.00099,0.00069,0.00074,0.00051,0.00051,0.00083,,,0.00033,,0.00127,0.00084,0.0007,1e-05,,,,0.00052,0.00149,,0.00053,0.0,0.00063,0.0,0.00105,0.00074,0
223.01,0.00116,0.00099,0.00069,0.00074,0.00051,0.00051,0.00083,,,0.00033,,0.00127,0.00083,0.0007,1e-05,,,,0.00052,0.00148,,0.00053,0.0,0.00063,0.0,0.00105,0.00074,0
224.01,0.00116,0.00099,0.00069,0.00074,0.00051,0.00051,0.00083,,,0.00032,,0.00127,0.00083,0.0007,1e-05,,,,0.00052,0.00148,,0.00052,0.0,0.00063,0.0,0.00105,0.00074,0
225.01,0.00116,0.00099,0.00069,0.00074,0.00051,0.00051,0.00083,,,0.00032,,0.00127,0.00083,0.0007,1e-05,,,,0.00052,0.00148,,0.00052,0.0,0.00063,0.0,0.00105,0.00074,0
226.01,0.00116,0.00099,0.00069,0.00074,0.00051,0.00051,0.00083,,,0.00032,,0.00127,0.00083,0.0007,1e-05,,,,0.00052,0.00148,,0.00051,0.0,0.00063,0.0,0.00105,0.00074,0
227.01,0.00116,0.00099,0.00069,0.00074,0.00051,0.00051,0.00083,,,0.00032,,0.00127,0.00083,0.0007,1e-05,,,,0.00052,0.00148,,0.00051,0.0,0.00063,0.0,0.00104,0.00074,0
228.01,0.00116,0.00099,0.00069,0.00074,0.00051,0.0005,0.00083,,,0.00032,,0.00127,0.00082,0.0007,1e-05,,,,0.00052,0.00148,,0.0005,0.0,0.00063,0.0,0.00104,0.00074,0
229.01,0.00115,0.00099,0.00069,0.00074,0.00051,0.0005,0.00083,,,0.00032,,0.00127,0.00082,0.0007,1e-05,,,,0.00051,0.00148,,0.0005,0.0,0.00063,0.0,0.00104,0.00074,0
230.01,0.00115,0.00099,0.00069,0.00074,0.00051,0.0005,0.00083,,,0.00032,,0.00127,0.00082,0.0007,1e-05,,,,0.00051,0.00147,,0.00049,0.0,0.00063,0.0,0.00104,0.00074,0
231.01,0.00115,0.00099,0.00069,0.00074,0.00051,0.0005,0.00083,,,0.00032,,0.00127,0.00082,0.0007,1e-05,,,,0.00051,0.00147,,0.00049,0.0,0.00063,0.0,0.00104,0.00074,0
232.01,0.00115,0.00099,0.00069,0.00074,0.00051,0.0005,0.00083,,,0.00032,,0.00127,0.00082,0.0007,1e-05,,,,0.00051,0.00147,,0.00048,0.0,0.00063,0.0,0.00104,0.00074,0
233.01,0.00115,0.00099,0.00069,0.00074,0.00051,0.0005,0.00083,,,0.00032,,0.00127,0.00081,0.0007,1e-05,,,,0.00051,0.00147,,0.00048,0.0,0.00063,0.0,0.00103,0.00074,0
234.01,0.00115,0.00099,0.00069,0.00074,0.00051,0.0005,0.00083,,,0.00032,,0.00127,0.00081,0.00069,1e-05,,,,0.00051,0.00146,,0.00047,0.0,0.00063,0.0,0.00103,0.00074,0
235.01,0.00115,0.00099,0.00069,0.00074,0.00051,0.0005,0.00083,,,0.00032,,0.00127,0.00081,0.00069,1e-05,,,,0.00051,0.00146,,0.00047,0.0,0.00063,0.0,0.00103,0.00074,0
236.01,0.00115,0.00099,0.00069,0.00074,0.00051,0.0005,0.00083,,,0.00032,,0.00127,0.00081,0.00069,1e-05,,,,0.00051,0.00146,,0.00046,0.0,0.00063,0.0,0.00103,0.00074,0
237.01,0.00115,0.00099,0.00069,0.00074,0.00051,0.0005,0.00083,,,0.00032,,0.00127,0.00081,0.00069,0.0,,,,0.00051,0.00146,,0.00046,0.0,0.00063,0.0,0.00103,0.00074,0
238.01,0.00115,0.00099,0.00069,0.00074,0.00051,0.00049,0.00083,,,0.00032,,0.00127,0.00081,0.00069,0.0,,,,0.00051,0.00145,,0.00045,0.0,0.00063,0.0,0.00103,0.00074,0
239.01,0.00115,0.00098,0.00069,0.00073,0.00051,0.00049,0.00083,,,0.00032,,0.00127,0.0008,0.00069,0.0,,,,0.00051,0.00145,,0.00045,0.0,0.00063,0.0,0.00103,0.00073,0
240.01,0.00115,0.00098,0.00069,0.00073,0.00051,0.00049,0.00083,,,0.00032,,0.00127,0.0008,0.00069,0.0,,,,0.00051,0.00145,,0.00044,0.0,0.00063,0.0,0.00102,0.00073,0
241.01,0.00115,0.00098,0.00069,0.00073,0.00051,0.00049,0.00083,,,0.00032,,0.00127,0.0008,0.00069,0.0,,,,0.00051,0.00145,,0.00044,0.0,0.00063,0.0,0.00102,0.00073,0
242.01,0.00115,0.00098,0.00068,0.00073,0.00051,0.00049,0.00083,,,0.00031,,0.00127,0.0008,0.00069,0.0,,,,0.00051,0.00145,,0.00043,0.0,0.00063,0.0,0.00102,0.00073,0
243.01,0.00115,0.00098,0.00068,0.00073,0.00051,0.00049,0.00083,,,0.00031,,0.00127,0.00079,0.00069,0.0,,,,0.00051,0.00145,,0.00043,0.0,0.00063,0.0,0.00102,0.00073,0
244.01,0.00115,0.00098,0.00068,0.00073,0.00051,0.00049,0.00082,,,0.00031,,0.00127,0.00079,0.00069,0.0,,,,0.00051,0.00145,,0.00042,0.0,0.00063,0.0,0.00102,0.00073,0
245.01,0.00115,0.00098,0.00068,0.00073,0.00051,0.00049,0.00082,,,0.00031,,0.00127,0.00079,0.00069,0.0,,,,0.00051,0.00145,,0.00042,0.0,0.00063,0.0,0.00102,0.00073,0
246.01,0.00115,0.00098,0.00068,0.00073,0.00051,0.00048,0.00082,,,0.00031,,0.00127,0.00079,0.00069,0.0,,,,0.00051,0.00145,,0.00041,0.0,0.00063,0.0,0.00101,0.00073,0
247.01,0.00115,0.00097,0.00068,0.00073,0.00051,0.00048,0.00082,,,0.00031,,0.00126,0.00078,0.00069,0.0,,,,0.00051,0.00145,,0.00041,0.0,0.00063,0.0,0.00101,0.00073,0
248.01,0.00115,0.00097,0.00068,0.00073,0.00051,0.00048,0.00082,,,0.00031,,0.00126,0.00078,0.00069,0.0,,,,0.00051,0.00145,,0.0004,0.0,0.00063,0.0,0.00101,0.00073,0
249.01,0.00115,0.00097,0.00068,0.00073,0.00051,0.00048,0.00082,,,0.00031,,0.00126,0.00078,0.00069,0.0,,,,0.00051,0.00145,,0.0004,0.0,0.00063,0.0,0.00101,0.00073,0
250.01,0.00115,0.00097,0.00068,0.00073,0.00051,0.00048,0.00082,,,0.00031,,0.00126,0.00078,0.00069,0.0,,,,0.00051,0.00144,,0.00039,0.0,0.00063,0.0,0.00101,0.00073,0
251.01,0.00115,0.00097,0.00068,0.00073,0.00051,0.00048,0.00082,,,0.00031,,0.00126,0.00078,0.00069,0.0,,,,0.00051,0.00144,,0.00039,0.0,0.00063,0.0,0.00101,0.00073,0
252.01,0.00115,0.00097,0.00068,0.00073,0.00051,0.00048,0.00082,,,0.00031,,0.00126,0.00077,0.00069,0.0,,,,0.00051,0.00144,,0.00038,0.0,0.00063,0.0,0.001,0.00073,0
253.01,0.00115,0.00097,0.00068,0.00073,0.00051,0.00048,0.00082,,,0.00031,,0.00126,0.00077,0.00069,0.0,,,,0.00051,0.00144,,0.00038,0.0,0.00063,0.0,0.001,0.00073,0
254.01,0.00115,0.00097,0.00068,0.00073,0.00051,0.00048,0.00082,,,0.00031,,0.00126,0.00077,0.00069,0.0,,,,0.00051,0.00144,,0.00037,0.0,0.00063,0.0,0.001,0.00073,0
255.01,0.00115,0.00097,0.00068,0.00073,0.00051,0.00048,0.00082,,,0.00031,,0.00126,0.00077,0.00069,0.0,,,,0.00051,0.00144,,0.00037,0.0,0.00063,0.0,0.001,0.00073,0
256.01,0.00115,0.00096,0.00068,0.00073,0.00051,0.00048,0.00082,,,0.00031,,0.00126,0.00076,0.00069,0.0,,,,0.00051,0.00144,,0.00036,0.0,0.00063,0.0,0.001,0.00073,0
257.01,0.00115,0.00096,0.00068,0.00073,0.00051,0.00047,0.00082,,,0.00031,,0.00126,0.00076,0.00069,0.0,,,,0.00051,0.00144,,0.00036,0.0,0.00063,0.0,0.001,0.00073,0
258.01,0.00115,0.00096,0.00068,0.00073,0.0005,0.00047,0.00082,,,0.00031,,0.00126,0.00076,0.00069,0.0,,,,0.00051,0.00144,,0.00036,0.0,0.00063,0.0,0.001,0.00073,0
259.01,0.00115,0.00096,0.00068,0.00073,0.0005,0.00047,0.00082,,,0.00031,,0.00126,0.00076,0.00069,0.0,,,,0.00051,0.00144,,0.00035,0.0,0.00063,0.0,0.00099,0.00073,0
260.01,0.00115,0.00096,0.00068,0.00073,0.0005,0.00047,0.00082,,,0.00031,,0.00126,0.00075,0.00069,0.0,,,,0.00051,0.00145,,0.00035,0.0,0.00063,0.0,0.00099,0.00073,0
261.01,0.00115,0.00096,0.00067,0.00073,0.0005,0.00047,0.00082,,,0.00031,,0.00126,0.00075,0.00069,0.0,,,,0.00051,0.00145,,0.00034,0.0,0.00063,0.0,0.00099,0.00073,0
262.01,0.00114,0.00096,0.00067,0.00073,0.0005,0.00047,0.00082,,,0.00031,,0.00126,0.00075,0.00069,0.0,,,,0.00051,0.00145,,0.00034,0.0,0.00063,0.0,0.00099,0.00073,0
263.01,0.00114,0.00096,0.00067,0.00073,0.0005,0.00047,0.00082,,,0.00031,,0.00126,0.00075,0.00069,0.0,,,,0.0005,0.00145,,0.00033,0.0,0.00063,0.0,0.00099,0.00073,0
264.01,0.00114,0.00096,0.00067,0.00072,0.0005,0.00047,0.00082,,,0.00031,,0.00126,0.00074,0.00069,0.0,,,,0.0005,0.00145,,0.00033,0.0,0.00063,0.0,0.00098,0.00072,0
265.01,0.00114,0.00096,0.00067,0.00072,0.0005,0.00046,0.00082,,,0.00031,,0.00125,0.00074,0.00069,0.0,,,,0.0005,0.00145,,0.00032,0.0,0.00063,0.0,0.00098,0.00072,0
266.01,0.00114,0.00095,0.00067,0.00072,0.0005,0.00046,0.00082,,,0.00031,,0.00125,0.00074,0.00069,0.0,,,,0.0005,0.00145,,0.00032,0.0,0.00063,0.0,0.00098,0.00072,0
267.01,0.00114,0.00095,0.00067,0.00072,0.0005,0.00046,0.00082,,,0.00031,,0.00125,0.00073,0.00069,0.0,,,,0.0005,0.00145,,0.00031,0.0,0.00063,0.0,0.00098,0.00072,0
268.01,0.00114,0.00095,0.00067,0.00072,0.0005,0.00046,0.00082,,,0.00031,,0.00125,0.00073,0.00069,0.0,,,,0.0005,0.00145,,0.00031,0.0,0.00063,0.0,0.00098,0.00072,0
269.01,0.00114,0.00095,0.00067,0.00072,0.0005,0.00046,0.00082,,,0.00031,,0.00125,0.00073,0.00069,0.0,,,,0.0005,0.00146,,0.0003,0.0,0.00063,0.0,0.00098,0.00072,0
270.01,0.00114,0.00095,0.00067,0.00072,0.0005,0.00046,0.00082,,,0.00031,,0.00125,0.00073,0.00069,0.0,,,,0.0005,0.00146,,0.0003,0.0,0.00063,0.0,0.00098,0.00072,0
271.01,0.00114,0.00095,0.00067,0.00072,0.0005,0.00046,0.00082,,,0.00031,,0.00125,0.00072,0.00069,0.0,,,,0.0005,0.00146,,0.00029,0.0,0.00063,0.0,0.00097,0.00072,0
272.01,0.00114,0.00095,0.00067,0.00072,0.0005,0.00046,0.00082,,,0.00031,,0.00125,0.00072,0.00069,0.0,,,,0.0005,0.00146,,0.00029,0.0,0.00063,0.0,0.00097,0.00072,0
273.01,0.00114,0.00095,0.00067,0.00072,0.0005,0.00046,0.00082,,,0.00031,,0.00125,0.00072,0.00069,0.0,,,,0.0005,0.00146,,0.00029,0.0,0.00063,0.0,0.00097,0.00072,0
274.01,0.00114,0.00095,0.00067,0.00072,0.0005,0.00046,0.00082,,,0.00031,,0.00125,0.00072,0.00069,0.0,,,,0.0005,0.00146,,0.00028,0.0,0.00064,0.0,0.00097,0.00072,0
275.01,0.00114,0.00095,0.00067,0.00072,0.0005,0.00046,0.00082,,,0.00031,,0.00125,0.00071,0.00069,0.0,,,,0.0005,0.00146,,0.00028,0.0,0.00064,0.0,0.00097,0.00072,0
276.01,0.00114,0.00095,0.00067,0.00072,0.0005,0.00045,0.00082,,,0.00031,,0.00125,0.00071,0.00069,0.0,,,,0.0005,0.00146,,0.00027,0.0,0.00064,0.0,0.00097,0.00072,0
277.01,0.00114,0.00095,0.00067,0.00072,0.0005,0.00045,0.00082,,,0.00031,,0.00125,0.00071,0.00069,0.0,,,,0.0005,0.00146,,0.00027,0.0,0.00064,0.0,0.00096,0.00072,0
278.01,0.00114,0.00095,0.00067,0.00072,0.0005,0.00045,0.00081,,,0.00031,,0.00125,0.0007,0.00069,0.0,,,,0.0005,0.00146,,0.00026,0.0,0.00064,0.0,0.00096,0.00072,0
279.01,0.00114,0.00095,0.00066,0.00072,0.0005,0.00045,0.00081,,,0.00031,,0.00125,0.0007,0.00069,0.0,,,,0.0005,0.00146,,0.00026,0.0,0.00064,0.0,0.00096,0.00072,0
280.01,0.00114,0.00095,0.00066,0.00072,0.0005,0.00045,0.00081,,,0.00031,,0.00125,0.0007,0.00069,0.0,,,,0.0005,0.00146,,0.00025,0.0,0.00064,0.0,0.00096,0.00072,0
281.01,0.00114,0.00095,0.00066,0.00072,0.0005,0.00045,0.00081,,,0.00031,,0.00125,0.0007,0.00068,0.0,,,,0.0005,0.00146,,0.00025,0.0,0.00064,0.0,0.00096,0.00072,0
282.01,0.00114,0.00095,0.00066,0.00072,0.00049,0.00045,0.00081,,,0.00031,,0.00125,0.00069,0.00068,0.0,,,,0.00049,0.00146,,0.00025,0.0,0.00064,0.0,0.00095,0.00072,0
283.01,0.00114,0.00095,0.00066,0.00072,0.00049,0.00045,0.00081,,,0.00031,,0.00124,0.00069,0.00068,0.0,,,,0.00049,0.00145,,0.00024,0.0,0.00064,0.0,0.00095,0.00072,0
284.01,0.00114,0.00095,0.00066,0.00072,0.00049,0.00044,0.00081,,,0.00031,,0.00124,0.00069,0.00068,0.0,,,,0.00049,0.00145,,0.00024,0.0,0.00064,0.0,0.00095,0.00072,0
285.01,0.00114,0.00095,0.00066,0.00072,0.00049,0.00044,0.00081,,,0.00031,,0.00124,0.00068,0.00068,0.0,,,,0.00049,0.00145,,0.00023,0.0,0.00064,0.0,0.00095,0.00072,0
286.01,0.00114,0.00095,0.00066,0.00072,0.00049,0.00044,0.00081,,,0.00031,,0.00124,0.00068,0.00068,0.0,,,,0.00049,0.00145,,0.00023,0.0,0.00064,0.0,0.00095,0.00072,0
287.01,0.00114,0.00095,0.00066,0.00072,0.00049,0.00044,0.00081,,,0.00031,,0.00124,0.00068,0.00068,0.0,,,,0.00049,0.00145,,0.00022,0.0,0.00064,0.0,0.00095,0.00072,0
288.01,0.00114,0.00095,0.00066,0.00072,0.00049,0.00044,0.00081,,,0.00031,,0.00124,0.00068,0.00068,0.0,,,,0.00049,0.00145,,0.00022,0.0,0.00064,0.0,0.00094,0.00072,0
289.01,0.00114,0.00095,0.00066,0.00072,0.00049,0.00044,0.00081,,,0.00031,,0.00124,0.00067,0.00067,0.0,,,,0.00049,0.00145,,0.00022,0.0,0.00064,0.0,0.00094,0.00072,0
290.01,0.00114,0.00095,0.00066,0.00072,0.00049,0.00044,0.00081,,,0.00031,,0.00124,0.00067,0.00067,0.0,,,,0.00049,0.00144,,0.00021,0.0,0.00064,0.0,0.00094,0.00072,0
291.01,0.00114,0.00095,0.00066,0.00072,0.00049,0.00044,0.00081,,,0.00031,,0.00124,0.00067,0.00067,0.0,,,,0.00049,0.00144,,0.00021,0.0,0.00064,0.0,0.00094,0.00072,0
292.01,0.00114,0.00095,0.00066,0.00071,0.00049,0.00044,0.00081,,,0.00031,,0.00124,0.00066,0.00067,0.0,,,,0.00049,0.00144,,0.0002,0.0,0.00064,0.0,0.00094,0.00071,0
293.01,0.00114,0.00095,0.00066,0.00071,0.00049,0.00044,0.00081,,,0.0003,,0.00124,0.00066,0.00067,0.0,,,,0.00049,0.00144,,0.0002,0.0,0.00064,0.0,0.00094,0.00071,0
294.01,0.00113,0.00095,0.00066,0.00071,0.00049,0.00043,0.00081,,,0.0003,,0.00124,0.00066,0.00067,0.0,,,,0.00049,0.00144,,0.0002,0.0,0.00064,0.0,0.00093,0.00071,0
295.01,0.00113,0.00095,0.00066,0.00071,0.00049,0.00043,0.00081,,,0.0003,,0.00124,0.00065,0.00067,0.0,,,,0.00049,0.00144,,0.00019,0.0,0.00064,0.0,0.00093,0.00071,0
296.01,0.00113,0.00095,0.00066,0.00071,0.00049,0.00043,0.00081,,,0.0003,,0.00124,0.00065,0.00067,0.0,,,,0.00048,0.00144,,0.00019,0.0,0.00064,0.0,0.00093,0.00071,0
297.01,0.00113,0.00095,0.00065,0.00071,0.00049,0.00043,0.00081,,,0.0003,,0.00124,0.00065,0.00066,0.0,,,,0.00048,0.00144,,0.00018,0.0,0.00064,0.0,0.00093,0.00071,0
298.01,0.00113,0.00095,0.00065,0.00071,0.00049,0.00043,0.00081,,,0.0003,,0.00124,0.00064,0.00066,0.0,,,,0.00048,0.00143,,0.00018,0.0,0.00064,0.0,0.00093,0.00071,0
299.01,0.00113,0.00095,0.00065,0.00071,0.00048,0.00043,0.00081,,,0.0003,,0.00124,0.00064,0.00066,0.0,,,,0.00048,0.00143,,0.00018,0.0,0.00064,0.0,0.00092,0.00071,0
300.01,0.00113,0.00095,0.00065,0.00071,0.00048,0.00043,0.00081,,,0.0003,,0.00123,0.00064,0.00066,0.0,,,,0.00048,0.00143,,0.00017,0.0,0.00064,0.0,0.00092,0.00071,0
301.01,0.00113,0.00095,0.00065,0.00071,0.00048,0.00043,0.00081,,,0.0003,,0.00123,0.00063,0.00066,0.0,,,,0.00048,0.00143,,0.00017,0.0,0.00064,0.0,0.00092,0.00071,0
302.01,0.00113,0.00095,0.00065,0.00071,0.00048,0.00043,0.00081,,,0.0003,,0.00123,0.00063,0.00065,0.0,,,,0.00048,0.00142,,0.00016,0.0,0.00064,0.0,0.00092,0.00071,0
303.01,0.00113,0.00095,0.00065,0.00071,0.00048,0.00042,0.00081,,,0.0003,,0.00123,0.00063,0.00065,0.0,,,,0.00048,0.00142,,0.00016,0.0,0.00064,0.0,0.00092,0.00071,0
304.01,0.00113,0.00095,0.00065,0.00071,0.00048,0.00042,0.00081,,,0.0003,,0.00123,0.00063,0.00065,0.0,,,,0.00048,0.00142,,0.00016,0.0,0.00064,0.0,0.00092,0.00071,0
305.01,0.00113,0.00095,0.00065,0.00071,0.00048,0.00042,0.00081,,,0.0003,,0.00123,0.00062,0.00065,0.0,,,,0.00048,0.00142,,0.00015,0.0,0.00064,0.0,0.00091,0.00071,0
306.01,0.00113,0.00095,0.00065,0.00071,0.00048,0.00042,0.00081,,,0.0003,,0.00123,0.00062,0.00065,0.0,,,,0.00048,0.00142,,0.00015,0.0,0.00064,0.0,0.00091,0.00071,0
307.01,0.00113,0.00095,0.00065,0.00071,0.00048,0.00042,0.00081,,,0.0003,,0.00123,0.00062,0.00064,0.0,,,,0.00048,0.00142,,0.00015,0.0,0.00064,0.0,0.00091,0.00071,0
308.01,0.00112,0.00095,0.00065,0.00071,0.00048,0.00042,0.00081,,,0.0003,,0.00123,0.00061,0.00064,0.0,,,,0.00047,0.00141,,0.00014,0.0,0.00064,0.0,0.00091,0.00071,0
309.01,0.00112,0.00095,0.00065,0.00071,0.00048,0.00042,0.00081,,,0.0003,,0.00123,0.00061,0.00064,0.0,,,,0.00047,0.00141,,0.00014,0.0,0.00064,0.0,0.00091,0.00071,0
310.01,0.00112,0.00095,0.00065,0.00071,0.00048,0.00042,0.00081,,,0.0003,,0.00123,0.00061,0.00064,0.0,,,,0.00047,0.00141,,0.00013,0.0,0.00064,0.0,0.00091,0.00071,0
311.01,0.00112,0.00095,0.00065,0.00071,0.00048,0.00042,0.00081,,,0.0003,,0.00123,0.0006,0.00063,0.0,,,,0.00047,0.00141,,0.00013,0.0,0.00064,0.0,0.0009,0.00071,0
312.01,0.00112,0.00095,0.00065,0.00071,0.00047,0.00041,0.00081,,,0.0003,,0.00123,0.0006,0.00063,0.0,,,,0.00047,0.00141,,0.00013,0.0,0.00064,0.0,0.0009,0.00071,0
313.01,0.00112,0.00095,0.00065,0.0007,0.00047,0.00041,0.0008,,,0.0003,,0.00123,0.0006,0.00063,0.0,,,,0.00047,0.00141,,0.00012,0.0,0.00064,0.0,0.0009,0.0007,0
314.01,0.00112,0.00095,0.00064,0.0007,0.00047,0.00041,0.0008,,,0.0003,,0.00123,0.00059,0.00063,0.0,,,,0.00047,0.0014,,0.00012,0.0,0.00064,0.0,0.0009,0.0007,0
315.01,0.00112,0.00095,0.00064,0.0007,0.00047,0.00041,0.0008,,,0.0003,,0.00123,0.00059,0.00062,0.0,,,,0.00047,0.0014,,0.00012,0.0,0.00064,0.0,0.0009,0.0007,0
316.01,0.00112,0.00095,0.00064,0.0007,0.00047,0.00041,0.0008,,,0.0003,,0.00122,0.00059,0.00062,0.0,,,,0.00047,0.0014,,0.00011,0.0,0.00064,0.0,0.00089,0.0007,0
317.01,0.00112,0.00095,0.00064,0.0007,0.00047,0.00041,0.0008,,,0.0003,,0.00122,0.00058,0.00062,0.0,,,,0.00047,0.0014,,0.00011,0.0,0.00064,0.0,0.00089,0.0007,0
318.01,0.00112,0.00095,0.00064,0.0007,0.00047,0.00041,0.0008,,,0.0003,,0.00122,0.00058,0.00062,0.0,,,,0.00046,0.0014,,0.00011,0.0,0.00064,0.0,0.00089,0.0007,0
319.01,0.00111,0.00095,0.00064,0.0007,0.00047,0.00041,0.0008,,,0.0003,,0.00122,0.00058,0.00061,0.0,,,,0.00046,0.0014,,0.00011,0.0,0.00064,0.0,0.00089,0.0007,0
320.01,0.00111,0.00095,0.00064,0.0007,0.00047,0.00041,0.0008,,,0.0003,,0.00122,0.00057,0.00061,0.0,,,,0.00046,0.00139,,0.0001,0.0,0.00064,0.0,0.00089,0.0007,0
321.01,0.00111,0.00095,0.00064,0.0007,0.00047,0.00041,0.0008,,,0.0003,,0.00122,0.00057,0.00061,0.0,,,,0.00046,0.00139,,0.0001,0.0,0.00064,0.0,0.00088,0.0007,0
322.01,0.00111,0.00095,0.00064,0.0007,0.00047,0.0004,0.0008,,,0.0003,,0.00122,0.00057,0.0006,0.0,,,,0.00046,0.00139,,0.0001,0.0,0.00064,0.0,0.00088,0.0007,0
323.01,0.00111,0.00095,0.00064,0.0007,0.00046,0.0004,0.0008,,,0.0003,,0.00122,0.00056,0.0006,0.0,,,,0.00046,0.00139,,9e-05,0.0,0.00064,0.0,0.00088,0.0007,0
324.01,0.00111,0.00095,0.00064,0.0007,0.00046,0.0004,0.0008,,,0.0003,,0.00122,0.00056,0.0006,0.0,,,,0.00046,0.00139,,9e-05,0.0,0.00064,0.0,0.00088,0.0007,0
325.01,0.00111,0.00095,0.00064,0.0007,0.00046,0.0004,0.0008,,,0.0003,,0.00122,0.00056,0.00059,0.0,,,,0.00046,0.00139,,9e-05,0.0,0.00064,0.0,0.00088,0.0007,0
326.01,0.00111,0.00095,0.00064,0.0007,0.00046,0.0004,0.0008,,,0.0003,,0.00122,0.00055,0.00059,0.0,,,,0.00046,0.00139,,9e-05,0.0,0.00064,0.0,0.00088,0.0007,0
327.01,0.00111,0.00095,0.00064,0.0007,0.00046,0.0004,0.0008,,,0.00029,,0.00122,0.00055,0.00059,0.0,,,,0.00046,0.00138,,8e-05,0.0,0.00064,0.0,0.00087,0.0007,0
328.01,0.00111,0.00095,0.00064,0.0007,0.00046,0.0004,0.0008,,,0.00029,,0.00122,0.00055,0.00058,0.0,,,,0.00045,0.00138,,8e-05,0.0,0.00064,0.0,0.00087,0.0007,0
329.01,0.00111,0.00095,0.00063,0.0007,0.00046,0.0004,0.0008,,,0.00029,,0.00122,0.00054,0.00058,0.0,,,,0.00045,0.00138,,8e-05,0.0,0.00064,0.0,0.00087,0.0007,0
330.01,0.00111,0.00095,0.00063,0.0007,0.00046,0.0004,0.0008,,,0.00029,,0.00122,0.00054,0.00058,0.0,,,,0.00045,0.00138,,7e-05,0.0,0.00064,0.0,0.00087,0.0007,0
331.01,0.00111,0.00095,0.00063,0.0007,0.00046,0.00039,0.0008,,,0.00029,,0.00122,0.00054,0.00057,0.0,,,,0.00045,0.00138,,7e-05,0.0,0.00064,0.0,0.00087,0.0007,0
332.01,0.00111,0.00095,0.00063,0.0007,0.00045,0.00039,0.0008,,,0.00029,,0.00122,0.00053,0.00057,0.0,,,,0.00045,0.00138,,7e-05,0.0,0.00064,0.0,0.00086,0.0007,0
333.01,0.00111,0.00095,0.00063,0.0007,0.00045,0.00039,0.0008,,,0.00029,,0.00121,0.00053,0.00057,0.0,,,,0.00045,0.00138,,7e-05,0.0,0.00064,0.0,0.00086,0.0007,0
334.01,0.00111,0.00095,0.00063,0.0007,0.00045,0.00039,0.0008,,,0.00029,,0.00121,0.00053,0.00056,0.0,,,,0.00045,0.00138,,7e-05,0.0,0.00064,0.0,0.00086,0.0007,0
335.01,0.00111,0.00095,0.00063,0.0007,0.00045,0.00039,0.0008,,,0.00029,,0.00121,0.00052,0.00056,0.0,,,,0.00044,0.00138,,6e-05,0.0,0.00064,0.0,0.00086,0.0007,0
336.01,0.0011,0.00095,0.00063,0.0007,0.00045,0.00039,0.0008,,,0.00029,,0.00121,0.00052,0.00056,0.0,,,,0.00044,0.00138,,6e-05,0.0,0.00064,0.0,0.00086,0.0007,0
337.01,0.0011,0.00095,0.00063,0.00069,0.00045,0.00039,0.0008,,,0.00029,,0.00121,0.00052,0.00055,0.0,,,,0.00044,0.00138,,6e-05,0.0,0.00064,0.0,0.00085,0.00069,0
338.01,0.0011,0.00095,0.00063,0.00069,0.00045,0.00039,0.0008,,,0.00029,,0.00121,0.00051,0.00055,0.0,,,,0.00044,0.00138,,6e-05,0.0,0.00064,0.0,0.00085,0.00069,0
339.01,0.0011,0.00095,0.00063,0.00069,0.00045,0.00039,0.0008,,,0.00029,,0.00121,0.00051,0.00055,0.0,,,,0.00044,0.00138,,5e-05,0.0,0.00064,0.0,0.00085,0.00069,0
340.01,0.0011,0.00095,0.00063,0.00069,0.00045,0.00039,0.00079,,,0.00029,,0.00121,0.00051,0.00054,0.0,,,,0.00044,0.00138,,5e-05,0.0,0.00064,0.0,0.00085,0.00069,0
341.01,0.0011,0.00095,0.00063,0.00069,0.00044,0.00039,0.00079,,,0.00028,,0.00121,0.0005,0.00054,0.0,,,,0.00044,0.00138,,5e-05,0.0,0.00064,0.0,0.00085,0.00069,0
342.01,0.0011,0.00095,0.00063,0.00069,0.00044,0.00038,0.00079,,,0.00028,,0.00121,0.0005,0.00053,0.0,,,,0.00043,0.00138,,5e-05,0.0,0.00064,0.0,0.00085,0.00069,0
343.01,0.0011,0.00095,0.00063,0.00069,0.00044,0.00038,0.00079,,,0.00028,,0.00121,0.0005,0.00053,0.0,,,,0.00043,0.00138,,5e-05,0.0,0.00064,0.0,0.00084,0.00069,0
344.01,0.0011,0.00095,0.00062,0.00069,0.00044,0.00038,0.00079,,,0.00028,,0.00121,0.00049,0.00053,0.0,,,,0.00043,0.00138,,5e-05,0.0,0.00064,0.0,0.00084,0.00069,0
345.01,0.0011,0.00095,0.00062,0.00069,0.00044,0.00038,0.00079,,,0.00028,,0.00121,0.00049,0.00052,0.0,,,,0.00043,0.00138,,4e-05,0.0,0.00064,0.0,0.00084,0.00069,0
346.01,0.0011,0.00095,0.00062,0.00069,0.00044,0.00038,0.00079,,,0.00028,,0.00121,0.00049,0.00052,0.0,,,,0.00043,0.00138,,4e-05,0.0,0.00064,0.0,0.00084,0.00069,0
347.01,0.0011,0.00095,0.00062,0.00069,0.00044,0.00038,0.00079,,,0.00028,,0.00121,0.00048,0.00051,0.0,,,,0.00043,0.00138,,4e-05,0.0,0.00064,0.0,0.00084,0.00069,0
348.01,0.0011,0.00095,0.00062,0.00069,0.00043,0.00038,0.00079,,,0.00028,,0.0012,0.00048,0.00051,0.0,,,,0.00042,0.00138,,4e-05,0.0,0.00064,0.0,0.00083,0.00069,0
349.01,0.0011,0.00095,0.00062,0.00069,0.00043,0.00038,0.00079,,,0.00028,,0.0012,0.00048,0.00051,0.0,,,,0.00042,0.00138,,4e-05,0.0,0.00064,0.0,0.00083,0.00069,0
350.01,0.0011,0.00095,0.00062,0.00069,0.00043,0.00037,0.00079,,,0.00027,,0.0012,0.00047,0.0005,0.0,,,,0.00042,0.00138,,4e-05,0.0,0.00064,0.0,0.00083,0.00069,0
351.01,0.0011,0.00095,0.00062,0.00069,0.00043,0.00037,0.00079,,,0.00027,,0.0012,0.00047,0.0005,0.0,,,,0.00042,0.00138,,3e-05,0.0,0.00064,0.0,0.00083,0.00069,0
352.01,0.0011,0.00095,0.00062,0.00069,0.00043,0.00037,0.00079,,,0.00027,,0.0012,0.00047,0.00049,0.0,,,,0.00042,0.00138,,3e-05,0.0,0.00064,0.0,0.00083,0.00069,0
353.01,0.0011,0.00095,0.00062,0.00069,0.00043,0.00037,0.00079,,,0.00027,,0.0012,0.00046,0.00049,0.0,,,,0.00042,0.00138,,3e-05,0.0,0.00064,0.0,0.00082,0.00069,0
354.01,0.0011,0.00095,0.00062,0.00069,0.00043,0.00037,0.00079,,,0.00027,,0.0012,0.00046,0.00049,0.0,,,,0.00042,0.00138,,3e-05,0.0,0.00064,0.0,0.00082,0.00069,0
355.01,0.0011,0.00095,0.00062,0.00069,0.00042,0.00037,0.00079,,,0.00027,,0.0012,0.00046,0.00048,0.0,,,,0.00041,0.00138,,3e-05,0.0,0.00064,0.0,0.00082,0.00069,0
356.01,0.0011,0.00095,0.00062,0.00069,0.00042,0.00037,0.00079,,,0.00027,,0.0012,0.00045,0.00048,0.0,,,,0.00041,0.00138,,3e-05,0.0,0.00064,0.0,0.00082,0.00069,0
357.01,0.0011,0.00095,0.00062,0.00069,0.00042,0.00037,0.00079,,,0.00026,,0.0012,0.00045,0.00047,0.0,,,,0.00041,0.00138,,3e-05,0.0,0.00064,0.0,0.00082,0.00069,0
358.01,0.0011,0.00095,0.00061,0.00068,0.00042,0.00037,0.00079,,,0.00026,,0.0012,0.00045,0.00047,0.0,,,,0.00041,0.00138,,2e-05,0.0,0.00064,0.0,0.00082,0.00068,0
359.01,0.0011,0.00095,0.00061,0.00068,0.00042,0.00037,0.00079,,,0.00026,,0.0012,0.00044,0.00046,0.0,,,,0.00041,0.00138,,2e-05,0.0,0.00064,0.0,0.00081,0.00068,0
360.01,0.0011,0.00095,0.00061,0.00068,0.00042,0.00037,0.00079,,,0.00026,,0.0012,0.00044,0.00046,0.0,,,,0.00041,0.00138,,2e-05,0.0,0.00064,0.0,0.00081,0.00068,0
361.01,0.0011,0.00095,0.00061,0.00068,0.00041,0.00036,0.00079,,,0.00026,,0.0012,0.00044,0.00046,0.0,,,,0.0004,0.00138,,2e-05,0.0,0.00064,0.0,0.00081,0.00068,0
362.01,0.0011,0.00095,0.00061,0.00068,0.00041,0.00036,0.00079,,,0.00026,,0.0012,0.00043,0.00045,0.0,,,,0.0004,0.00139,,2e-05,0.0,0.00064,0.0,0.00081,0.00068,0
363.01,0.0011,0.00095,0.00061,0.00068,0.00041,0.00036,0.00079,,,0.00025,,0.0012,0.00043,0.00045,0.0,,,,0.0004,0.00139,,2e-05,0.0,0.00064,0.0,0.00081,0.00068,0
364.01,0.0011,0.00095,0.00061,0.00068,0.00041,0.00036,0.00079,,,0.00025,,0.00119,0.00042,0.00044,0.0,,,,0.0004,0.00139,,2e-05,0.0,0.00064,0.0,0.0008,0.00068,0
365.01,0.0011,0.00095,0.00061,0.00068,0.00041,0.00036,0.00079,,,0.00025,,0.00119,0.00042,0.00044,0.0,,,,0.0004,0.00139,,2e-05,0.0,0.00064,0.0,0.0008,0.00068,0
366.01,0.0011,0.00095,0.00061,0.00068,0.00041,0.00036,0.00079,,,0.00025,,0.00119,0.00042,0.00043,0.0,,,,0.00039,0.00139,,2e-05,0.0,0.00064,0.0,0.0008,0.00068,0
367.01,0.0011,0.00095,0.00061,0.00068,0.0004,0.00036,0.00079,,,0.00025,,0.00119,0.00041,0.00043,0.0,,,,0.00039,0.00139,,2e-05,0.0,0.00064,0.0,0.0008,0.00068,0
368.01,0.0011,0.00095,0.00061,0.00068,0.0004,0.00036,0.00079,,,0.00025,,0.00119,0.00041,0.00043,0.0,,,,0.00039,0.00139,,2e-05,0.0,0.00064,0.0,0.00079,0.00068,0
369.01,0.0011,0.00095,0.00061,0.00068,0.0004,0.00036,0.00078,,,0.00024,,0.00119,0.00041,0.00042,0.0,,,,0.00039,0.00139,,1e-05,0.0,0.00064,0.0,0.00079,0.00068,0
370.01,0.0011,0.00095,0.0006,0.00068,0.0004,0.00035,0.00078,,,0.00024,,0.00119,0.0004,0.00042,0.0,,,,0.00039,0.00139,,1e-05,0.0,0.00064,0.0,0.00079,0.00068,0
371.01,0.0011,0.00095,0.0006,0.00068,0.0004,0.00035,0.00078,,,0.00024,,0.00119,0.0004,0.00041,0.0,,,,0.00039,0.00139,,1e-05,0.0,0.00064,0.0,0.00079,0.00068,0
372.01,0.0011,0.00095,0.0006,0.00068,0.0004,0.00035,0.00078,,,0.00024,,0.00119,0.0004,0.00041,0.0,,,,0.00038,0.00139,,1e-05,0.0,0.00064,0.0,0.00079,0.00068,0
373.01,0.0011,0.00095,0.0006,0.00068,0.00039,0.00035,0.00078,,,0.00024,,0.00119,0.00039,0.0004,0.0,,,,0.00038,0.00139,,1e-05,0.0,0.00064,0.0,0.00079,0.00068,0
374.01,0.0011,0.00095,0.0006,0.00068,0.00039,0.00035,0.00078,,,0.00023,,0.00119,0.00039,0.0004,0.0,,,,0.00038,0.00139,,1e-05,0.0,0.00064,0.0,0.00078,0.00068,0
375.01,0.0011,0.00095,0.0006,0.00068,0.00039,0.00035,0.00078,,,0.00023,,0.00119,0.00039,0.0004,0.0,,,,0.00038,0.00139,,1e-05,0.0,0.00064,0.0,0.00078,0.00068,0
376.01,0.0011,0.00095,0.0006,0.00068,0.00039,0.00035,0.00078,,,0.00023,,0.00118,0.00038,0.00039,0.0,,,,0.00038,0.00139,,1e-05,0.0,0.00064,0.0,0.00078,0.00068,0
377.01,0.0011,0.00095,0.0006,0.00067,0.00039,0.00035,0.00078,,,0.00023,,0.00118,0.00038,0.00039,0.0,,,,0.00037,0.00139,,1e-05,0.0,0.00064,0.0,0.00078,0.00067,0
378.01,0.0011,0.00095,0.0006,0.00067,0.00038,0.00035,0.00078,,,0.00023,,0.00118,0.00038,0.00038,0.0,,,,0.00037,0.00139,,1e-05,0.0,0.00064,0.0,0.00078,0.00067,0
379.01,0.0011,0.00095,0.0006,0.00067,0.00038,0.00035,0.00078,,,0.00022,,0.00118,0.00037,0.00038,0.0,,,,0.00037,0.00139,,1e-05,0.0,0.00064,0.0,0.00077,0.00067,0
380.01,0.0011,0.00095,0.0006,0.00067,0.00038,0.00035,0.00078,,,0.00022,,0.00118,0.00037,0.00037,0.0,,,,0.00037,0.00139,,1e-05,0.0,0.00064,0.0,0.00077,0.00067,0
381.01,0.0011,0.00095,0.00059,0.00067,0.00038,0.00034,0.00078,,,0.00022,,0.00118,0.00037,0.00037,0.0,,,,0.00037,0.00139,,1e-05,0.0,0.00064,0.0,0.00077,0.00067,0
382.01,0.0011,0.00095,0.00059,0.00067,0.00038,0.00034,0.00078,,,0.00022,,0.00118,0.00036,0.00037,0.0,,,,0.00036,0.00139,,1e-05,0.0,0.00064,0.0,0.00077,0.00067,0
383.01,0.0011,0.00095,0.00059,0.00067,0.00037,0.00034,0.00078,,,0.00021,,0.00118,0.00036,0.00036,0.0,,,,0.00036,0.00139,,1e-05,0.0,0.00064,0.0,0.00077,0.00067,0
384.01,0.0011,0.00095,0.00059,0.00067,0.00037,0.00034,0.00078,,,0.00021,,0.00118,0.00036,0.00036,0.0,,,,0.00036,0.00139,,1e-05,0.0,0.00064,0.0,0.00076,0.00067,0
385.01,0.00109,0.00095,0.00059,0.00067,0.00037,0.00034,0.00078,,,0.00021,,0.00118,0.00035,0.00035,0.0,,,,0.00036,0.00139,,1e-05,0.0,0.00064,0.0,0.00076,0.00067,0
386.01,0.00109,0.00095,0.00059,0.00067,0.00037,0.00034,0.00078,,,0.00021,,0.00118,0.00035,0.00035,0.0,,,,0.00036,0.00139,,1e-05,0.0,0.00064,0.0,0.00076,0.00067,0
387.01,0.00109,0.00095,0.00059,0.00067,0.00037,0.00034,0.00078,,,0.0002,,0.00118,0.00035,0.00034,0.0,,,,0.00035,0.00139,,1e-05,0.0,0.00064,0.0,0.00076,0.00067,0
388.01,0.00109,0.00095,0.00059,0.00067,0.00036,0.00034,0.00078,,,0.0002,,0.00118,0.00034,0.00034,0.0,,,,0.00035,0.00139,,1e-05,0.0,0.00064,0.0,0.00076,0.00067,0
389.01,0.0011,0.00095,0.00059,0.00067,0.00036,0.00034,0.00078,,,0.0002,,0.00117,0.00034,0.00034,0.0,,,,0.00035,0.00139,,1e-05,0.0,0.00064,0.0,0.00075,0.00067,0
390.01,0.0011,0.00095,0.00059,0.00067,0.00036,0.00034,0.00078,,,0.0002,,0.00117,0.00034,0.00033,0.0,,,,0.00035,0.00139,,1e-05,0.0,0.00064,0.0,0.00075,0.00067,0
391.01,0.0011,0.00095,0.00059,0.00067,0.00036,0.00034,0.00078,,,0.00019,,0.00117,0.00033,0.00033,0.0,,,,0.00034,0.00139,,0.0,0.0,0.00064,0.0,0.00075,0.00067,0
392.01,0.0011,0.00095,0.00059,0.00067,0.00036,0.00034,0.00078,,,0.00019,,0.00117,0.00033,0.00032,0.0,,,,0.00034,0.00139,,0.0,0.0,0.00064,0.0,0.00075,0.00067,0
393.01,0.0011,0.00095,0.00059,0.00067,0.00035,0.00033,0.00078,,,0.00019,,0.00117,0.00033,0.00032,0.0,,,,0.00034,0.00139,,0.0,0.0,0.00064,0.0,0.00075,0.00067,0
394.01,0.0011,0.00095,0.00058,0.00067,0.00035,0.00033,0.00078,,,0.00019,,0.00117,0.00032,0.00032,0.0,,,,0.00034,0.00139,,0.0,0.0,0.00064,0.0,0.00074,0.00067,0
395.01,0.0011,0.00095,0.00058,0.00066,0.00035,0.00033,0.00078,,,0.00018,,0.00117,0.00032,0.00031,0.0,,,,0.00034,0.00139,,0.0,0.0,0.00064,0.0,0.00074,0.00066,0
396.01,0.0011,0.00095,0.00058,0.00066,0.00035,0.00033,0.00078,,,0.00018,,0.00117,0.00032,0.00031,0.0,,,,0.00033,0.00139,,0.0,0.0,0.00064,0.0,0.00074,0.00066,0
397.01,0.00109,0.00095,0.00058,0.00066,0.00035,0.00033,0.00078,,,0.00018,,0.00117,0.00031,0.0003,0.0,,,,0.00033,0.00139,,0.0,0.0,0.00064,0.0,0.00074,0.00066,0
398.01,0.00109,0.00094,0.00058,0.00066,0.00034,0.00033,0.00078,,,0.00018,,0.00117,0.00031,0.0003,0.0,,,,0.00033,0.00139,,0.0,0.0,0.00064,0.0,0.00074,0.00066,0
399.01,0.00109,0.00094,0.00058,0.00066,0.00034,0.00033,0.00078,,,0.00017,,0.00117,0.00031,0.00029,0.0,,,,0.00033,0.00139,,0.0,0.0,0.00064,0.0,0.00073,0.00066,0
400.01,0.00109,0.00094,0.00058,0.00066,0.00034,0.00033,0.00078,,,0.00017,,0.00117,0.0003,0.00029,0.0,,,,0.00032,0.00139,,0.0,0.0,0.00064,0.0,0.00073,0.00066,0
401.01,0.00109,0.00094,0.00058,0.00066,0.00034,0.00033,0.00078,,,0.00017,,0.00117,0.0003,0.00029,0.0,,,,0.00032,0.00139,,0.0,0.0,0.00064,0.0,0.00073,0.00066,0
402.01,0.00109,0.00094,0.00058,0.00066,0.00033,0.00033,0.00078,,,0.00017,,0.00117,0.0003,0.00028,0.0,,,,0.00032,0.00139,,0.0,0.0,0.00064,0.0,0.00073,0.00066,0
403.01,0.00109,0.00094,0.00058,0.00066,0.00033,0.00033,0.00078,,,0.00016,,0.00116,0.00029,0.00028,0.0,,,,0.00032,0.00139,,0.0,0.0,0.00064,0.0,0.00072,0.00066,0
404.01,0.00109,0.00094,0.00058,0.00066,0.00033,0.00032,0.00078,,,0.00016,,0.00116,0.00029,0.00027,0.0,,,,0.00031,0.00139,,0.0,0.0,0.00064,0.0,0.00072,0.00066,0
405.01,0.00109,0.00094,0.00057,0.00066,0.00033,0.00032,0.00078,,,0.00016,,0.00116,0.00029,0.00027,0.0,,,,0.00031,0.00139,,0.0,0.0,0.00064,0.0,0.00072,0.00066,0
406.01,0.00109,0.00094,0.00057,0.00066,0.00032,0.00032,0.00078,,,0.00016,,0.00116,0.00028,0.00027,0.0,,,,0.00031,0.00139,,0.0,0.0,0.00064,0.0,0.00072,0.00066,0
407.01,0.00109,0.00094,0.00057,0.00066,0.00032,0.00032,0.00078,,,0.00015,,0.00116,0.00028,0.00026,0.0,,,,0.00031,0.00139,,0.0,0.0,0.00064,0.0,0.00072,0.00066,0
408.01,0.00109,0.00094,0.00057,0.00066,0.00032,0.00032,0.00077,,,0.00015,,0.00116,0.00028,0.00026,0.0,,,,0.0003,0.00139,,0.0,0.0,0.00064,0.0,0.00072,0.00066,0
409.01,0.00109,0.00094,0.00057,0.00066,0.00032,0.00032,0.00077,,,0.00015,,0.00116,0.00027,0.00026,0.0,,,,0.0003,0.00139,,0.0,0.0,0.00064,0.0,0.00071,0.00066,0
410.01,0.00109,0.00094,0.00057,0.00066,0.00032,0.00032,0.00077,,,0.00014,,0.00116,0.00027,0.00025,0.0,,,,0.0003,0.00139,,0.0,0.0,0.00064,0.0,0.00071,0.00066,0
411.01,0.00109,0.00094,0.00057,0.00066,0.00031,0.00032,0.00077,,,0.00014,,0.00116,0.00027,0.00025,0.0,,,,0.0003,0.00139,,0.0,0.0,0.00064,0.0,0.00071,0.00066,0
412.01,0.00109,0.00094,0.00057,0.00065,0.00031,0.00032,0.00077,,,0.00014,,0.00116,0.00026,0.00024,0.0,,,,0.00029,0.00139,,0.0,0.0,0.00064,0.0,0.00071,0.00065,0
413.01,0.00109,0.00094,0.00057,0.00065,0.00031,0.00032,0.00077,,,0.00014,,0.00116,0.00026,0.00024,0.0,,,,0.00029,0.00139,,0.0,0.0,0.00064,0.0,0.0007,0.00065,0
414.01,0.00109,0.00094,0.00057,0.00065,0.00031,0.00032,0.00077,,,0.00013,,0.00116,0.00026,0.00024,0.0,,,,0.00029,0.00139,,0.0,0.0,0.00063,0.0,0.0007,0.00065,0
415.01,0.00109,0.00094,0.00056,0.00065,0.0003,0.00032,0.00077,,,0.00013,,0.00116,0.00025,0.00023,0.0,,,,0.00029,0.00139,,0.0,0.0,0.00063,0.0,0.0007,0.00065,0
416.01,0.00109,0.00094,0.00056,0.00065,0.0003,0.00032,0.00077,,,0.00013,,0.00116,0.00025,0.00023,0.0,,,,0.00028,0.00138,,0.0,0.0,0.00063,0.0,0.0007,0.00065,0
417.01,0.00109,0.00094,0.00056,0.00065,0.0003,0.00032,0.00077,,,0.00013,,0.00116,0.00025,0.00022,0.0,,,,0.00028,0.00138,,0.0,0.0,0.00063,0.0,0.0007,0.00065,0
418.01,0.00109,0.00094,0.00056,0.00065,0.0003,0.00032,0.00077,,,0.00012,,0.00115,0.00024,0.00022,0.0,,,,0.00028,0.00138,,0.0,0.0,0.00063,0.0,0.00069,0.00065,0
419.01,0.00109,0.00094,0.00056,0.00065,0.00029,0.00032,0.00077,,,0.00012,,0.00115,0.00024,0.00022,0.0,,,,0.00028,0.00138,,0.0,0.0,0.00063,0.0,0.00069,0.00065,0
420.01,0.00109,0.00094,0.00056,0.00065,0.00029,0.00032,0.00077,,,0.00012,,0.00115,0.00024,0.00021,0.0,,,,0.00027,0.00138,,0.0,0.0,0.00063,0.0,0.00069,0.00065,0
421.01,0.00109,0.00094,0.00056,0.00065,0.00029,0.00032,0.00077,,,0.00012,,0.00115,0.00023,0.00021,0.0,,,,0.00027,0.00138,,0.0,0.0,0.00063,0.0,0.00069,0.00065,0
422.01,0.00109,0.00094,0.00056,0.00065,0.00029,0.00032,0.00077,,,0.00011,,0.00115,0.00023,0.00021,0.0,,,,0.00027,0.00138,,0.0,0.0,0.00063,0.0,0.00069,0.00065,0
423.01,0.00109,0.00094,0.00056,0.00065,0.00028,0.00031,0.00077,,,0.00011,,0.00115,0.00023,0.0002,0.0,,,,0.00027,0.00138,,0.0,0.0,0.00063,0.0,0.00068,0.00065,0
424.01,0.00109,0.00094,0.00056,0.00065,0.00028,0.00031,0.00077,,,0.00011,,0.00115,0.00022,0.0002,0.0,,,,0.00026,0.00138,,0.0,0.0,0.00063,0.0,0.00068,0.00065,0
425.01,0.00109,0.00094,0.00056,0.00065,0.00028,0.00031,0.00077,,,0.00011,,0.00115,0.00022,0.0002,0.0,,,,0.00026,0.00138,,0.0,0.0,0.00063,0.0,0.00068,0.00065,0
426.01,0.00109,0.00094,0.00056,0.00065,0.00027,0.00031,0.00077,,,0.0001,,0.00115,0.00022,0.00019,0.0,,,,0.00026,0.00138,,0.0,0.0,0.00063,0.0,0.00068,0.00065,0
427.01,0.00109,0.00094,0.00055,0.00065,0.00027,0.00031,0.00077,,,0.0001,,0.00115,0.00021,0.00019,0.0,,,,0.00026,0.00138,,0.0,0.0,0.00063,0.0,0.00068,0.00065,0
428.01,0.00109,0.00094,0.00055,0.00065,0.00027,0.00031,0.00077,,,0.0001,,0.00115,0.00021,0.00019,0.0,,,,0.00025,0.00137,,0.0,0.0,0.00063,0.0,0.00067,0.00065,0
429.01,0.00109,0.00094,0.00055,0.00064,0.00027,0.00031,0.00077,,,0.0001,,0.00115,0.00021,0.00018,0.0,,,,0.00025,0.00137,,0.0,0.0,0.00063,0.0,0.00067,0.00064,0
430.01,0.00109,0.00094,0.00055,0.00064,0.00026,0.00031,0.00077,,,9e-05,,0.00115,0.0002,0.00018,0.0,,,,0.00025,0.00137,,0.0,0.0,0.00063,0.0,0.00067,0.00064,0
431.01,0.00109,0.00094,0.00055,0.00064,0.00026,0.00031,0.00077,,,9e-05,,0.00115,0.0002,0.00018,0.0,,,,0.00024,0.00137,,0.0,0.0,0.00063,0.0,0.00067,0.00064,0
432.01,0.00109,0.00094,0.00055,0.00064,0.00026,0.00031,0.00077,,,9e-05,,0.00114,0.0002,0.00017,0.0,,,,0.00024,0.00137,,0.0,0.0,0.00063,0.0,0.00066,0.00064,0
433.01,0.00109,0.00094,0.00055,0.00064,0.00026,0.00031,0.00077,,,9e-05,,0.00114,0.0002,0.00017,0.0,,,,0.00024,0.00137,,0.0,0.0,0.00063,0.0,0.00066,0.00064,0
434.01,0.00109,0.00094,0.00055,0.00064,0.00025,0.00031,0.00077,,,9e-05,,0.00114,0.00019,0.00017,0.0,,,,0.00024,0.00137,,0.0,0.0,0.00063,0.0,0.00066,0.00064,0
435.01,0.00109,0.00094,0.00055,0.00064,0.00025,0.00031,0.00077,,,8e-05,,0.00114,0.00019,0.00016,0.0,,,,0.00023,0.00137,,0.0,0.0,0.00063,0.0,0.00066,0.00064,0
436.01,0.00109,0.00094,0.00054,0.00064,0.00025,0.00031,0.00077,,,8e-05,,0.00114,0.00019,0.00016,0.0,,,,0.00023,0.00137,,0.0,0.0,0.00063,0.0,0.00066,0.00064,0
437.01,0.00109,0.00094,0.00054,0.00064,0.00025,0.00031,0.00077,,,8e-05,,0.00114,0.00018,0.00016,0.0,,,,0.00023,0.00136,,0.0,0.0,0.00063,0.0,0.00065,0.00064,0
438.01,0.00109,0.00094,0.00054,0.00064,0.00024,0.00031,0.00077,,,8e-05,,0.00114,0.00018,0.00015,0.0,,,,0.00022,0.00136,,0.0,0.0,0.00063,0.0,0.00065,0.00064,0
439.01,0.00109,0.00094,0.00054,0.00064,0.00024,0.00031,0.00077,,,7e-05,,0.00114,0.00018,0.00015,0.0,,,,0.00022,0.00136,,0.0,0.0,0.00063,0.0,0.00065,0.00064,0
440.01,0.00109,0.00094,0.00054,0.00064,0.00024,0.00031,0.00076,,,7e-05,,0.00114,0.00017,0.00015,0.0,,,,0.00022,0.00136,,0.0,0.0,0.00063,0.0,0.00065,0.00064,0
441.01,0.00109,0.00094,0.00054,0.00064,0.00023,0.00031,0.00076,,,7e-05,,0.00114,0.00017,0.00014,0.0,,,,0.00022,0.00136,,0.0,0.0,0.00063,0.0,0.00065,0.00064,0
442.01,0.00109,0.00094,0.00054,0.00064,0.00023,0.00031,0.00076,,,7e-05,,0.00114,0.00017,0.00014,0.0,,,,0.00021,0.00136,,0.0,0.0,0.00063,0.0,0.00064,0.00064,0
443.01,0.00109,0.00094,0.00054,0.00064,0.00023,0.00031,0.00076,,,7e-05,,0.00114,0.00017,0.00014,0.0,,,,0.00021,0.00136,,0.0,0.0,0.00062,0.0,0.00064,0.00064,0
444.01,0.00109,0.00094,0.00054,0.00064,0.00023,0.0003,0.00076,,,6e-05,,0.00113,0.00016,0.00014,0.0,,,,0.00021,0.00136,,0.0,0.0,0.00062,0.0,0.00064,0.00064,0
445.01,0.00109,0.00094,0.00054,0.00064,0.00022,0.0003,0.00076,,,6e-05,,0.00113,0.00016,0.00013,0.0,,,,0.00021,0.00136,,0.0,0.0,0.00062,0.0,0.00064,0.00064,0
446.01,0.00109,0.00094,0.00054,0.00063,0.00022,0.0003,0.00076,,,6e-05,,0.00113,0.00016,0.00013,0.0,,,,0.0002,0.00135,,0.0,0.0,0.00062,0.0,0.00063,0.00063,0
447.01,0.00109,0.00094,0.00053,0.00063,0.00022,0.0003,0.00076,,,6e-05,,0.00113,0.00015,0.00013,0.0,,,,0.0002,0.00135,,0.0,0.0,0.00062,0.0,0.00063,0.00063,0
448.01,0.00109,0.00094,0.00053,0.00063,0.00021,0.0003,0.00076,,,6e-05,,0.00113,0.00015,0.00012,0.0,,,,0.0002,0.00135,,0.0,0.0,0.00062,0.0,0.00063,0.00063,0
449.01,0.00109,0.00094,0.00053,0.00063,0.00021,0.0003,0.00076,,,6e-05,,0.00113,0.00015,0.00012,0.0,,,,0.00019,0.00135,,0.0,0.0,0.00062,0.0,0.00063,0.00063,0
450.01,0.00109,0.00094,0.00053,0.00063,0.00021,0.0003,0.00076,,,5e-05,,0.00113,0.00015,0.00012,0.0,,,,0.00019,0.00135,,0.0,0.0,0.00062,0.0,0.00062,0.00063,0
451.01,0.00108,0.00094,0.00053,0.00063,0.00021,0.0003,0.00076,,,5e-05,,0.00113,0.00014,0.00012,0.0,,,,0.00019,0.00135,,0.0,0.0,0.00062,0.0,0.00062,0.00063,0
452.01,0.00108,0.00093,0.00053,0.00063,0.0002,0.0003,0.00076,,,5e-05,,0.00113,0.00014,0.00011,0.0,,,,0.00019,0.00135,,0.0,0.0,0.00062,0.0,0.00062,0.00063,0
453.01,0.00108,0.00093,0.00053,0.00063,0.0002,0.0003,0.00076,,,5e-05,,0.00113,0.00014,0.00011,0.0,,,,0.00018,0.00135,,0.0,0.0,0.00062,0.0,0.00062,0.00063,0
454.01,0.00108,0.00093,0.00053,0.00063,0.0002,0.0003,0.00076,,,5e-05,,0.00113,0.00013,0.00011,0.0,,,,0.00018,0.00134,,0.0,0.0,0.00062,0.0,0.00062,0.00063,0
455.01,0.00108,0.00093,0.00053,0.00063,0.0002,0.0003,0.00076,,,5e-05,,0.00113,0.00013,0.00011,0.0,,,,0.00018,0.00134,,0.0,0.0,0.00062,0.0,0.00061,0.00063,0
456.01,0.00108,0.00093,0.00052,0.00063,0.00019,0.0003,0.00076,,,4e-05,,0.00112,0.00013,0.0001,0.0,,,,0.00018,0.00134,,0.0,0.0,0.00062,0.0,0.00061,0.00063,0
457.01,0.00108,0.00093,0.00052,0.00063,0.00019,0.0003,0.00076,,,4e-05,,0.00112,0.00013,0.0001,0.0,,,,0.00017,0.00134,,0.0,0.0,0.00062,0.0,0.00061,0.00063,0
458.01,0.00108,0.00093,0.00052,0.00063,0.00019,0.0003,0.00076,,,4e-05,,0.00112,0.00012,0.0001,0.0,,,,0.00017,0.00134,,0.0,0.0,0.00062,0.0,0.00061,0.00063,0
459.01,0.00108,0.00093,0.00052,0.00063,0.00018,0.0003,0.00076,,,4e-05,,0.00112,0.00012,0.0001,0.0,,,,0.00017,0.00134,,0.0,0.0,0.00062,0.0,0.00061,0.00063,0
460.01,0.00108,0.00093,0.00052,0.00063,0.00018,0.0003,0.00076,,,4e-05,,0.00112,0.00012,9e-05,0.0,,,,0.00016,0.00134,,0.0,0.0,0.00062,0.0,0.0006,0.00063,0
461.01,0.00108,0.00093,0.00052,0.00063,0.00018,0.0003,0.00076,,,4e-05,,0.00112,0.00012,9e-05,0.0,,,,0.00016,0.00134,,0.0,0.0,0.00062,0.0,0.0006,0.00063,0
462.01,0.00108,0.00093,0.00052,0.00063,0.00018,0.00029,0.00076,,,4e-05,,0.00112,0.00011,9e-05,0.0,,,,0.00016,0.00133,,0.0,0.0,0.00062,0.0,0.0006,0.00063,0
463.01,0.00108,0.00093,0.00052,0.00062,0.00017,0.00029,0.00076,,,3e-05,,0.00112,0.00011,9e-05,0.0,,,,0.00016,0.00133,,0.0,0.0,0.00061,0.0,0.0006,0.00062,0
464.01,0.00108,0.00093,0.00052,0.00062,0.00017,0.00029,0.00076,,,3e-05,,0.00112,0.00011,8e-05,0.0,,,,0.00015,0.00133,,0.0,0.0,0.00061,0.0,0.00059,0.00062,0
465.01,0.00108,0.00093,0.00051,0.00062,0.00017,0.00029,0.00076,,,3e-05,,0.00112,0.00011,8e-05,0.0,,,,0.00015,0.00133,,0.0,0.0,0.00061,0.0,0.00059,0.00062,0
466.01,0.00108,0.00093,0.00051,0.00062,0.00017,0.00029,0.00075,,,3e-05,,0.00112,0.0001,8e-05,0.0,,,,0.00015,0.00133,,0.0,0.0,0.00061,0.0,0.00059,0.00062,0
467.01,0.00108,0.00093,0.00051,0.00062,0.00016,0.00029,0.00075,,,3e-05,,0.00112,0.0001,8e-05,0.0,,,,0.00015,0.00133,,0.0,0.0,0.00061,0.0,0.00059,0.00062,0
468.01,0.00108,0.00093,0.00051,0.00062,0.00016,0.00029,0.00075,,,3e-05,,0.00112,0.0001,8e-05,0.0,,,,0.00014,0.00133,,0.0,0.0,0.00061,0.0,0.00058,0.00062,0
469.01,0.00108,0.00093,0.00051,0.00062,0.00016,0.00029,0.00075,,,3e-05,,0.00112,0.0001,7e-05,0.0,,,,0.00014,0.00132,,0.0,0.0,0.00061,0.0,0.00058,0.00062,0
470.01,0.00108,0.00093,0.00051,0.00062,0.00015,0.00029,0.00075,,,3e-05,,0.00111,0.0001,7e-05,0.0,,,,0.00014,0.00132,,0.0,0.0,0.00061,0.0,0.00058,0.00062,0
471.01,0.00108,0.00093,0.00051,0.00062,0.00015,0.00029,0.00075,,,2e-05,,0.00111,9e-05,7e-05,0.0,,,,0.00014,0.00132,,0.0,0.0,0.00061,0.0,0.00058,0.00062,0
472.01,0.00108,0.00093,0.00051,0.00062,0.00015,0.00029,0.00075,,,2e-05,,0.00111,9e-05,7e-05,0.0,,,,0.00013,0.00132,,0.0,0.0,0.00061,0.0,0.00058,0.00062,0
473.01,0.00108,0.00093,0.00051,0.00062,0.00015,0.00029,0.00075,,,2e-05,,0.00111,9e-05,7e-05,0.0,,,,0.00013,0.00132,,0.0,0.0,0.00061,0.0,0.00057,0.00062,0
474.01,0.00108,0.00093,0.00051,0.00062,0.00014,0.00029,0.00075,,,2e-05,,0.00111,9e-05,6e-05,0.0,,,,0.00013,0.00132,,0.0,0.0,0.00061,0.0,0.00057,0.00062,0
475.01,0.00108,0.00093,0.0005,0.00062,0.00014,0.00029,0.00075,,,2e-05,,0.00111,8e-05,6e-05,0.0,,,,0.00012,0.00132,,0.0,0.0,0.00061,0.0,0.00057,0.00062,0
476.01,0.00108,0.00093,0.0005,0.00062,0.00014,0.00029,0.00075,,,2e-05,,0.00111,8e-05,6e-05,0.0,,,,0.00012,0.00131,,0.0,0.0,0.00061,0.0,0.00057,0.00062,0
477.01,0.00108,0.00093,0.0005,0.00062,0.00014,0.00029,0.00075,,,2e-05,,0.00111,8e-05,6e-05,0.0,,,,0.00012,0.00131,,0.0,0.0,0.00061,0.0,0.00056,0.00062,0
478.01,0.00108,0.00093,0.0005,0.00062,0.00013,0.00029,0.00075,,,2e-05,,0.00111,8e-05,6e-05,0.0,,,,0.00012,0.00131,,0.0,0.0,0.00061,0.0,0.00056,0.00062,0
479.01,0.00108,0.00093,0.0005,0.00061,0.00013,0.00029,0.00075,,,2e-05,,0.00111,8e-05,5e-05,0.0,,,,0.00012,0.00131,,0.0,0.0,0.0006,0.0,0.00056,0.00061,0
480.01,0.00108,0.00093,0.0005,0.00061,0.00013,0.00029,0.00075,,,2e-05,,0.00111,7e-05,5e-05,0.0,,,,0.00011,0.00131,,0.0,0.0,0.0006,0.0,0.00056,0.00061,0
481.01,0.00108,0.00093,0.0005,0.00061,0.00013,0.00029,0.00075,,,2e-05,,0.00111,7e-05,5e-05,0.0,,,,0.00011,0.00131,,0.0,0.0,0.0006,0.0,0.00056,0.00061,0
482.01,0.00108,0.00093,0.0005,0.00061,0.00012,0.00029,0.00075,,,2e-05,,0.00111,7e-05,5e-05,0.0,,,,0.00011,0.00131,,0.0,0.0,0.0006,0.0,0.00055,0.00061,0
483.01,0.00108,0.00093,0.0005,0.00061,0.00012,0.00029,0.00075,,,1e-05,,0.00111,7e-05,5e-05,0.0,,,,0.00011,0.00131,,0.0,0.0,0.0006,0.0,0.00055,0.00061,0
484.01,0.00108,0.00093,0.00049,0.00061,0.00012,0.00029,0.00075,,,1e-05,,0.0011,7e-05,5e-05,0.0,,,,0.0001,0.0013,,0.0,0.0,0.0006,0.0,0.00055,0.00061,0
485.01,0.00108,0.00093,0.00049,0.00061,0.00012,0.00029,0.00075,,,1e-05,,0.0011,7e-05,5e-05,0.0,,,,0.0001,0.0013,,0.0,0.0,0.0006,0.0,0.00055,0.00061,0
486.01,0.00108,0.00093,0.00049,0.00061,0.00011,0.00029,0.00075,,,1e-05,,0.0011,6e-05,4e-05,0.0,,,,0.0001,0.0013,,0.0,0.0,0.0006,0.0,0.00054,0.00061,0
487.01,0.00108,0.00093,0.00049,0.00061,0.00011,0.00029,0.00075,,,1e-05,,0.0011,6e-05,4e-05,0.0,,,,0.0001,0.0013,,0.0,0.0,0.0006,0.0,0.00054,0.00061,0
488.01,0.00108,0.00093,0.00049,0.00061,0.00011,0.00029,0.00075,,,1e-05,,0.0011,6e-05,4e-05,0.0,,,,9e-05,0.0013,,0.0,0.0,0.0006,0.0,0.00054,0.00061,0
489.01,0.00108,0.00093,0.00049,0.00061,0.00011,0.00029,0.00075,,,1e-05,,0.0011,6e-05,4e-05,0.0,,,,9e-05,0.0013,,0.0,0.0,0.0006,0.0,0.00054,0.00061,0
490.01,0.00108,0.00093,0.00049,0.00061,0.0001,0.00029,0.00075,,,1e-05,,0.0011,6e-05,4e-05,0.0,,,,9e-05,0.0013,,0.0,0.0,0.0006,0.0,0.00053,0.00061,0
491.01,0.00108,0.00093,0.00049,0.00061,0.0001,0.00029,0.00075,,,1e-05,,0.0011,6e-05,4e-05,0.0,,,,9e-05,0.00129,,0.0,0.0,0.0006,0.0,0.00053,0.00061,0
492.01,0.00108,0.00093,0.00049,0.00061,0.0001,0.00029,0.00075,,,1e-05,,0.0011,5e-05,4e-05,0.0,,,,9e-05,0.00129,,0.0,0.0,0.0006,0.0,0.00053,0.00061,0
493.01,0.00108,0.00093,0.00048,0.00061,0.0001,0.00029,0.00075,,,1e-05,,0.0011,5e-05,3e-05,0.0,,,,8e-05,0.00129,,0.0,0.0,0.00059,0.0,0.00053,0.00061,0
494.01,0.00108,0.00093,0.00048,0.00061,9e-05,0.00029,0.00075,,,1e-05,,0.0011,5e-05,3e-05,0.0,,,,8e-05,0.00129,,0.0,0.0,0.00059,0.0,0.00053,0.00061,0
495.01,0.00108,0.00093,0.00048,0.0006,9e-05,0.00029,0.00074,,,1e-05,,0.0011,5e-05,3e-05,0.0,,,,8e-05,0.00129,,0.0,0.0,0.00059,0.0,0.00052,0.0006,0
496.01,0.00108,0.00093,0.00048,0.0006,9e-05,0.00029,0.00074,,,1e-05,,0.0011,5e-05,3e-05,0.0,,,,8e-05,0.00129,,0.0,0.0,0.00059,0.0,0.00052,0.0006,0
497.01,0.00108,0.00092,0.00048,0.0006,9e-05,0.00029,0.00074,,,1e-05,,0.00109,5e-05,3e-05,0.0,,,,8e-05,0.00129,,0.0,0.0,0.00059,0.0,0.00052,0.0006,0
498.01,0.00107,0.00092,0.00048,0.0006,9e-05,0.00029,0.00074,,,1e-05,,0.00109,4e-05,3e-05,0.0,,,,7e-05,0.00129,,0.0,0.0,0.00059,0.0,0.00052,0.0006,0
499.01,0.00107,0.00092,0.00048,0.0006,8e-05,0.00029,0.00074,,,1e-05,,0.00109,4e-05,3e-05,0.0,,,,7e-05,0.00128,,0.0,0.0,0.00059,0.0,0.00051,0.0006,0
500.01,0.00107,0.00092,0.00048,0.0006,8e-05,0.00029,0.00074,,,1e-05,,0.00109,4e-05,3e-05,0.0,,,,7e-05,0.00128,,0.0,0.0,0.00059,0.0,0.00051,0.0006,0
