time,Muttonpulao_02_fatty acids absorbed,Cholebhature_01_fatty acids absorbed,Curdrice_01_fatty acids absorbed,Lemonrice_01_fatty acids absorbed,Pasta_01_fatty acids absorbed,Masaladosa_01_fatty acids absorbed,Vegetable_Biryani_01_fatty acids absorbed,Rapid_starch_01_fatty acids absorbed,Chickenbreast_01_fatty acids absorbed,Rice_01_fatty acids absorbed,Eggwhite_01_fatty acids absorbed,Paneer_01_fatty acids absorbed,Milk_Chocolate_01_fatty acids absorbed,Peanuts_01_fatty acids absorbed,Curd_01_fatty acids absorbed,Glucose_01_fatty acids absorbed,Biscuit_01_fatty acids absorbed,Glucose_02_fatty acids absorbed,Bread_Meal_01_100_fatty acids absorbed,Chickensandwich_01_fatty acids absorbed,Ghee_01_fatty acids absorbed,Apple_Pineapplesalad_01_fatty acids absorbed,Spinach_01_fatty acids absorbed,Bread_meal_02_fatty acids absorbed,Orange_01_fatty acids absorbed,Omelette_01_fatty acids absorbed,Muttonpulao_01_fatty acids absorbed,Arabinose_01_fatty acids absorbed
1.01,9e-05,0.0001,4e-05,7e-05,0.0,7e-05,7e-05,0.0,0.0,0.0,0.0,0.00019,0.0,0.0,0.0,0.0,0.0,0.0,0.0,7e-05,0.0,0.0,0.0,0.0,0,0.0001,7e-05,0
2.01,0.0002,0.00024,0.00013,0.00019,0.0,0.00023,0.0002,0.0,0.0,0.0,0.0,0.00043,0.0,0.0,0.0,0.0,0.0,0.0,0.0,0.00019,0.0,2e-05,0.0,0.0,0,0.00028,0.00019,0
3.01,0.00025,0.00029,0.00019,0.00025,0.0,0.00033,0.00025,0.0,0.0,0.0,0.0,0.00053,0.0,0.0,0.0,0.0,0.0,0.0,0.0,0.00029,0.0,3e-05,0.0,0.0,0,0.00037,0.00025,0
4.01,0.00029,0.00029,0.00021,0.00028,0.0,0.0004,0.00026,0.0,0.0,0.0,0.0,0.00057,0.0,0.0,0.0,0.0,0.0,0.0,0.0,0.00036,0.0,4e-05,0.0,0.0,0,0.0004,0.00028,0
5.01,0.00033,0.0003,0.0002,0.00031,0.0,0.00045,0.00025,0.0,0.0,0.0,0.0,0.00064,0.0,0.0,0.0,0.0,0.0,0.0,0.0,0.00042,0.0,4e-05,0.0,0.0,0,0.00039,0.00031,0
6.01,0.00039,0.00038,0.00019,0.00033,0.0,0.00048,0.00026,0.0,0.0,0.0,0.0,0.00069,1e-05,0.0,0.0,0.0,0.0,0.0,0.0,0.00047,0.0,4e-05,0.0,0.0,0,0.0004,0.00033,0
7.01,0.00046,0.00044,0.00019,0.00034,0.0,0.00051,0.00031,0.0,0.0,0.0,0.0,0.0007,1e-05,1e-05,0.0,0.0,0.0,0.0,0.0,0.0005,0.0,4e-05,0.0,0.0,0,0.00043,0.00034,0
8.01,0.00051,0.00049,0.00019,0.00035,0.0,0.00052,0.00035,0.0,0.0,0.0,0.0,0.0007,2e-05,1e-05,0.0,0.0,0.0,0.0,0.0,0.00053,0.0,4e-05,0.0,0.0,0,0.00044,0.00035,0
9.01,0.00055,0.00053,0.00021,0.00037,0.0,0.00052,0.00037,0.0,0.0,0.0,0.0,0.00069,2e-05,1e-05,0.0,0.0,0.0,0.0,0.0,0.00054,0.0,4e-05,0.0,0.0,0,0.00041,0.00037,0
10.01,0.00058,0.00054,0.00022,0.00038,0.0,0.00052,0.00039,0.0,0.0,0.0,0.0,0.00067,3e-05,2e-05,0.0,0.0,0.0,0.0,0.0,0.00054,0.0,4e-05,0.0,0.0,0,0.00038,0.00038,0
11.01,0.0006,0.00054,0.00023,0.00039,1e-05,0.00052,0.00039,0.0,0.0,0.0,0.0,0.00065,4e-05,2e-05,1e-05,0.0,0.0,0.0,1e-05,0.00054,0.0,4e-05,0.0,1e-05,0,0.00036,0.00039,0
12.01,0.0006,0.00052,0.00023,0.00038,1e-05,0.00051,0.00038,0.0,0.0,0.0,0.0,0.00064,5e-05,2e-05,1e-05,0.0,0.0,0.0,1e-05,0.00054,0.0,4e-05,0.0,1e-05,0,0.00035,0.00038,0
13.01,0.0006,0.00049,0.00023,0.00037,1e-05,0.00051,0.00037,0.0,0.0,0.0,0.0,0.00062,6e-05,3e-05,1e-05,0.0,0.0,0.0,1e-05,0.00053,0.0,4e-05,0.0,1e-05,0,0.00035,0.00037,0
14.01,0.00058,0.00046,0.00022,0.00036,1e-05,0.0005,0.00036,0.0,0.0,0.0,0.0,0.00061,7e-05,4e-05,1e-05,0.0,0.0,0.0,1e-05,0.00052,0.0,4e-05,0.0,1e-05,0,0.00034,0.00036,0
15.01,0.00057,0.00043,0.00022,0.00035,1e-05,0.0005,0.00034,0.0,0.0,0.0,0.0,0.0006,8e-05,5e-05,1e-05,0.0,0.0,0.0,1e-05,0.00051,0.0,4e-05,0.0,1e-05,0,0.00034,0.00035,0
16.01,0.00054,0.0004,0.00022,0.00034,1e-05,0.0005,0.00033,0.0,0.0,0.0,0.0,0.00059,9e-05,6e-05,1e-05,0.0,0.0,0.0,1e-05,0.0005,0.0,4e-05,0.0,1e-05,0,0.00034,0.00034,0
17.01,0.00053,0.00039,0.00022,0.00033,2e-05,0.00049,0.00032,0.0,0.0,0.0,0.0,0.00058,0.0001,7e-05,1e-05,0.0,0.0,0.0,2e-05,0.00048,0.0,4e-05,0.0,2e-05,0,0.00034,0.00033,0
18.01,0.00051,0.00038,0.00021,0.00033,2e-05,0.00049,0.00032,0.0,0.0,0.0,0.0,0.00058,0.00012,8e-05,1e-05,0.0,0.0,0.0,2e-05,0.00047,0.0,4e-05,0.0,2e-05,0,0.00034,0.00033,0
19.01,0.0005,0.00038,0.00021,0.00033,2e-05,0.00048,0.00032,0.0,0.0,0.0,0.0,0.00058,0.00013,9e-05,1e-05,0.0,0.0,0.0,2e-05,0.00047,0.0,4e-05,0.0,2e-05,0,0.00034,0.00033,0
20.01,0.0005,0.00039,0.00021,0.00033,3e-05,0.00048,0.00032,0.0,0.0,0.0,0.0,0.00059,0.00014,0.0001,2e-05,,0.0,0.0,3e-05,0.00046,0.0,4e-05,0.0,3e-05,0,0.00035,0.00033,0
21.01,0.00051,0.0004,0.00021,0.00033,3e-05,0.00047,0.00033,0.0,0.0,0.0,0.0,0.0006,0.00015,0.00012,2e-05,,0.0,0.0,3e-05,0.00045,0.0,4e-05,0.0,3e-05,0,0.00035,0.00033,0
22.01,0.00053,0.00043,0.00021,0.00033,4e-05,0.00046,0.00034,0.0,0.0,0.0,0.0,0.00062,0.00016,0.00013,2e-05,,0.0,0.0,4e-05,0.00045,0.0,4e-05,0.0,4e-05,0,0.00035,0.00033,0
23.01,0.00056,0.00047,0.00021,0.00034,4e-05,0.00046,0.00036,0.0,0.0,0.0,0.0,0.00063,0.00017,0.00014,2e-05,,0.0,0.0,4e-05,0.00045,0.0,4e-05,0.0,4e-05,0,0.00035,0.00034,0
24.01,0.00059,0.0005,0.00021,0.00034,5e-05,0.00045,0.00036,0.0,0.0,0.0,0.0,0.00064,0.00017,0.00016,2e-05,,0.0,0.0,5e-05,0.00045,0.0,4e-05,0.0,5e-05,0,0.00034,0.00034,0
25.01,0.00059,0.00051,0.0002,0.00033,5e-05,0.00045,0.00035,0.0,0.0,0.0,0.0,0.00064,0.00018,0.00018,2e-05,,0.0,0.0,5e-05,0.00045,0.0,4e-05,0.0,5e-05,0,0.00034,0.00033,0
26.01,0.00056,0.00048,0.0002,0.00032,6e-05,0.00045,0.00034,0.0,0.0,0.0,0.0,0.00062,0.00019,0.00019,2e-05,,0.0,0.0,6e-05,0.00044,0.0,4e-05,0.0,6e-05,0,0.00034,0.00032,0
27.01,0.00052,0.00045,0.00019,0.0003,6e-05,0.00045,0.00032,0.0,0.0,0.0,0.0,0.00061,0.00019,0.00021,2e-05,,0.0,0.0,6e-05,0.00044,0.0,4e-05,0.0,6e-05,0,0.00034,0.0003,0
28.01,0.00048,0.00042,0.00019,0.00029,6e-05,0.00045,0.00031,0.0,0.0,0.0,0.0,0.0006,0.0002,0.00022,2e-05,,0.0,1e-05,7e-05,0.00044,0.0,4e-05,0.0,7e-05,0,0.00034,0.00029,0
29.01,0.00045,0.00039,0.00019,0.00028,7e-05,0.00045,0.0003,0.0,0.0,0.0,0.0,0.00059,0.00021,0.00024,2e-05,,0.0,2e-05,7e-05,0.00044,0.0,4e-05,0.0,7e-05,0,0.00034,0.00028,0
30.01,0.00042,0.00037,0.00019,0.00027,7e-05,0.00045,0.00029,0.0,0.0,0.0,0.0,0.00058,0.00021,0.00025,2e-05,,0.0,5e-05,8e-05,0.00043,0.0,4e-05,0.0,8e-05,0,0.00034,0.00027,0
31.01,0.0004,0.00035,0.00018,0.00026,8e-05,0.00045,0.00028,0.0,0.0,0.0,0.0,0.00057,0.00022,0.00027,3e-05,,0.0,0.0001,9e-05,0.00043,0.0,4e-05,0.0,8e-05,0,0.00034,0.00026,0
32.01,0.00038,0.00034,0.00018,0.00025,8e-05,0.00045,0.00027,0.0,0.0,0.0,0.0,0.00057,0.00022,0.00028,3e-05,,0.0,0.00041,9e-05,0.00042,0.0,4e-05,0.0,9e-05,0,0.00034,0.00025,0
33.01,0.00037,0.00034,0.00018,0.00025,8e-05,0.00045,0.00027,0.0,0.0,0.0,0.0,0.00056,0.00022,0.00029,3e-05,,0.0,0.00062,0.0001,0.00042,0.0,4e-05,0.0,9e-05,0,0.00034,0.00025,0
34.01,0.00036,0.00033,0.00018,0.00025,9e-05,0.00045,0.00027,0.0,0.0,0.0,0.0,0.00057,0.00023,0.0003,3e-05,,0.0,0.00074,0.0001,0.00041,0.0,4e-05,0.0,9e-05,0,0.00034,0.00025,0
35.01,0.00036,0.00034,0.00018,0.00025,9e-05,0.00045,0.00027,0.0,0.0,0.0,0.0,0.00057,0.00023,0.00032,3e-05,,0.0,0.00081,0.00011,0.00041,0.0,4e-05,0.0,0.0001,0,0.00034,0.00025,0
36.01,0.00037,0.00034,0.00018,0.00025,9e-05,0.00045,0.00028,0.0,0.0,0.0,0.0,0.00058,0.00024,0.00033,3e-05,,0.0,0.00089,0.00011,0.00041,0.0,4e-05,0.0,0.0001,0,0.00034,0.00025,0
37.01,0.00038,0.00036,0.00018,0.00025,9e-05,0.00044,0.00029,0.0,0.0,0.0,0.0,0.00059,0.00024,0.00034,3e-05,,0.0,0.00098,0.00011,0.0004,0.0,4e-05,0.0,0.0001,0,0.00034,0.00025,0
38.01,0.00041,0.00038,0.00018,0.00026,9e-05,0.00044,0.0003,0.0,0.0,1e-05,0.0,0.0006,0.00024,0.00035,3e-05,,0.0,0.00108,0.00011,0.0004,0.0,4e-05,0.0,0.0001,0,0.00034,0.00026,0
39.01,0.00044,0.00041,0.00018,0.00026,9e-05,0.00044,0.00031,0.0,0.0,1e-05,0.0,0.00061,0.00025,0.00036,3e-05,,0.0,0.00118,0.00011,0.0004,0.0,4e-05,0.0,0.0001,0,0.00034,0.00026,0
40.01,0.00048,0.00044,0.00018,0.00026,9e-05,0.00043,0.00032,0.0,0.0,1e-05,0.0,0.00062,0.00025,0.00037,3e-05,,0.0,0.00128,0.00011,0.0004,0.0,4e-05,0.0,0.0001,0,0.00034,0.00026,0
41.01,0.0005,0.00046,0.00018,0.00026,9e-05,0.00043,0.00032,1e-05,0.0,1e-05,0.0,0.00062,0.00026,0.00038,3e-05,,0.0,0.00138,0.00011,0.0004,0.0,4e-05,0.0,0.0001,0,0.00034,0.00026,0
42.01,0.0005,0.00046,0.00018,0.00025,9e-05,0.00043,0.00031,0.00026,0.0,1e-05,0.0,0.00061,0.00026,0.00039,3e-05,,0.0,0.00148,0.00011,0.0004,0.0,4e-05,0.0,0.0001,0,0.00034,0.00025,0
43.01,0.00047,0.00043,0.00018,0.00025,9e-05,0.00043,0.00029,0.00041,0.0,1e-05,0.0,0.0006,0.00026,0.00039,3e-05,,0.0,0.00159,0.0001,0.0004,0.0,4e-05,0.0,0.0001,0,0.00034,0.00025,0
44.01,0.00043,0.0004,0.00018,0.00024,9e-05,0.00043,0.00028,0.00048,0.0,1e-05,0.0,0.00059,0.00027,0.0004,3e-05,,0.0,0.00171,0.0001,0.0004,0.0,4e-05,1e-05,0.0001,0,0.00033,0.00024,0
45.01,0.0004,0.00037,0.00018,0.00024,9e-05,0.00043,0.00028,0.00053,0.0,1e-05,0.0,0.00059,0.00027,0.00041,3e-05,,0.0,0.00184,0.0001,0.0004,0.0,4e-05,1e-05,0.0001,0,0.00033,0.00024,0
46.01,0.00038,0.00035,0.00017,0.00024,9e-05,0.00043,0.00027,0.00059,0.0,1e-05,0.0,0.00058,0.00027,0.00042,3e-05,,0.0,0.002,0.0001,0.0004,0.0,4e-05,1e-05,0.0001,0,0.00033,0.00024,0
47.01,0.00036,0.00034,0.00017,0.00024,9e-05,0.00043,0.00026,0.00066,0.0,1e-05,0.0,0.00057,0.00027,0.00042,3e-05,,0.0,0.00224,0.0001,0.0004,0.0,4e-05,1e-05,0.0001,0,0.00033,0.00024,0
48.01,0.00035,0.00033,0.00017,0.00024,9e-05,0.00043,0.00026,0.00072,0.0,1e-05,0.0,0.00057,0.00028,0.00043,3e-05,,0.0,,9e-05,0.0004,0.0,4e-05,1e-05,0.0001,0,0.00033,0.00024,0
49.01,0.00034,0.00033,0.00017,0.00024,9e-05,0.00043,0.00026,0.00092,0.0,1e-05,0.0,0.00057,0.00028,0.00044,3e-05,,0.0,,9e-05,0.00039,0.0,4e-05,1e-05,0.0001,0,0.00033,0.00024,0
50.01,0.00034,0.00032,0.00017,0.00024,9e-05,0.00043,0.00026,0.00101,0.0,1e-05,0.0,0.00057,0.00028,0.00044,4e-05,,0.0,,9e-05,0.00039,0.0,4e-05,1e-05,0.0001,0,0.00034,0.00024,0
51.01,0.00034,0.00033,0.00017,0.00024,9e-05,0.00043,0.00026,0.00106,0.0,1e-05,0.0,0.00057,0.00029,0.00045,4e-05,,0.0,,9e-05,0.00039,0.0,4e-05,1e-05,0.0001,0,0.00034,0.00024,0
52.01,0.00034,0.00033,0.00017,0.00024,9e-05,0.00043,0.00027,0.0011,0.0,1e-05,0.0,0.00058,0.00029,0.00045,4e-05,,0.0,,9e-05,0.00038,0.0,4e-05,1e-05,0.0001,0,0.00034,0.00024,0
53.01,0.00035,0.00034,0.00018,0.00024,9e-05,0.00043,0.00027,0.00114,0.0,1e-05,0.0,0.00058,0.00029,0.00045,4e-05,,0.0,,9e-05,0.00038,0.0,4e-05,1e-05,0.0001,0,0.00034,0.00024,0
54.01,0.00037,0.00036,0.00018,0.00024,9e-05,0.00043,0.00028,0.00118,0.0,1e-05,0.0,0.00059,0.00029,0.00046,4e-05,,0.0,,9e-05,0.00038,0.0,4e-05,1e-05,9e-05,0,0.00034,0.00024,0
55.01,0.0004,0.00038,0.00018,0.00024,9e-05,0.00043,0.00029,0.00122,0.0,1e-05,0.0,0.0006,0.0003,0.00046,4e-05,,0.0,,9e-05,0.00038,0.0,4e-05,1e-05,9e-05,0,0.00034,0.00024,0
56.01,0.00043,0.0004,0.00018,0.00025,9e-05,0.00042,0.00029,0.00125,0.0,1e-05,0.0,0.0006,0.0003,0.00046,4e-05,,0.0,,9e-05,0.00038,0.0,4e-05,1e-05,9e-05,0,0.00034,0.00025,0
57.01,0.00046,0.00043,0.00017,0.00025,9e-05,0.00042,0.0003,0.00129,0.0,1e-05,0.0,0.00061,0.0003,0.00047,4e-05,,0.0,,9e-05,0.00038,0.0,4e-05,1e-05,9e-05,0,0.00034,0.00025,0
58.01,0.00047,0.00044,0.00017,0.00024,9e-05,0.00042,0.0003,0.00132,0.0,1e-05,0.0,0.00061,0.0003,0.00047,4e-05,,0.0,,9e-05,0.00038,0.0,4e-05,1e-05,9e-05,0,0.00034,0.00024,0
59.01,0.00046,0.00042,0.00017,0.00024,9e-05,0.00041,0.00029,0.00135,0.0,1e-05,0.0,0.0006,0.0003,0.00047,4e-05,,0.0,,9e-05,0.00038,0.0,4e-05,1e-05,9e-05,0,0.00033,0.00024,0
60.01,0.00043,0.0004,0.00017,0.00024,9e-05,0.00041,0.00028,0.00138,0.0,1e-05,0.0,0.00059,0.00031,0.00047,4e-05,,0.0,,9e-05,0.00038,0.0,4e-05,1e-05,9e-05,0,0.00033,0.00024,0
61.01,0.0004,0.00037,0.00017,0.00024,9e-05,0.00041,0.00027,0.00141,0.0,1e-05,0.0,0.00059,0.00031,0.00047,4e-05,,0.0,,9e-05,0.00038,0.0,4e-05,1e-05,9e-05,0,0.00033,0.00024,0
62.01,0.00038,0.00036,0.00017,0.00024,0.0001,0.00042,0.00027,0.00145,0.0,1e-05,0.0,0.00058,0.00031,0.00047,4e-05,,0.0,,9e-05,0.00038,0.0,4e-05,1e-05,9e-05,0,0.00033,0.00024,0
63.01,0.00036,0.00035,0.00017,0.00024,0.0001,0.00042,0.00027,0.00148,0.0,1e-05,0.0,0.00058,0.00031,0.00047,4e-05,,0.0,,9e-05,0.00038,0.0,4e-05,1e-05,9e-05,0,0.00033,0.00024,0
64.01,0.00035,0.00034,0.00017,0.00024,0.0001,0.00042,0.00026,0.00152,0.0,1e-05,0.0,0.00058,0.00031,0.00047,4e-05,,0.0,,9e-05,0.00038,0.0,4e-05,1e-05,9e-05,0,0.00033,0.00024,0
65.01,0.00034,0.00033,0.00018,0.00024,0.0001,0.00042,0.00026,0.00156,0.0,1e-05,0.0,0.00057,0.00032,0.00047,4e-05,,0.0,,9e-05,0.00037,0.0,4e-05,1e-05,9e-05,0,0.00033,0.00024,0
66.01,0.00034,0.00033,0.00018,0.00024,0.0001,0.00042,0.00027,0.0016,0.0,1e-05,0.0,0.00057,0.00032,0.00047,4e-05,,0.0,,9e-05,0.00037,0.0,4e-05,1e-05,9e-05,0,0.00034,0.00024,0
67.01,0.00034,0.00033,0.00018,0.00024,0.0001,0.00042,0.00027,0.00165,0.0,1e-05,0.0,0.00058,0.00032,0.00047,4e-05,,0.0,,9e-05,0.00037,0.0,4e-05,1e-05,9e-05,0,0.00034,0.00024,0
68.01,0.00035,0.00034,0.00018,0.00024,0.0001,0.00042,0.00027,0.00169,0.0,1e-05,0.0,0.00058,0.00032,0.00047,4e-05,,0.0,,9e-05,0.00037,0.0,4e-05,1e-05,9e-05,0,0.00034,0.00024,0
69.01,0.00035,0.00034,0.00018,0.00024,0.0001,0.00042,0.00027,0.00175,0.0,1e-05,0.0,0.00058,0.00032,0.00047,4e-05,,0.0,,9e-05,0.00037,0.0,4e-05,1e-05,9e-05,0,0.00034,0.00024,0
70.01,0.00037,0.00035,0.00018,0.00024,0.0001,0.00042,0.00028,0.00182,0.0,1e-05,0.0,0.00059,0.00032,0.00047,4e-05,,0.0,,9e-05,0.00037,0.0,4e-05,1e-05,9e-05,0,0.00034,0.00024,0
71.01,0.00038,0.00037,0.00018,0.00024,0.0001,0.00042,0.00028,0.0019,0.0,1e-05,0.0,0.0006,0.00033,0.00047,4e-05,,0.0,,9e-05,0.00036,0.0,4e-05,1e-05,9e-05,0,0.00034,0.00024,0
72.01,0.0004,0.00039,0.00018,0.00024,0.0001,0.00042,0.00029,0.00202,,1e-05,,0.0006,0.00033,0.00047,4e-05,,0.0,,9e-05,0.00036,,4e-05,1e-05,9e-05,0,0.00034,0.00024,0
73.01,0.00043,0.0004,0.00018,0.00024,0.0001,0.00041,0.00029,0.00218,,1e-05,,0.0006,0.00033,0.00047,4e-05,,0.0,,9e-05,0.00036,,4e-05,1e-05,9e-05,0,0.00034,0.00024,0
74.01,0.00045,0.00042,0.00018,0.00024,0.0001,0.00041,0.00029,0.00243,,1e-05,,0.00061,0.00033,0.00047,4e-05,,0.0,,9e-05,0.00036,,4e-05,1e-05,9e-05,0,0.00034,0.00024,0
75.01,0.00045,0.00042,0.00018,0.00024,0.0001,0.00041,0.00029,0.00269,,1e-05,,0.0006,0.00033,0.00047,4e-05,,0.0,,9e-05,0.00036,,4e-05,1e-05,9e-05,0,0.00034,0.00024,0
76.01,0.00044,0.0004,0.00018,0.00024,0.0001,0.0004,0.00029,0.00293,,1e-05,,0.0006,0.00033,0.00047,4e-05,,0.0,,9e-05,0.00036,,4e-05,1e-05,9e-05,0,0.00034,0.00024,0
77.01,0.00041,0.00039,0.00018,0.00024,0.0001,0.0004,0.00028,0.00319,,1e-05,,0.00059,0.00033,0.00047,4e-05,,0.0,,9e-05,0.00036,,4e-05,1e-05,9e-05,0,0.00034,0.00024,0
78.01,0.00039,0.00037,0.00018,0.00024,0.0001,0.0004,0.00028,0.00347,,1e-05,,0.00059,0.00033,0.00047,4e-05,,0.0,,9e-05,0.00036,,4e-05,1e-05,9e-05,0,0.00034,0.00024,0
79.01,0.00038,0.00036,0.00018,0.00024,0.0001,0.00041,0.00028,0.00371,,1e-05,,0.00059,0.00034,0.00047,4e-05,,1e-05,,9e-05,0.00036,,4e-05,1e-05,9e-05,0,0.00034,0.00024,0
80.01,0.00037,0.00035,0.00018,0.00024,0.0001,0.00041,0.00028,0.00388,,1e-05,,0.00058,0.00034,0.00047,4e-05,,1e-05,,9e-05,0.00036,,4e-05,1e-05,9e-05,0,0.00034,0.00024,0
81.01,0.00036,0.00035,0.00018,0.00024,0.0001,0.00041,0.00028,0.00397,,1e-05,,0.00058,0.00034,0.00047,4e-05,,0.0005,,9e-05,0.00036,,4e-05,1e-05,9e-05,0,0.00034,0.00024,0
82.01,0.00035,0.00034,0.00018,0.00024,0.0001,0.00041,0.00028,0.00404,,1e-05,,0.00058,0.00034,0.00047,4e-05,,0.00055,,9e-05,0.00036,,4e-05,1e-05,9e-05,0,0.00034,0.00024,0
83.01,0.00035,0.00034,0.00018,0.00024,0.0001,0.00041,0.00028,0.0041,,1e-05,,0.00058,0.00034,0.00047,4e-05,,0.001,,9e-05,0.00036,,4e-05,1e-05,9e-05,0,0.00034,0.00024,0
84.01,0.00036,0.00035,0.00018,0.00025,0.0001,0.00041,0.00028,0.00415,,1e-05,,0.00059,0.00034,0.00047,4e-05,,0.00108,,9e-05,0.00036,,4e-05,1e-05,9e-05,0,0.00034,0.00025,0
85.01,0.00036,0.00035,0.00018,0.00025,0.0001,0.00041,0.00028,0.00419,,1e-05,,0.00059,0.00034,0.00047,4e-05,,0.00112,,9e-05,0.00036,,4e-05,1e-05,9e-05,0,0.00034,0.00025,0
86.01,0.00037,0.00036,0.00018,0.00025,0.0001,0.00041,0.00028,0.00423,,1e-05,,0.00059,0.00034,0.00047,4e-05,,0.00115,,9e-05,0.00035,,4e-05,1e-05,9e-05,0,0.00034,0.00025,0
87.01,0.00038,0.00037,0.00018,0.00025,0.0001,0.00041,0.00029,0.00427,,1e-05,,0.0006,0.00034,0.00047,4e-05,,0.00118,,9e-05,0.00035,,4e-05,1e-05,9e-05,0,0.00034,0.00025,0
88.01,0.00039,0.00038,0.00018,0.00025,0.0001,0.00041,0.00029,0.0043,,1e-05,,0.0006,0.00034,0.00047,4e-05,,0.00122,,9e-05,0.00035,,4e-05,1e-05,9e-05,0,0.00034,0.00025,0
89.01,0.00041,0.00039,0.00018,0.00025,0.0001,0.0004,0.00029,0.00434,,1e-05,,0.0006,0.00035,0.00047,4e-05,,0.00125,,9e-05,0.00035,,4e-05,1e-05,9e-05,0,0.00034,0.00025,0
90.01,0.00043,0.0004,0.00018,0.00025,0.0001,0.0004,0.0003,0.00437,,1e-05,,0.00061,0.00035,0.00047,4e-05,,0.00128,,9e-05,0.00035,,4e-05,1e-05,9e-05,0,0.00034,0.00025,0
91.01,0.00044,0.00041,0.00018,0.00025,0.0001,0.0004,0.0003,0.00441,,1e-05,,0.00061,0.00035,0.00047,4e-05,,0.00131,,9e-05,0.00035,,4e-05,1e-05,9e-05,0,0.00034,0.00025,0
92.01,0.00044,0.0004,0.00018,0.00025,0.0001,0.00039,0.00029,0.00444,,1e-05,,0.0006,0.00035,0.00047,4e-05,,,,9e-05,0.00035,,4e-05,1e-05,9e-05,0,0.00034,0.00025,0
93.01,0.00042,0.00039,0.00018,0.00025,0.0001,0.00039,0.00029,0.00447,,1e-05,,0.0006,0.00035,0.00047,4e-05,,,,9e-05,0.00035,,4e-05,1e-05,9e-05,0,0.00034,0.00025,0
94.01,0.0004,0.00038,0.00018,0.00025,0.0001,0.00039,0.00029,0.0045,,1e-05,,0.0006,0.00035,0.00047,4e-05,,,,9e-05,0.00035,,4e-05,1e-05,9e-05,0,0.00034,0.00025,0
95.01,0.00039,0.00037,0.00018,0.00025,0.0001,0.00039,0.00028,0.00453,,1e-05,,0.00059,0.00035,0.00047,4e-05,,,,9e-05,0.00035,,4e-05,1e-05,9e-05,0,0.00034,0.00025,0
96.01,0.00038,0.00036,0.00018,0.00025,0.0001,0.00039,0.00028,0.00456,,1e-05,,0.00059,0.00035,0.00047,4e-05,,,,9e-05,0.00035,,4e-05,1e-05,9e-05,0,0.00034,0.00025,0
97.01,0.00037,0.00036,0.00018,0.00025,0.0001,0.00039,0.00028,0.00459,,1e-05,,0.00059,0.00035,0.00047,4e-05,,,,0.0001,0.00035,,4e-05,1e-05,9e-05,0,0.00034,0.00025,0
98.01,0.00037,0.00035,0.00018,0.00025,0.0001,0.00039,0.00028,0.00462,,1e-05,,0.00059,0.00035,0.00047,4e-05,,,,0.0001,0.00035,,4e-05,1e-05,9e-05,0,0.00034,0.00025,0
99.01,0.00036,0.00035,0.00019,0.00025,0.0001,0.00039,0.00028,0.00464,,1e-05,,0.00059,0.00035,0.00047,4e-05,,,,0.0001,0.00035,,4e-05,1e-05,9e-05,0,0.00034,0.00025,0
100.01,0.00036,0.00035,0.00019,0.00025,0.0001,0.00039,0.00028,0.00467,,1e-05,,0.00059,0.00035,0.00047,4e-05,,,,0.0001,0.00035,,4e-05,1e-05,9e-05,0,0.00034,0.00025,0
101.01,0.00037,0.00036,0.00019,0.00025,0.0001,0.00039,0.00029,0.00469,,1e-05,,0.00059,0.00035,0.00047,4e-05,,,,0.0001,0.00035,,4e-05,1e-05,9e-05,0,0.00034,0.00025,0
102.01,0.00037,0.00036,0.00019,0.00025,0.0001,0.00039,0.00029,0.00471,,1e-05,,0.00059,0.00035,0.00047,4e-05,,,,0.0001,0.00035,,4e-05,1e-05,9e-05,0,0.00034,0.00025,0
103.01,0.00038,0.00037,0.00019,0.00025,0.0001,0.00039,0.00029,0.00474,,1e-05,,0.0006,0.00035,0.00047,4e-05,,,,0.0001,0.00034,,4e-05,1e-05,9e-05,0,0.00035,0.00025,0
104.01,0.00039,0.00037,0.00019,0.00025,0.0001,0.00039,0.00029,0.00475,,1e-05,,0.0006,0.00036,0.00047,4e-05,,,,0.0001,0.00034,,4e-05,1e-05,9e-05,0,0.00035,0.00025,0
105.01,0.0004,0.00038,0.00019,0.00025,0.0001,0.00039,0.00029,0.00477,,1e-05,,0.00061,0.00036,0.00047,4e-05,,,,0.0001,0.00034,,4e-05,1e-05,9e-05,0,0.00035,0.00025,0
106.01,0.00041,0.00039,0.00019,0.00025,0.0001,0.00039,0.00029,0.00479,,1e-05,,0.00061,0.00036,0.00047,4e-05,,,,0.0001,0.00034,,4e-05,1e-05,9e-05,0,0.00035,0.00025,0
107.01,0.00042,0.0004,0.00019,0.00025,0.0001,0.00038,0.0003,0.0048,,1e-05,,0.00061,0.00036,0.00046,4e-05,,,,0.0001,0.00034,,4e-05,1e-05,9e-05,0,0.00034,0.00025,0
108.01,0.00042,0.0004,0.00019,0.00025,0.0001,0.00038,0.00029,0.00481,,1e-05,,0.00061,0.00036,0.00046,4e-05,,,,0.0001,0.00034,,4e-05,1e-05,9e-05,0,0.00034,0.00025,0
109.01,0.00042,0.00039,0.00019,0.00025,0.0001,0.00038,0.00029,0.00482,,1e-05,,0.00061,0.00036,0.00046,4e-05,,,,0.0001,0.00034,,4e-05,1e-05,9e-05,0,0.00034,0.00025,0
110.01,0.00041,0.00039,0.00019,0.00025,0.0001,0.00038,0.00029,0.00483,,1e-05,,0.0006,0.00036,0.00046,4e-05,,,,0.0001,0.00034,,4e-05,1e-05,9e-05,0,0.00034,0.00025,0
111.01,0.0004,0.00038,0.00019,0.00025,0.0001,0.00038,0.00029,0.00485,,1e-05,,0.0006,0.00036,0.00046,4e-05,,,,0.0001,0.00034,,4e-05,1e-05,9e-05,0,0.00034,0.00025,0
112.01,0.00039,0.00037,0.00019,0.00025,0.0001,0.00038,0.00029,,,1e-05,,0.0006,0.00036,0.00046,4e-05,,,,0.0001,0.00034,,4e-05,1e-05,9e-05,0,0.00034,0.00025,0
113.01,0.00038,0.00036,0.00019,0.00025,0.0001,0.00038,0.00029,,,1e-05,,0.0006,0.00036,0.00045,4e-05,,,,0.0001,0.00034,,4e-05,0.0,9e-05,0,0.00034,0.00025,0
114.01,0.00037,0.00036,0.00019,0.00025,0.0001,0.00038,0.00029,,,1e-05,,0.00059,0.00036,0.00045,4e-05,,,,0.0001,0.00034,,4e-05,0.0,9e-05,0,0.00034,0.00025,0
115.01,0.00037,0.00036,0.00019,0.00025,0.0001,0.00038,0.00029,,,1e-05,,0.00059,0.00036,0.00045,4e-05,,,,0.0001,0.00034,,4e-05,0.0,9e-05,0,0.00034,0.00025,0
116.01,0.00037,0.00036,0.00019,0.00025,0.0001,0.00038,0.00029,,,1e-05,,0.00059,0.00036,0.00045,4e-05,,,,0.0001,0.00034,,4e-05,0.0,9e-05,0,0.00034,0.00025,0
117.01,0.00037,0.00036,0.00019,0.00025,0.0001,0.00038,0.00029,,,1e-05,,0.0006,0.00036,0.00044,4e-05,,,,0.0001,0.00034,,4e-05,0.0,9e-05,0,0.00034,0.00025,0
118.01,0.00037,0.00036,0.00019,0.00025,0.0001,0.00038,0.00029,,,1e-05,,0.0006,0.00036,0.00044,4e-05,,,,0.0001,0.00034,,4e-05,0.0,9e-05,0,0.00034,0.00025,0
119.01,0.00038,0.00036,0.00019,0.00025,0.0001,0.00038,0.00029,,,1e-05,,0.0006,0.00036,0.00044,4e-05,,,,0.0001,0.00034,,4e-05,0.0,9e-05,0,0.00035,0.00025,0
120.01,0.00038,0.00037,0.00019,0.00025,0.0001,0.00038,0.00029,,,1e-05,,0.0006,0.00036,0.00044,4e-05,,,,0.0001,0.00034,,4e-05,0.0,9e-05,0,0.00035,0.00025,0
121.01,0.00039,0.00037,0.00019,0.00025,0.0001,0.00038,0.00029,,,1e-05,,0.00061,0.00036,0.00043,4e-05,,,,0.0001,0.00034,,4e-05,0.0,9e-05,0,0.00035,0.00025,0
122.01,0.0004,0.00038,0.00019,0.00025,0.0001,0.00038,0.00029,,,1e-05,,0.00061,0.00036,0.00043,4e-05,,,,0.0001,0.00033,,4e-05,0.0,9e-05,0,0.00035,0.00025,0
123.01,0.0004,0.00038,0.00019,0.00025,0.0001,0.00038,0.00029,,,1e-05,,0.00061,0.00036,0.00043,4e-05,,,,0.0001,0.00033,,4e-05,0.0,9e-05,0,0.00034,0.00025,0
124.01,0.00041,0.00039,0.00019,0.00025,0.0001,0.00038,0.00029,,,1e-05,,0.00061,0.00036,0.00043,4e-05,,,,0.0001,0.00033,,4e-05,0.0,9e-05,0,0.00034,0.00025,0
125.01,0.00041,0.00039,0.00019,0.00025,0.0001,0.00037,0.00029,,,1e-05,,0.00061,0.00036,0.00042,4e-05,,,,0.0001,0.00033,,4e-05,0.0,9e-05,0,0.00034,0.00025,0
126.01,0.00041,0.00038,0.00019,0.00025,0.0001,0.00037,0.00029,,,1e-05,,0.00061,0.00036,0.00042,4e-05,,,,0.0001,0.00033,,3e-05,0.0,9e-05,0,0.00034,0.00025,0
127.01,0.0004,0.00038,0.00019,0.00024,0.0001,0.00037,0.00029,,,1e-05,,0.0006,0.00036,0.00042,4e-05,,,,0.0001,0.00033,,3e-05,0.0,9e-05,0,0.00034,0.00024,0
128.01,0.00039,0.00037,0.00019,0.00025,0.0001,0.00037,0.00028,,,1e-05,,0.0006,0.00036,0.00041,3e-05,,,,0.0001,0.00033,,3e-05,0.0,9e-05,0,0.00034,0.00025,0
129.01,0.00038,0.00036,0.00019,0.00025,0.0001,0.00037,0.00028,,,1e-05,,0.0006,0.00036,0.00041,3e-05,,,,0.0001,0.00033,,3e-05,0.0,9e-05,0,0.00034,0.00025,0
130.01,0.00037,0.00036,0.00019,0.00025,0.0001,0.00037,0.00028,,,1e-05,,0.0006,0.00036,0.00041,3e-05,,,,0.0001,0.00033,,3e-05,0.0,9e-05,0,0.00034,0.00025,0
131.01,0.00037,0.00036,0.00019,0.00025,0.0001,0.00037,0.00028,,,1e-05,,0.0006,0.00037,0.0004,3e-05,,,,0.0001,0.00033,,3e-05,0.0,0.0001,0,0.00034,0.00025,0
132.01,0.00037,0.00036,0.00019,0.00025,0.0001,0.00038,0.00028,,,1e-05,,0.0006,0.00037,0.0004,3e-05,,,,0.0001,0.00033,,3e-05,0.0,0.0001,0,0.00034,0.00025,0
133.01,0.00037,0.00036,0.00019,0.00025,0.0001,0.00038,0.00028,,,1e-05,,0.0006,0.00037,0.0004,3e-05,,,,0.0001,0.00033,,3e-05,0.0,0.0001,0,0.00034,0.00025,0
134.01,0.00037,0.00036,0.00019,0.00025,0.0001,0.00038,0.00028,,,1e-05,,0.0006,0.00037,0.00039,3e-05,,,,0.00011,0.00033,,3e-05,0.0,0.0001,0,0.00034,0.00025,0
135.01,0.00037,0.00036,0.00019,0.00025,0.0001,0.00038,0.00028,,,1e-05,,0.0006,0.00037,0.00039,3e-05,,,,0.00011,0.00033,,3e-05,0.0,0.0001,0,0.00034,0.00025,0
136.01,0.00037,0.00036,0.00019,0.00025,0.0001,0.00038,0.00028,,,1e-05,,0.0006,0.00037,0.00039,3e-05,,,,0.00011,0.00033,,3e-05,0.0,0.0001,0,0.00034,0.00025,0
137.01,0.00038,0.00037,0.00019,0.00025,0.0001,0.00038,0.00029,,,1e-05,,0.0006,0.00037,0.00038,3e-05,,,,0.00011,0.00033,,3e-05,0.0,0.0001,0,0.00034,0.00025,0
138.01,0.00038,0.00037,0.00019,0.00025,0.0001,0.00038,0.00029,,,1e-05,,0.00061,0.00037,0.00038,3e-05,,,,0.00011,0.00033,,3e-05,0.0,0.0001,0,0.00034,0.00025,0
139.01,0.00039,0.00037,0.00019,0.00025,0.00011,0.00038,0.00029,,,1e-05,,0.00061,0.00037,0.00038,3e-05,,,,0.00011,0.00033,,3e-05,0.0,0.0001,0,0.00034,0.00025,0
140.01,0.00039,0.00037,0.00019,0.00024,0.00011,0.00038,0.00029,,,1e-05,,0.00061,0.00037,0.00037,3e-05,,,,0.00011,0.00032,,3e-05,0.0,0.0001,0,0.00034,0.00024,0
141.01,0.0004,0.00038,0.00019,0.00024,0.00011,0.00037,0.00029,,,1e-05,,0.00061,0.00037,0.00037,3e-05,,,,0.00011,0.00032,,3e-05,0.0,0.0001,0,0.00034,0.00024,0
142.01,0.0004,0.00038,0.00019,0.00024,0.00011,0.00037,0.00028,,,1e-05,,0.00061,0.00037,0.00036,3e-05,,,,0.00011,0.00032,,3e-05,0.0,0.0001,0,0.00034,0.00024,0
143.01,0.00039,0.00037,0.00019,0.00024,0.00011,0.00037,0.00028,,,1e-05,,0.0006,0.00037,0.00036,3e-05,,,,0.00011,0.00032,,3e-05,0.0,0.0001,0,0.00034,0.00024,0
144.01,0.00039,0.00037,0.00019,0.00024,0.00011,0.00037,0.00028,,,1e-05,,0.0006,0.00037,0.00036,3e-05,,,,0.00011,0.00032,,3e-05,0.0,0.0001,0,0.00034,0.00024,0
145.01,0.00038,0.00036,0.00019,0.00024,0.00011,0.00037,0.00028,,,1e-05,,0.0006,0.00037,0.00035,3e-05,,,,0.00011,0.00032,,3e-05,0.0,0.0001,0,0.00034,0.00024,0
146.01,0.00037,0.00036,0.00019,0.00024,0.00011,0.00037,0.00028,,,1e-05,,0.0006,0.00037,0.00035,3e-05,,,,0.00011,0.00032,,3e-05,0.0,0.0001,0,0.00034,0.00024,0
147.01,0.00037,0.00036,0.00019,0.00024,0.00011,0.00037,0.00028,,,1e-05,,0.0006,0.00037,0.00035,3e-05,,,,0.00011,0.00032,,3e-05,0.0,0.0001,0,0.00034,0.00024,0
148.01,0.00037,0.00035,0.00019,0.00024,0.00011,0.00037,0.00028,,,1e-05,,0.0006,0.00037,0.00034,3e-05,,,,0.00011,0.00032,,3e-05,0.0,0.0001,0,0.00034,0.00024,0
149.01,0.00037,0.00035,0.00019,0.00024,0.00011,0.00037,0.00028,,,1e-05,,0.0006,0.00037,0.00034,3e-05,,,,0.00011,0.00032,,3e-05,0.0,0.0001,0,0.00034,0.00024,0
150.01,0.00037,0.00035,0.00019,0.00024,0.00011,0.00037,0.00028,,,1e-05,,0.0006,0.00037,0.00034,3e-05,,,,0.00011,0.00032,,3e-05,0.0,0.0001,0,0.00034,0.00024,0
151.01,0.00037,0.00035,0.00019,0.00024,0.00011,0.00037,0.00028,,,1e-05,,0.0006,0.00037,0.00033,3e-05,,,,0.00011,0.00032,,3e-05,0.0,0.0001,0,0.00034,0.00024,0
152.01,0.00037,0.00036,0.00019,0.00024,0.00011,0.00037,0.00028,,,1e-05,,0.0006,0.00037,0.00033,3e-05,,,,0.00011,0.00032,,3e-05,0.0,0.0001,0,0.00034,0.00024,0
153.01,0.00037,0.00036,0.00019,0.00024,0.00011,0.00037,0.00028,,,1e-05,,0.0006,0.00037,0.00033,3e-05,,,,0.00011,0.00032,,3e-05,0.0,0.0001,0,0.00034,0.00024,0
154.01,0.00038,0.00036,0.00019,0.00024,0.00011,0.00037,0.00028,,,1e-05,,0.0006,0.00037,0.00032,3e-05,,,,0.00011,0.00032,,3e-05,0.0,0.0001,0,0.00034,0.00024,0
155.01,0.00038,0.00036,0.00019,0.00024,0.00011,0.00037,0.00028,,,1e-05,,0.0006,0.00037,0.00032,3e-05,,,,0.00011,0.00032,,3e-05,0.0,0.0001,0,0.00034,0.00024,0
156.01,0.00038,0.00037,0.00019,0.00024,0.00011,0.00037,0.00028,,,1e-05,,0.00061,0.00037,0.00032,3e-05,,,,0.00011,0.00032,,3e-05,0.0,0.0001,0,0.00034,0.00024,0
157.01,0.00039,0.00037,0.00019,0.00024,0.00011,0.00037,0.00028,,,1e-05,,0.00061,0.00037,0.00032,3e-05,,,,0.00011,0.00031,,3e-05,0.0,0.0001,0,0.00034,0.00024,0
158.01,0.00039,0.00037,0.00019,0.00024,0.00011,0.00037,0.00028,,,1e-05,,0.00061,0.00037,0.00031,3e-05,,,,0.00011,0.00031,,3e-05,0.0,0.0001,0,0.00034,0.00024,0
159.01,0.00039,0.00037,0.00019,0.00024,0.00011,0.00037,0.00028,,,1e-05,,0.0006,0.00037,0.00031,3e-05,,,,0.00011,0.00031,,3e-05,0.0,0.0001,0,0.00034,0.00024,0
160.01,0.00039,0.00036,0.00019,0.00024,0.00011,0.00036,0.00028,,,1e-05,,0.0006,0.00037,0.00031,3e-05,,,,0.00011,0.00031,,3e-05,0.0,0.0001,0,0.00034,0.00024,0
161.01,0.00038,0.00036,0.00019,0.00024,0.00011,0.00036,0.00028,,,1e-05,,0.0006,0.00037,0.0003,3e-05,,,,0.00011,0.00031,,3e-05,0.0,0.0001,0,0.00034,0.00024,0
162.01,0.00037,0.00036,0.00019,0.00024,0.00011,0.00036,0.00028,,,1e-05,,0.0006,0.00037,0.0003,3e-05,,,,0.00011,0.00031,,3e-05,0.0,0.0001,0,0.00034,0.00024,0
163.01,0.00037,0.00035,0.00019,0.00024,0.00011,0.00036,0.00028,,,1e-05,,0.0006,0.00037,0.0003,3e-05,,,,0.00011,0.00031,,3e-05,0.0,0.0001,0,0.00034,0.00024,0
164.01,0.00037,0.00035,0.00019,0.00024,0.00011,0.00036,0.00028,,,1e-05,,0.0006,0.00037,0.0003,3e-05,,,,0.00011,0.00031,,3e-05,0.0,0.0001,0,0.00034,0.00024,0
165.01,0.00036,0.00035,0.00019,0.00024,0.00011,0.00036,0.00028,,,1e-05,,0.0006,0.00037,0.00029,3e-05,,,,0.00011,0.00031,,3e-05,0.0,0.0001,0,0.00034,0.00024,0
166.01,0.00036,0.00035,0.00019,0.00024,0.00011,0.00037,0.00028,,,1e-05,,0.0006,0.00037,0.00029,3e-05,,,,0.00011,0.00031,,3e-05,0.0,0.0001,0,0.00034,0.00024,0
167.01,0.00036,0.00035,0.00019,0.00024,0.00011,0.00037,0.00028,,,1e-05,,0.0006,0.00037,0.00029,2e-05,,,,0.00011,0.00031,,3e-05,0.0,0.0001,0,0.00034,0.00024,0
168.01,0.00037,0.00035,0.00019,0.00024,0.00011,0.00037,0.00028,,,1e-05,,0.0006,0.00037,0.00029,2e-05,,,,0.00011,0.00031,,3e-05,0.0,0.0001,0,0.00034,0.00024,0
169.01,0.00037,0.00035,0.00019,0.00024,0.00011,0.00037,0.00028,,,1e-05,,0.0006,0.00037,0.00028,2e-05,,,,0.00011,0.00031,,3e-05,0.0,0.0001,0,0.00034,0.00024,0
170.01,0.00037,0.00036,0.00019,0.00024,0.00011,0.00037,0.00028,,,1e-05,,0.0006,0.00037,0.00028,2e-05,,,,0.00011,0.00031,,3e-05,0.0,0.0001,0,0.00034,0.00024,0
171.01,0.00037,0.00036,0.00019,0.00024,0.00011,0.00037,0.00028,,,1e-05,,0.0006,0.00037,0.00028,2e-05,,,,0.00011,0.00031,,3e-05,0.0,0.0001,0,0.00034,0.00024,0
172.01,0.00038,0.00036,0.00019,0.00024,0.00011,0.00037,0.00028,,,1e-05,,0.0006,0.00037,0.00028,2e-05,,,,0.00011,0.00031,,3e-05,0.0,0.0001,0,0.00034,0.00024,0
173.01,0.00038,0.00036,0.00019,0.00024,0.00011,0.00036,0.00028,,,1e-05,,0.00061,0.00037,0.00028,2e-05,,,,0.00012,0.00031,,3e-05,0.0,0.0001,0,0.00034,0.00024,0
174.01,0.00038,0.00036,0.00019,0.00024,0.00011,0.00036,0.00028,,,1e-05,,0.00061,0.00037,0.00027,2e-05,,,,0.00012,0.00031,,3e-05,0.0,0.0001,0,0.00034,0.00024,0
175.01,0.00038,0.00036,0.00019,0.00024,0.00011,0.00036,0.00028,,,1e-05,,0.00061,0.00037,0.00027,2e-05,,,,0.00012,0.0003,,3e-05,0.0,0.0001,0,0.00034,0.00024,0
176.01,0.00038,0.00036,0.00019,0.00024,0.00011,0.00036,0.00028,,,1e-05,,0.0006,0.00037,0.00027,2e-05,,,,0.00012,0.0003,,3e-05,0.0,0.0001,0,0.00033,0.00024,0
177.01,0.00038,0.00036,0.00019,0.00024,0.00011,0.00036,0.00028,,,1e-05,,0.0006,0.00037,0.00027,2e-05,,,,0.00012,0.0003,,3e-05,0.0,0.0001,0,0.00033,0.00024,0
178.01,0.00037,0.00036,0.00019,0.00024,0.00011,0.00036,0.00028,,,1e-05,,0.0006,0.00037,0.00027,2e-05,,,,0.00012,0.0003,,3e-05,0.0,0.0001,0,0.00033,0.00024,0
179.01,0.00037,0.00035,0.00019,0.00024,0.00011,0.00036,0.00028,,,1e-05,,0.0006,0.00037,0.00027,2e-05,,,,0.00012,0.0003,,3e-05,0.0,0.0001,0,0.00033,0.00024,0
180.01,0.00037,0.00035,0.00019,0.00024,0.00011,0.00036,0.00028,,,1e-05,,0.0006,0.00037,0.00026,2e-05,,,,0.00012,0.0003,,3e-05,0.0,0.0001,0,0.00033,0.00024,0
181.01,0.00037,0.00035,0.00019,0.00024,0.00011,0.00036,0.00028,,,1e-05,,0.0006,0.00037,0.00026,2e-05,,,,0.00012,0.0003,,3e-05,0.0,0.0001,0,0.00033,0.00024,0
182.01,0.00036,0.00035,0.00019,0.00024,0.00011,0.00036,0.00028,,,1e-05,,0.0006,0.00037,0.00026,2e-05,,,,0.00012,0.0003,,3e-05,0.0,0.0001,0,0.00033,0.00024,0
183.01,0.00036,0.00035,0.00019,0.00024,0.00011,0.00036,0.00028,,,1e-05,,0.0006,0.00037,0.00026,2e-05,,,,0.00012,0.0003,,3e-05,0.0,0.0001,0,0.00033,0.00024,0
184.01,0.00036,0.00035,0.00019,0.00024,0.00011,0.00036,0.00028,,,1e-05,,0.0006,0.00037,0.00026,2e-05,,,,0.00012,0.0003,,3e-05,0.0,0.0001,0,0.00033,0.00024,0
185.01,0.00036,0.00035,0.00019,0.00024,0.00011,0.00036,0.00028,,,1e-05,,0.0006,0.00037,0.00026,2e-05,,,,0.00012,0.0003,,3e-05,0.0,0.0001,0,0.00033,0.00024,0
186.01,0.00037,0.00035,0.00019,0.00024,0.00011,0.00036,0.00028,,,1e-05,,0.0006,0.00037,0.00026,2e-05,,,,0.00012,0.0003,,3e-05,0.0,0.0001,0,0.00033,0.00024,0
187.01,0.00037,0.00035,0.00019,0.00024,0.00011,0.00036,0.00028,,,1e-05,,0.0006,0.00037,0.00025,2e-05,,,,0.00012,0.0003,,3e-05,0.0,0.0001,0,0.00033,0.00024,0
188.01,0.00037,0.00035,0.00019,0.00024,0.00012,0.00036,0.00028,,,1e-05,,0.0006,0.00037,0.00025,2e-05,,,,0.00012,0.0003,,3e-05,0.0,0.0001,0,0.00033,0.00024,0
189.01,0.00037,0.00036,0.0002,0.00024,0.00012,0.00036,0.00028,,,1e-05,,0.00061,0.00037,0.00025,2e-05,,,,0.00012,0.0003,,3e-05,0.0,0.0001,0,0.00033,0.00024,0
190.01,0.00038,0.00036,0.00019,0.00024,0.00012,0.00036,0.00028,,,1e-05,,0.00061,0.00037,0.00025,2e-05,,,,0.00012,0.0003,,3e-05,0.0,0.0001,0,0.00033,0.00024,0
191.01,0.00038,0.00036,0.00019,0.00024,0.00012,0.00036,0.00028,,,1e-05,,0.00061,0.00037,0.00025,2e-05,,,,0.00012,0.0003,,3e-05,0.0,0.0001,0,0.00033,0.00024,0
192.01,0.00038,0.00036,0.00019,0.00024,0.00012,0.00035,0.00028,,,1e-05,,0.00061,0.00037,0.00025,2e-05,,,,0.00012,0.0003,,2e-05,0.0,0.0001,0,0.00033,0.00024,0
193.01,0.00038,0.00036,0.00019,0.00024,0.00012,0.00035,0.00028,,,1e-05,,0.0006,0.00037,0.00025,2e-05,,,,0.00012,0.0003,,2e-05,0.0,0.0001,0,0.00033,0.00024,0
194.01,0.00037,0.00035,0.00019,0.00024,0.00012,0.00035,0.00028,,,1e-05,,0.0006,0.00037,0.00025,2e-05,,,,0.00012,0.0003,,2e-05,0.0,0.0001,0,0.00033,0.00024,0
195.01,0.00037,0.00035,0.00019,0.00024,0.00012,0.00035,0.00028,,,1e-05,,0.0006,0.00037,0.00025,2e-05,,,,0.00012,0.0003,,2e-05,0.0,0.0001,0,0.00033,0.00024,0
196.01,0.00037,0.00035,0.00019,0.00024,0.00012,0.00035,0.00028,,,1e-05,,0.0006,0.00037,0.00024,2e-05,,,,0.00012,0.0003,,2e-05,0.0,0.0001,0,0.00033,0.00024,0
197.01,0.00037,0.00035,0.0002,0.00024,0.00012,0.00035,0.00028,,,1e-05,,0.0006,0.00037,0.00024,2e-05,,,,0.00012,0.0003,,2e-05,0.0,0.0001,0,0.00033,0.00024,0
198.01,0.00036,0.00035,0.0002,0.00024,0.00012,0.00035,0.00028,,,1e-05,,0.0006,0.00037,0.00024,2e-05,,,,0.00012,0.0003,,2e-05,0.0,0.0001,0,0.00033,0.00024,0
199.01,0.00036,0.00035,0.0002,0.00024,0.00012,0.00035,0.00028,,,1e-05,,0.0006,0.00037,0.00024,2e-05,,,,0.00012,0.0003,,2e-05,0.0,0.0001,0,0.00033,0.00024,0
200.01,0.00036,0.00035,0.0002,0.00024,0.00012,0.00035,0.00028,,,1e-05,,0.0006,0.00037,0.00024,2e-05,,,,0.00012,0.0003,,2e-05,0.0,0.0001,0,0.00033,0.00024,0
201.01,0.00036,0.00035,0.0002,0.00025,0.00012,0.00035,0.00028,,,1e-05,,0.0006,0.00037,0.00024,2e-05,,,,0.00012,0.0003,,2e-05,0.0,0.0001,0,0.00033,0.00025,0
202.01,0.00037,0.00035,0.0002,0.00025,0.00012,0.00035,0.00028,,,1e-05,,0.0006,0.00037,0.00024,2e-05,,,,0.00012,0.0003,,2e-05,0.0,0.0001,0,0.00033,0.00025,0
203.01,0.00037,0.00035,0.0002,0.00025,0.00012,0.00035,0.00028,,,1e-05,,0.0006,0.00037,0.00024,2e-05,,,,0.00012,0.0003,,2e-05,0.0,0.0001,0,0.00033,0.00025,0
204.01,0.00037,0.00035,0.0002,0.00025,0.00012,0.00035,0.00028,,,1e-05,,0.0006,0.00037,0.00024,2e-05,,,,0.00012,0.0003,,2e-05,0.0,0.0001,0,0.00033,0.00025,0
205.01,0.00037,0.00035,0.0002,0.00025,0.00012,0.00035,0.00028,,,1e-05,,0.0006,0.00037,0.00024,1e-05,,,,0.00012,0.0003,,2e-05,0.0,0.0001,0,0.00033,0.00025,0
206.01,0.00037,0.00035,0.0002,0.00025,0.00012,0.00035,0.00028,,,1e-05,,0.00061,0.00037,0.00024,1e-05,,,,0.00012,0.0003,,2e-05,0.0,0.0001,0,0.00033,0.00025,0
207.01,0.00037,0.00035,0.0002,0.00025,0.00012,0.00035,0.00028,,,1e-05,,0.00061,0.00037,0.00024,1e-05,,,,0.00012,0.0003,,2e-05,0.0,0.0001,0,0.00033,0.00025,0
208.01,0.00037,0.00035,0.0002,0.00025,0.00012,0.00035,0.00028,,,1e-05,,0.00061,0.00037,0.00023,1e-05,,,,0.00012,0.0003,,2e-05,0.0,0.0001,0,0.00033,0.00025,0
209.01,0.00038,0.00035,0.0002,0.00024,0.00012,0.00035,0.00028,,,1e-05,,0.00061,0.00037,0.00023,1e-05,,,,0.00012,0.0003,,2e-05,0.0,0.0001,0,0.00033,0.00024,0
210.01,0.00037,0.00035,0.0002,0.00024,0.00012,0.00034,0.00028,,,1e-05,,0.0006,0.00037,0.00023,1e-05,,,,0.00012,0.0003,,2e-05,0.0,0.0001,0,0.00033,0.00024,0
211.01,0.00037,0.00035,0.0002,0.00024,0.00012,0.00034,0.00028,,,1e-05,,0.0006,0.00036,0.00023,1e-05,,,,0.00012,0.0003,,2e-05,0.0,0.0001,0,0.00033,0.00024,0
212.01,0.00037,0.00035,0.0002,0.00024,0.00012,0.00034,0.00028,,,1e-05,,0.0006,0.00036,0.00023,1e-05,,,,0.00012,0.0003,,2e-05,0.0,0.0001,0,0.00033,0.00024,0
213.01,0.00037,0.00035,0.0002,0.00024,0.00012,0.00034,0.00028,,,1e-05,,0.0006,0.00036,0.00023,1e-05,,,,0.00013,0.0003,,2e-05,0.0,0.0001,0,0.00033,0.00024,0
214.01,0.00037,0.00035,0.0002,0.00025,0.00012,0.00034,0.00028,,,1e-05,,0.0006,0.00036,0.00023,1e-05,,,,0.00013,0.0003,,2e-05,0.0,0.00011,0,0.00033,0.00025,0
215.01,0.00036,0.00035,0.0002,0.00025,0.00012,0.00034,0.00028,,,1e-05,,0.0006,0.00036,0.00023,1e-05,,,,0.00013,0.0003,,2e-05,0.0,0.00011,0,0.00033,0.00025,0
216.01,0.00036,0.00035,0.0002,0.00025,0.00012,0.00034,0.00028,,,1e-05,,0.0006,0.00036,0.00023,1e-05,,,,0.00013,0.0003,,2e-05,0.0,0.00011,0,0.00033,0.00025,0
217.01,0.00036,0.00035,0.0002,0.00025,0.00012,0.00034,0.00028,,,1e-05,,0.0006,0.00036,0.00023,1e-05,,,,0.00013,0.0003,,2e-05,0.0,0.00011,0,0.00033,0.00025,0
218.01,0.00036,0.00035,0.0002,0.00025,0.00012,0.00034,0.00028,,,1e-05,,0.0006,0.00036,0.00023,1e-05,,,,0.00013,0.0003,,2e-05,0.0,0.00011,0,0.00033,0.00025,0
219.01,0.00037,0.00035,0.0002,0.00025,0.00012,0.00034,0.00028,,,1e-05,,0.0006,0.00036,0.00023,1e-05,,,,0.00013,0.0003,,2e-05,0.0,0.00011,0,0.00033,0.00025,0
220.01,0.00037,0.00035,0.0002,0.00025,0.00012,0.00034,0.00028,,,1e-05,,0.0006,0.00036,0.00023,1e-05,,,,0.00013,0.0003,,2e-05,0.0,0.00011,0,0.00033,0.00025,0
221.01,0.00037,0.00035,0.0002,0.00025,0.00012,0.00034,0.00028,,,1e-05,,0.0006,0.00036,0.00023,1e-05,,,,0.00013,0.0003,,2e-05,0.0,0.00011,0,0.00033,0.00025,0
222.01,0.00037,0.00035,0.0002,0.00025,0.00012,0.00034,0.00028,,,1e-05,,0.00061,0.00036,0.00023,1e-05,,,,0.00013,0.0003,,2e-05,0.0,0.00011,0,0.00033,0.00025,0
223.01,0.00037,0.00035,0.0002,0.00025,0.00012,0.00034,0.00028,,,1e-05,,0.00061,0.00036,0.00023,1e-05,,,,0.00013,0.0003,,2e-05,0.0,0.00011,0,0.00033,0.00025,0
224.01,0.00037,0.00035,0.0002,0.00025,0.00012,0.00034,0.00028,,,1e-05,,0.00061,0.00036,0.00023,1e-05,,,,0.00013,0.0003,,2e-05,0.0,0.00011,0,0.00033,0.00025,0
225.01,0.00037,0.00035,0.0002,0.00025,0.00012,0.00034,0.00028,,,1e-05,,0.00061,0.00036,0.00023,1e-05,,,,0.00013,0.0003,,2e-05,0.0,0.00011,0,0.00032,0.00025,0
226.01,0.00037,0.00035,0.0002,0.00025,0.00012,0.00034,0.00028,,,1e-05,,0.00061,0.00036,0.00023,1e-05,,,,0.00013,0.00029,,2e-05,0.0,0.00011,0,0.00032,0.00025,0
227.01,0.00037,0.00035,0.0002,0.00025,0.00012,0.00033,0.00028,,,1e-05,,0.0006,0.00036,0.00023,1e-05,,,,0.00013,0.00029,,2e-05,0.0,0.00011,0,0.00032,0.00025,0
228.01,0.00037,0.00035,0.0002,0.00025,0.00012,0.00033,0.00028,,,1e-05,,0.0006,0.00036,0.00023,1e-05,,,,0.00013,0.00029,,2e-05,0.0,0.00011,0,0.00032,0.00025,0
229.01,0.00037,0.00035,0.0002,0.00025,0.00013,0.00033,0.00028,,,1e-05,,0.0006,0.00036,0.00023,1e-05,,,,0.00013,0.00029,,2e-05,0.0,0.00011,0,0.00032,0.00025,0
230.01,0.00037,0.00035,0.0002,0.00025,0.00013,0.00033,0.00028,,,1e-05,,0.0006,0.00036,0.00023,1e-05,,,,0.00013,0.00029,,2e-05,0.0,0.00011,0,0.00032,0.00025,0
231.01,0.00037,0.00035,0.0002,0.00025,0.00013,0.00033,0.00028,,,1e-05,,0.0006,0.00036,0.00023,1e-05,,,,0.00013,0.00029,,2e-05,0.0,0.00011,0,0.00032,0.00025,0
232.01,0.00037,0.00035,0.0002,0.00025,0.00013,0.00033,0.00028,,,1e-05,,0.0006,0.00036,0.00022,1e-05,,,,0.00013,0.00029,,2e-05,0.0,0.00011,0,0.00032,0.00025,0
233.01,0.00037,0.00035,0.0002,0.00025,0.00013,0.00033,0.00028,,,1e-05,,0.0006,0.00036,0.00022,1e-05,,,,0.00013,0.00029,,2e-05,0.0,0.00011,0,0.00032,0.00025,0
234.01,0.00037,0.00035,0.0002,0.00025,0.00013,0.00033,0.00028,,,1e-05,,0.0006,0.00036,0.00022,1e-05,,,,0.00013,0.00029,,2e-05,0.0,0.00011,0,0.00032,0.00025,0
235.01,0.00037,0.00035,0.0002,0.00025,0.00013,0.00033,0.00028,,,1e-05,,0.0006,0.00036,0.00022,1e-05,,,,0.00013,0.00029,,2e-05,0.0,0.00011,0,0.00032,0.00025,0
236.01,0.00037,0.00035,0.0002,0.00025,0.00013,0.00033,0.00028,,,1e-05,,0.0006,0.00036,0.00022,1e-05,,,,0.00013,0.00029,,2e-05,0.0,0.00011,0,0.00032,0.00025,0
237.01,0.00037,0.00035,0.0002,0.00025,0.00013,0.00033,0.00029,,,1e-05,,0.0006,0.00036,0.00022,1e-05,,,,0.00013,0.00029,,2e-05,0.0,0.00011,0,0.00032,0.00025,0
238.01,0.00037,0.00035,0.0002,0.00025,0.00013,0.00033,0.00029,,,1e-05,,0.00061,0.00036,0.00022,1e-05,,,,0.00013,0.00029,,2e-05,0.0,0.00011,0,0.00032,0.00025,0
239.01,0.00037,0.00035,0.0002,0.00025,0.00013,0.00033,0.00029,,,1e-05,,0.00061,0.00036,0.00022,1e-05,,,,0.00013,0.00029,,2e-05,0.0,0.00011,0,0.00032,0.00025,0
240.01,0.00037,0.00035,0.0002,0.00025,0.00013,0.00033,0.00029,,,1e-05,,0.00061,0.00036,0.00022,1e-05,,,,0.00013,0.00029,,2e-05,0.0,0.00011,0,0.00032,0.00025,0
241.01,0.00037,0.00035,0.0002,0.00025,0.00013,0.00033,0.00029,,,1e-05,,0.00061,0.00036,0.00022,1e-05,,,,0.00013,0.00029,,2e-05,0.0,0.00011,0,0.00032,0.00025,0
242.01,0.00037,0.00035,0.0002,0.00025,0.00013,0.00033,0.00029,,,1e-05,,0.00061,0.00036,0.00022,1e-05,,,,0.00013,0.00029,,2e-05,0.0,0.00011,0,0.00032,0.00025,0
243.01,0.00037,0.00035,0.0002,0.00025,0.00013,0.00033,0.00029,,,1e-05,,0.00061,0.00035,0.00022,1e-05,,,,0.00013,0.00029,,2e-05,0.0,0.00011,0,0.00032,0.00025,0
244.01,0.00037,0.00035,0.0002,0.00025,0.00013,0.00033,0.00029,,,1e-05,,0.00061,0.00035,0.00022,1e-05,,,,0.00013,0.00029,,2e-05,0.0,0.00011,0,0.00032,0.00025,0
245.01,0.00037,0.00035,0.0002,0.00025,0.00013,0.00032,0.00028,,,1e-05,,0.0006,0.00035,0.00022,1e-05,,,,0.00013,0.00029,,2e-05,0.0,0.00011,0,0.00032,0.00025,0
246.01,0.00037,0.00035,0.0002,0.00025,0.00013,0.00032,0.00028,,,1e-05,,0.0006,0.00035,0.00022,1e-05,,,,0.00013,0.00029,,2e-05,0.0,0.00011,0,0.00032,0.00025,0
247.01,0.00037,0.00035,0.0002,0.00025,0.00013,0.00032,0.00029,,,1e-05,,0.0006,0.00035,0.00022,1e-05,,,,0.00013,0.00029,,2e-05,0.0,0.00011,0,0.00032,0.00025,0
248.01,0.00037,0.00035,0.0002,0.00025,0.00013,0.00032,0.00029,,,1e-05,,0.0006,0.00035,0.00022,1e-05,,,,0.00013,0.00029,,2e-05,0.0,0.00011,0,0.00032,0.00025,0
249.01,0.00037,0.00035,0.0002,0.00025,0.00013,0.00032,0.00029,,,1e-05,,0.0006,0.00035,0.00022,1e-05,,,,0.00013,0.00029,,2e-05,0.0,0.00011,0,0.00032,0.00025,0
250.01,0.00037,0.00035,0.0002,0.00025,0.00013,0.00032,0.00029,,,1e-05,,0.0006,0.00035,0.00022,1e-05,,,,0.00013,0.00029,,2e-05,0.0,0.00012,0,0.00032,0.00025,0
251.01,0.00037,0.00035,0.0002,0.00025,0.00013,0.00032,0.00029,,,1e-05,,0.0006,0.00035,0.00022,1e-05,,,,0.00013,0.00029,,2e-05,0.0,0.00012,0,0.00032,0.00025,0
252.01,0.00037,0.00035,0.0002,0.00025,0.00013,0.00032,0.00029,,,1e-05,,0.0006,0.00035,0.00022,1e-05,,,,0.00013,0.00029,,1e-05,0.0,0.00012,0,0.00032,0.00025,0
253.01,0.00037,0.00035,0.00021,0.00025,0.00013,0.00032,0.00029,,,1e-05,,0.0006,0.00035,0.00022,1e-05,,,,0.00013,0.00029,,1e-05,0.0,0.00012,0,0.00032,0.00025,0
254.01,0.00037,0.00035,0.00021,0.00025,0.00013,0.00032,0.00029,,,1e-05,,0.00061,0.00035,0.00022,1e-05,,,,0.00013,0.00029,,1e-05,0.0,0.00012,0,0.00032,0.00025,0
255.01,0.00037,0.00035,0.00021,0.00025,0.00013,0.00032,0.00029,,,1e-05,,0.00061,0.00035,0.00022,1e-05,,,,0.00013,0.00029,,1e-05,0.0,0.00012,0,0.00032,0.00025,0
256.01,0.00037,0.00035,0.00021,0.00025,0.00013,0.00032,0.00029,,,1e-05,,0.00061,0.00035,0.00022,1e-05,,,,0.00013,0.00029,,1e-05,0.0,0.00012,0,0.00032,0.00025,0
257.01,0.00037,0.00036,0.00021,0.00025,0.00013,0.00032,0.00029,,,1e-05,,0.00061,0.00035,0.00022,1e-05,,,,0.00013,0.00029,,1e-05,0.0,0.00012,0,0.00031,0.00025,0
258.01,0.00037,0.00036,0.00021,0.00025,0.00013,0.00032,0.00029,,,1e-05,,0.00061,0.00035,0.00022,1e-05,,,,0.00013,0.00029,,1e-05,0.0,0.00012,0,0.00031,0.00025,0
259.01,0.00037,0.00036,0.00021,0.00025,0.00013,0.00032,0.00029,,,1e-05,,0.00061,0.00035,0.00022,1e-05,,,,0.00013,0.00029,,1e-05,0.0,0.00012,0,0.00031,0.00025,0
260.01,0.00037,0.00036,0.00021,0.00025,0.00013,0.00032,0.00029,,,1e-05,,0.00061,0.00035,0.00022,0.0,,,,0.00013,0.00029,,1e-05,0.0,0.00012,0,0.00031,0.00025,0
261.01,0.00037,0.00036,0.00021,0.00025,0.00013,0.00032,0.00029,,,1e-05,,0.00061,0.00035,0.00022,0.0,,,,0.00013,0.00029,,1e-05,0.0,0.00012,0,0.00031,0.00025,0
262.01,0.00037,0.00035,0.00021,0.00025,0.00013,0.00031,0.00029,,,1e-05,,0.0006,0.00035,0.00022,0.0,,,,0.00013,0.00029,,1e-05,0.0,0.00012,0,0.00031,0.00025,0
263.01,0.00037,0.00035,0.00021,0.00025,0.00013,0.00031,0.00029,,,1e-05,,0.0006,0.00035,0.00022,0.0,,,,0.00014,0.00029,,1e-05,0.0,0.00012,0,0.00031,0.00025,0
264.01,0.00037,0.00035,0.00021,0.00025,0.00013,0.00031,0.00029,,,1e-05,,0.0006,0.00035,0.00022,0.0,,,,0.00014,0.00029,,1e-05,0.0,0.00012,0,0.00031,0.00025,0
265.01,0.00037,0.00036,0.00021,0.00025,0.00013,0.00031,0.00029,,,1e-05,,0.0006,0.00034,0.00022,0.0,,,,0.00014,0.00029,,1e-05,0.0,0.00012,0,0.00031,0.00025,0
266.01,0.00037,0.00036,0.00021,0.00025,0.00013,0.00031,0.00029,,,1e-05,,0.0006,0.00034,0.00022,0.0,,,,0.00014,0.00029,,1e-05,0.0,0.00012,0,0.00031,0.00025,0
267.01,0.00037,0.00036,0.00021,0.00026,0.00013,0.00031,0.00029,,,1e-05,,0.0006,0.00034,0.00022,0.0,,,,0.00014,0.00029,,1e-05,0.0,0.00012,0,0.00031,0.00026,0
268.01,0.00037,0.00036,0.00021,0.00026,0.00013,0.00031,0.00029,,,1e-05,,0.0006,0.00034,0.00022,0.0,,,,0.00014,0.00029,,1e-05,0.0,0.00012,0,0.00031,0.00026,0
269.01,0.00037,0.00036,0.00021,0.00026,0.00013,0.00031,0.00029,,,1e-05,,0.0006,0.00034,0.00022,0.0,,,,0.00014,0.00029,,1e-05,0.0,0.00012,0,0.00031,0.00026,0
270.01,0.00037,0.00036,0.00021,0.00026,0.00013,0.00031,0.00029,,,1e-05,,0.00061,0.00034,0.00022,0.0,,,,0.00014,0.00029,,1e-05,0.0,0.00012,0,0.00031,0.00026,0
271.01,0.00037,0.00036,0.00021,0.00026,0.00013,0.00031,0.00029,,,1e-05,,0.00061,0.00034,0.00022,0.0,,,,0.00014,0.00029,,1e-05,0.0,0.00012,0,0.00031,0.00026,0
272.01,0.00037,0.00036,0.00021,0.00026,0.00013,0.00031,0.00029,,,1e-05,,0.00061,0.00034,0.00022,0.0,,,,0.00014,0.00029,,1e-05,0.0,0.00012,0,0.00031,0.00026,0
273.01,0.00037,0.00036,0.00021,0.00026,0.00013,0.00031,0.00029,,,1e-05,,0.00061,0.00034,0.00022,0.0,,,,0.00014,0.00029,,1e-05,0.0,0.00012,0,0.00031,0.00026,0
274.01,0.00037,0.00036,0.00021,0.00026,0.00013,0.00031,0.00029,,,1e-05,,0.00061,0.00034,0.00022,0.0,,,,0.00014,0.00029,,1e-05,0.0,0.00012,0,0.00031,0.00026,0
275.01,0.00037,0.00036,0.00021,0.00026,0.00013,0.00031,0.00029,,,1e-05,,0.00061,0.00034,0.00022,0.0,,,,0.00014,0.00029,,1e-05,0.0,0.00012,0,0.00031,0.00026,0
276.01,0.00037,0.00036,0.00021,0.00026,0.00013,0.00031,0.00029,,,1e-05,,0.00061,0.00034,0.00022,0.0,,,,0.00014,0.00029,,1e-05,0.0,0.00012,0,0.00031,0.00026,0
277.01,0.00037,0.00036,0.00021,0.00026,0.00013,0.00031,0.00029,,,1e-05,,0.00061,0.00034,0.00022,0.0,,,,0.00014,0.00029,,1e-05,0.0,0.00012,0,0.00031,0.00026,0
278.01,0.00037,0.00036,0.00021,0.00026,0.00013,0.00031,0.00029,,,1e-05,,0.00061,0.00034,0.00022,0.0,,,,0.00014,0.00029,,1e-05,0.0,0.00013,0,0.00031,0.00026,0
279.01,0.00037,0.00036,0.00021,0.00026,0.00013,0.0003,0.00029,,,1e-05,,0.0006,0.00034,0.00022,0.0,,,,0.00014,0.00029,,1e-05,0.0,0.00013,0,0.0003,0.00026,0
280.01,0.00037,0.00036,0.00021,0.00026,0.00013,0.0003,0.00029,,,1e-05,,0.0006,0.00034,0.00022,0.0,,,,0.00014,0.00029,,1e-05,0.0,0.00013,0,0.0003,0.00026,0
281.01,0.00037,0.00036,0.00021,0.00026,0.00013,0.0003,0.00029,,,1e-05,,0.0006,0.00034,0.00022,0.0,,,,0.00014,0.00029,,1e-05,0.0,0.00013,0,0.0003,0.00026,0
282.01,0.00037,0.00036,0.00021,0.00026,0.00013,0.0003,0.00029,,,1e-05,,0.0006,0.00034,0.00022,0.0,,,,0.00014,0.00029,,1e-05,0.0,0.00013,0,0.0003,0.00026,0
283.01,0.00037,0.00036,0.00021,0.00026,0.00014,0.0003,0.00029,,,1e-05,,0.0006,0.00033,0.00022,0.0,,,,0.00014,0.00029,,1e-05,0.0,0.00013,0,0.0003,0.00026,0
284.01,0.00037,0.00036,0.00021,0.00026,0.00014,0.0003,0.00029,,,1e-05,,0.0006,0.00033,0.00022,0.0,,,,0.00014,0.00029,,1e-05,0.0,0.00013,0,0.0003,0.00026,0
285.01,0.00037,0.00036,0.00021,0.00026,0.00014,0.0003,0.00029,,,1e-05,,0.0006,0.00033,0.00022,0.0,,,,0.00014,0.00029,,1e-05,0.0,0.00013,0,0.0003,0.00026,0
286.01,0.00037,0.00036,0.00021,0.00026,0.00014,0.0003,0.00029,,,1e-05,,0.0006,0.00033,0.00022,0.0,,,,0.00014,0.00029,,1e-05,0.0,0.00013,0,0.0003,0.00026,0
287.01,0.00037,0.00036,0.00021,0.00026,0.00014,0.0003,0.0003,,,1e-05,,0.00061,0.00033,0.00023,0.0,,,,0.00014,0.00029,,1e-05,0.0,0.00013,0,0.0003,0.00026,0
288.01,0.00037,0.00036,0.00021,0.00026,0.00014,0.0003,0.0003,,,1e-05,,0.00061,0.00033,0.00023,0.0,,,,0.00014,0.00029,,1e-05,0.0,0.00013,0,0.0003,0.00026,0
289.01,0.00037,0.00037,0.00021,0.00026,0.00014,0.0003,0.0003,,,1e-05,,0.00061,0.00033,0.00023,0.0,,,,0.00014,0.00029,,1e-05,0.0,0.00013,0,0.0003,0.00026,0
290.01,0.00037,0.00037,0.00021,0.00026,0.00014,0.0003,0.0003,,,1e-05,,0.00061,0.00033,0.00023,0.0,,,,0.00014,0.00029,,1e-05,0.0,0.00013,0,0.0003,0.00026,0
291.01,0.00038,0.00037,0.00021,0.00026,0.00014,0.0003,0.0003,,,1e-05,,0.00061,0.00033,0.00023,0.0,,,,0.00014,0.00029,,1e-05,0.0,0.00013,0,0.0003,0.00026,0
292.01,0.00038,0.00037,0.00021,0.00026,0.00014,0.0003,0.0003,,,1e-05,,0.00061,0.00033,0.00023,0.0,,,,0.00014,0.00029,,1e-05,0.0,0.00013,0,0.0003,0.00026,0
293.01,0.00038,0.00037,0.00021,0.00026,0.00014,0.0003,0.0003,,,1e-05,,0.00061,0.00033,0.00023,0.0,,,,0.00014,0.00029,,1e-05,0.0,0.00013,0,0.0003,0.00026,0
294.01,0.00038,0.00037,0.00021,0.00026,0.00014,0.0003,0.0003,,,1e-05,,0.00061,0.00033,0.00023,0.0,,,,0.00014,0.00029,,1e-05,0.0,0.00013,0,0.0003,0.00026,0
295.01,0.00038,0.00037,0.00021,0.00026,0.00014,0.0003,0.0003,,,1e-05,,0.00061,0.00033,0.00023,0.0,,,,0.00014,0.00029,,1e-05,0.0,0.00013,0,0.0003,0.00026,0
296.01,0.00037,0.00037,0.00021,0.00026,0.00014,0.00029,0.0003,,,1e-05,,0.0006,0.00033,0.00023,0.0,,,,0.00014,0.00029,,1e-05,0.0,0.00013,0,0.0003,0.00026,0
297.01,0.00037,0.00037,0.00021,0.00026,0.00014,0.00029,0.0003,,,1e-05,,0.0006,0.00033,0.00023,0.0,,,,0.00014,0.00029,,1e-05,0.0,0.00013,0,0.0003,0.00026,0
298.01,0.00037,0.00037,0.00021,0.00026,0.00014,0.00029,0.0003,,,1e-05,,0.0006,0.00032,0.00023,0.0,,,,0.00014,0.00029,,1e-05,0.0,0.00013,0,0.0003,0.00026,0
299.01,0.00037,0.00037,0.00021,0.00026,0.00014,0.00029,0.0003,,,1e-05,,0.0006,0.00032,0.00023,0.0,,,,0.00014,0.00029,,1e-05,0.0,0.00013,0,0.0003,0.00026,0
300.01,0.00037,0.00037,0.00021,0.00026,0.00014,0.00029,0.0003,,,1e-05,,0.0006,0.00032,0.00023,0.0,,,,0.00014,0.00029,,1e-05,0.0,0.00013,0,0.0003,0.00026,0
301.01,0.00037,0.00037,0.00021,0.00026,0.00014,0.00029,0.0003,,,0.0,,0.0006,0.00032,0.00023,0.0,,,,0.00014,0.00029,,1e-05,0.0,0.00013,0,0.0003,0.00026,0
302.01,0.00037,0.00037,0.00021,0.00026,0.00014,0.00029,0.0003,,,0.0,,0.0006,0.00032,0.00023,0.0,,,,0.00014,0.00029,,1e-05,0.0,0.00013,0,0.0003,0.00026,0
303.01,0.00038,0.00037,0.00021,0.00026,0.00014,0.00029,0.0003,,,0.0,,0.0006,0.00032,0.00023,0.0,,,,0.00014,0.00029,,1e-05,0.0,0.00013,0,0.0003,0.00026,0
304.01,0.00038,0.00037,0.00021,0.00026,0.00014,0.00029,0.0003,,,0.0,,0.00061,0.00032,0.00023,0.0,,,,0.00014,0.00029,,1e-05,0.0,0.00014,0,0.0003,0.00026,0
305.01,0.00038,0.00037,0.00021,0.00026,0.00014,0.00029,0.0003,,,0.0,,0.00061,0.00032,0.00023,0.0,,,,0.00014,0.00029,,1e-05,0.0,0.00014,0,0.0003,0.00026,0
306.01,0.00038,0.00037,0.00021,0.00026,0.00014,0.00029,0.0003,,,0.0,,0.00061,0.00032,0.00023,0.0,,,,0.00014,0.00029,,1e-05,0.0,0.00014,0,0.0003,0.00026,0
307.01,0.00038,0.00037,0.00021,0.00026,0.00014,0.00029,0.0003,,,0.0,,0.00061,0.00032,0.00023,0.0,,,,0.00014,0.0003,,1e-05,0.0,0.00014,0,0.0003,0.00026,0
308.01,0.00038,0.00037,0.00021,0.00026,0.00014,0.00029,0.0003,,,0.0,,0.00061,0.00032,0.00023,0.0,,,,0.00014,0.0003,,1e-05,0.0,0.00014,0,0.00029,0.00026,0
309.01,0.00038,0.00037,0.00021,0.00026,0.00014,0.00029,0.0003,,,0.0,,0.00061,0.00032,0.00023,0.0,,,,0.00014,0.0003,,1e-05,0.0,0.00014,0,0.00029,0.00026,0
310.01,0.00038,0.00037,0.00021,0.00026,0.00014,0.00029,0.0003,,,0.0,,0.00061,0.00032,0.00023,0.0,,,,0.00014,0.0003,,1e-05,0.0,0.00014,0,0.00029,0.00026,0
311.01,0.00038,0.00037,0.00021,0.00026,0.00014,0.00029,0.0003,,,0.0,,0.00061,0.00031,0.00023,0.0,,,,0.00014,0.0003,,1e-05,0.0,0.00014,0,0.00029,0.00026,0
312.01,0.00038,0.00037,0.00021,0.00026,0.00014,0.00029,0.0003,,,0.0,,0.00061,0.00031,0.00023,0.0,,,,0.00014,0.0003,,1e-05,0.0,0.00014,0,0.00029,0.00026,0
313.01,0.00038,0.00037,0.00021,0.00026,0.00014,0.00028,0.0003,,,0.0,,0.0006,0.00031,0.00023,0.0,,,,0.00014,0.0003,,1e-05,0.0,0.00014,0,0.00029,0.00026,0
314.01,0.00038,0.00037,0.00021,0.00026,0.00014,0.00028,0.0003,,,0.0,,0.0006,0.00031,0.00023,0.0,,,,0.00014,0.0003,,1e-05,0.0,0.00014,0,0.00029,0.00026,0
315.01,0.00038,0.00037,0.00021,0.00026,0.00014,0.00028,0.0003,,,0.0,,0.0006,0.00031,0.00023,0.0,,,,0.00014,0.0003,,1e-05,0.0,0.00014,0,0.00029,0.00026,0
316.01,0.00038,0.00037,0.00021,0.00026,0.00014,0.00028,0.0003,,,0.0,,0.0006,0.00031,0.00023,0.0,,,,0.00014,0.0003,,1e-05,0.0,0.00014,0,0.00029,0.00026,0
317.01,0.00038,0.00037,0.00021,0.00026,0.00014,0.00028,0.0003,,,0.0,,0.0006,0.00031,0.00023,0.0,,,,0.00014,0.0003,,1e-05,0.0,0.00014,0,0.00029,0.00026,0
318.01,0.00038,0.00037,0.00021,0.00026,0.00014,0.00028,0.0003,,,0.0,,0.0006,0.00031,0.00023,0.0,,,,0.00014,0.0003,,1e-05,0.0,0.00014,0,0.00029,0.00026,0
319.01,0.00038,0.00037,0.00021,0.00026,0.00014,0.00028,0.0003,,,0.0,,0.0006,0.00031,0.00023,0.0,,,,0.00014,0.0003,,1e-05,0.0,0.00014,0,0.00029,0.00026,0
320.01,0.00038,0.00037,0.00021,0.00026,0.00014,0.00028,0.0003,,,0.0,,0.0006,0.00031,0.00023,0.0,,,,0.00014,0.0003,,1e-05,0.0,0.00014,0,0.00029,0.00026,0
321.01,0.00038,0.00037,0.00021,0.00026,0.00014,0.00028,0.0003,,,0.0,,0.00061,0.00031,0.00023,0.0,,,,0.00014,0.0003,,1e-05,0.0,0.00014,0,0.00029,0.00026,0
322.01,0.00038,0.00038,0.00021,0.00027,0.00014,0.00028,0.0003,,,0.0,,0.00061,0.00031,0.00023,0.0,,,,0.00014,0.0003,,1e-05,0.0,0.00014,0,0.00029,0.00027,0
323.01,0.00038,0.00038,0.00021,0.00027,0.00014,0.00028,0.0003,,,0.0,,0.00061,0.00031,0.00023,0.0,,,,0.00014,0.0003,,0.0,0.0,0.00014,0,0.00029,0.00027,0
324.01,0.00038,0.00038,0.00021,0.00027,0.00014,0.00028,0.0003,,,0.0,,0.00061,0.0003,0.00023,0.0,,,,0.00014,0.0003,,0.0,0.0,0.00014,0,0.00029,0.00027,0
325.01,0.00038,0.00038,0.00021,0.00027,0.00014,0.00028,0.0003,,,0.0,,0.00061,0.0003,0.00023,0.0,,,,0.00014,0.0003,,0.0,0.0,0.00014,0,0.00029,0.00027,0
326.01,0.00038,0.00038,0.00021,0.00027,0.00014,0.00028,0.0003,,,0.0,,0.00061,0.0003,0.00023,0.0,,,,0.00014,0.0003,,0.0,0.0,0.00014,0,0.00029,0.00027,0
327.01,0.00038,0.00038,0.00021,0.00027,0.00014,0.00028,0.0003,,,0.0,,0.00061,0.0003,0.00023,0.0,,,,0.00014,0.0003,,0.0,0.0,0.00014,0,0.00029,0.00027,0
328.01,0.00038,0.00038,0.00021,0.00026,0.00014,0.00028,0.0003,,,0.0,,0.00061,0.0003,0.00023,0.0,,,,0.00014,0.0003,,0.0,0.0,0.00014,0,0.00028,0.00026,0
329.01,0.00038,0.00038,0.00021,0.00026,0.00014,0.00028,0.0003,,,0.0,,0.0006,0.0003,0.00023,0.0,,,,0.00014,0.0003,,0.0,0.0,0.00015,0,0.00028,0.00026,0
330.01,0.00038,0.00038,0.00021,0.00026,0.00014,0.00027,0.0003,,,0.0,,0.0006,0.0003,0.00023,0.0,,,,0.00014,0.0003,,0.0,0.0,0.00015,0,0.00028,0.00026,0
331.01,0.00038,0.00038,0.00021,0.00026,0.00014,0.00027,0.0003,,,0.0,,0.0006,0.0003,0.00023,0.0,,,,0.00014,0.0003,,0.0,0.0,0.00015,0,0.00028,0.00026,0
332.01,0.00038,0.00038,0.00021,0.00026,0.00014,0.00027,0.0003,,,0.0,,0.0006,0.0003,0.00023,0.0,,,,0.00014,0.0003,,0.0,0.0,0.00015,0,0.00028,0.00026,0
333.01,0.00038,0.00038,0.00021,0.00027,0.00014,0.00027,0.0003,,,0.0,,0.0006,0.0003,0.00023,0.0,,,,0.00014,0.0003,,0.0,0.0,0.00015,0,0.00028,0.00027,0
334.01,0.00038,0.00038,0.00021,0.00027,0.00014,0.00027,0.00031,,,0.0,,0.0006,0.0003,0.00023,0.0,,,,0.00014,0.00031,,0.0,0.0,0.00015,0,0.00028,0.00027,0
335.01,0.00038,0.00038,0.00021,0.00027,0.00014,0.00027,0.00031,,,0.0,,0.0006,0.0003,0.00023,0.0,,,,0.00014,0.00031,,0.0,0.0,0.00015,0,0.00028,0.00027,0
336.01,0.00038,0.00038,0.00021,0.00027,0.00014,0.00027,0.00031,,,0.0,,0.0006,0.00029,0.00023,0.0,,,,0.00014,0.00031,,0.0,0.0,0.00015,0,0.00028,0.00027,0
337.01,0.00038,0.00038,0.00021,0.00027,0.00014,0.00027,0.00031,,,0.0,,0.0006,0.00029,0.00023,0.0,,,,0.00014,0.00031,,0.0,0.0,0.00015,0,0.00028,0.00027,0
338.01,0.00039,0.00038,0.00021,0.00027,0.00014,0.00027,0.00031,,,0.0,,0.0006,0.00029,0.00023,0.0,,,,0.00014,0.00031,,0.0,0.0,0.00015,0,0.00028,0.00027,0
339.01,0.00039,0.00038,0.00021,0.00027,0.00014,0.00027,0.00031,,,0.0,,0.00061,0.00029,0.00023,0.0,,,,0.00014,0.00031,,0.0,0.0,0.00015,0,0.00028,0.00027,0
340.01,0.00039,0.00038,0.00021,0.00027,0.00014,0.00027,0.00031,,,0.0,,0.00061,0.00029,0.00023,0.0,,,,0.00014,0.00031,,0.0,0.0,0.00015,0,0.00028,0.00027,0
341.01,0.00039,0.00038,0.00021,0.00027,0.00014,0.00027,0.00031,,,0.0,,0.00061,0.00029,0.00023,0.0,,,,0.00014,0.00031,,0.0,0.0,0.00015,0,0.00028,0.00027,0
342.01,0.00039,0.00038,0.00021,0.00027,0.00014,0.00027,0.00031,,,0.0,,0.00061,0.00029,0.00023,0.0,,,,0.00014,0.00031,,0.0,0.0,0.00015,0,0.00028,0.00027,0
343.01,0.00039,0.00038,0.00021,0.00027,0.00014,0.00027,0.00031,,,0.0,,0.00061,0.00029,0.00023,0.0,,,,0.00014,0.00031,,0.0,0.0,0.00015,0,0.00028,0.00027,0
344.01,0.00039,0.00038,0.00021,0.00027,0.00014,0.00027,0.00031,,,0.0,,0.00061,0.00029,0.00023,0.0,,,,0.00014,0.00031,,0.0,0.0,0.00015,0,0.00028,0.00027,0
345.01,0.00039,0.00038,0.00021,0.00027,0.00014,0.00027,0.00031,,,0.0,,0.00061,0.00029,0.00023,0.0,,,,0.00014,0.00031,,0.0,0.0,0.00015,0,0.00028,0.00027,0
346.01,0.00039,0.00038,0.00021,0.00027,0.00014,0.00027,0.00031,,,0.0,,0.0006,0.00029,0.00023,0.0,,,,0.00014,0.00031,,0.0,0.0,0.00015,0,0.00028,0.00027,0
347.01,0.00039,0.00038,0.00021,0.00027,0.00014,0.00026,0.00031,,,0.0,,0.0006,0.00028,0.00023,0.0,,,,0.00014,0.00031,,0.0,0.0,0.00015,0,0.00027,0.00027,0
348.01,0.00039,0.00038,0.00021,0.00027,0.00014,0.00026,0.00031,,,0.0,,0.0006,0.00028,0.00023,0.0,,,,0.00014,0.00031,,0.0,0.0,0.00015,0,0.00027,0.00027,0
349.01,0.00039,0.00038,0.00021,0.00027,0.00014,0.00026,0.00031,,,0.0,,0.0006,0.00028,0.00023,0.0,,,,0.00014,0.00031,,0.0,0.0,0.00015,0,0.00027,0.00027,0
350.01,0.00039,0.00038,0.00021,0.00027,0.00014,0.00026,0.00031,,,0.0,,0.0006,0.00028,0.00023,0.0,,,,0.00014,0.00031,,0.0,0.0,0.00015,0,0.00027,0.00027,0
351.01,0.00039,0.00038,0.00021,0.00027,0.00014,0.00026,0.00031,,,0.0,,0.0006,0.00028,0.00023,0.0,,,,0.00014,0.00031,,0.0,0.0,0.00015,0,0.00027,0.00027,0
352.01,0.00039,0.00038,0.00021,0.00027,0.00014,0.00026,0.00031,,,0.0,,0.0006,0.00028,0.00023,0.0,,,,0.00014,0.00031,,0.0,0.0,0.00015,0,0.00027,0.00027,0
353.01,0.00039,0.00038,0.00021,0.00027,0.00014,0.00026,0.00031,,,0.0,,0.0006,0.00028,0.00023,0.0,,,,0.00014,0.00031,,0.0,0.0,0.00015,0,0.00027,0.00027,0
354.01,0.00039,0.00038,0.00021,0.00027,0.00014,0.00026,0.00031,,,0.0,,0.0006,0.00028,0.00023,0.0,,,,0.00014,0.00031,,0.0,0.0,0.00015,0,0.00027,0.00027,0
355.01,0.00039,0.00038,0.00021,0.00027,0.00014,0.00026,0.00031,,,0.0,,0.0006,0.00028,0.00023,0.0,,,,0.00013,0.00031,,0.0,0.0,0.00015,0,0.00027,0.00027,0
356.01,0.00039,0.00039,0.00021,0.00027,0.00013,0.00026,0.00031,,,0.0,,0.0006,0.00028,0.00023,0.0,,,,0.00013,0.00031,,0.0,0.0,0.00016,0,0.00027,0.00027,0
357.01,0.00039,0.00039,0.00021,0.00027,0.00013,0.00026,0.00031,,,0.0,,0.0006,0.00028,0.00023,0.0,,,,0.00013,0.00031,,0.0,0.0,0.00016,0,0.00027,0.00027,0
358.01,0.00039,0.00039,0.00021,0.00027,0.00013,0.00026,0.00031,,,0.0,,0.00061,0.00027,0.00023,0.0,,,,0.00013,0.00031,,0.0,0.0,0.00016,0,0.00027,0.00027,0
359.01,0.00039,0.00039,0.00021,0.00027,0.00013,0.00026,0.00031,,,0.0,,0.00061,0.00027,0.00023,0.0,,,,0.00013,0.00031,,0.0,0.0,0.00016,0,0.00027,0.00027,0
360.01,0.00039,0.00039,0.00021,0.00027,0.00013,0.00026,0.00031,,,0.0,,0.00061,0.00027,0.00023,0.0,,,,0.00013,0.00031,,0.0,0.0,0.00016,0,0.00027,0.00027,0
361.01,0.00039,0.00039,0.00021,0.00027,0.00013,0.00026,0.00031,,,0.0,,0.0006,0.00027,0.00022,0.0,,,,0.00013,0.00031,,0.0,0.0,0.00016,0,0.00027,0.00027,0
362.01,0.00039,0.00039,0.00021,0.00027,0.00013,0.00026,0.00031,,,0.0,,0.0006,0.00027,0.00022,0.0,,,,0.00013,0.00031,,0.0,0.0,0.00016,0,0.00027,0.00027,0
363.01,0.00039,0.00039,0.00021,0.00027,0.00013,0.00026,0.00031,,,0.0,,0.0006,0.00027,0.00022,0.0,,,,0.00013,0.00031,,0.0,0.0,0.00016,0,0.00027,0.00027,0
364.01,0.00039,0.00039,0.00021,0.00027,0.00013,0.00025,0.00031,,,0.0,,0.0006,0.00027,0.00022,0.0,,,,0.00013,0.00031,,0.0,0.0,0.00016,0,0.00027,0.00027,0
365.01,0.00039,0.00039,0.00021,0.00027,0.00013,0.00025,0.00031,,,0.0,,0.0006,0.00027,0.00022,0.0,,,,0.00013,0.00031,,0.0,0.0,0.00016,0,0.00026,0.00027,0
366.01,0.00039,0.00039,0.00021,0.00027,0.00013,0.00025,0.00031,,,0.0,,0.0006,0.00027,0.00022,0.0,,,,0.00013,0.00031,,0.0,0.0,0.00016,0,0.00026,0.00027,0
367.01,0.00039,0.00039,0.00021,0.00027,0.00013,0.00025,0.00031,,,0.0,,0.0006,0.00027,0.00022,0.0,,,,0.00013,0.00031,,0.0,0.0,0.00016,0,0.00026,0.00027,0
368.01,0.00039,0.00039,0.00021,0.00027,0.00013,0.00025,0.00031,,,0.0,,0.0006,0.00027,0.00022,0.0,,,,0.00013,0.00031,,0.0,0.0,0.00016,0,0.00026,0.00027,0
369.01,0.00039,0.00039,0.00021,0.00027,0.00013,0.00025,0.00031,,,0.0,,0.0006,0.00026,0.00022,0.0,,,,0.00013,0.00031,,0.0,0.0,0.00016,0,0.00026,0.00027,0
370.01,0.00039,0.00039,0.00021,0.00027,0.00013,0.00025,0.00031,,,0.0,,0.0006,0.00026,0.00022,0.0,,,,0.00013,0.00031,,0.0,0.0,0.00016,0,0.00026,0.00027,0
371.01,0.00039,0.00039,0.00021,0.00027,0.00013,0.00025,0.00032,,,0.0,,0.0006,0.00026,0.00022,0.0,,,,0.00013,0.00031,,0.0,0.0,0.00016,0,0.00026,0.00027,0
372.01,0.0004,0.00039,0.00021,0.00027,0.00013,0.00025,0.00032,,,0.0,,0.0006,0.00026,0.00022,0.0,,,,0.00013,0.00031,,0.0,0.0,0.00016,0,0.00026,0.00027,0
373.01,0.0004,0.00039,0.00021,0.00027,0.00013,0.00025,0.00032,,,0.0,,0.0006,0.00026,0.00022,0.0,,,,0.00013,0.00031,,0.0,0.0,0.00016,0,0.00026,0.00027,0
374.01,0.0004,0.00039,0.00021,0.00027,0.00013,0.00025,0.00032,,,0.0,,0.0006,0.00026,0.00022,0.0,,,,0.00013,0.00031,,0.0,0.0,0.00016,0,0.00026,0.00027,0
375.01,0.0004,0.00039,0.00021,0.00027,0.00013,0.00025,0.00032,,,0.0,,0.0006,0.00026,0.00022,0.0,,,,0.00013,0.00031,,0.0,0.0,0.00016,0,0.00026,0.00027,0
376.01,0.0004,0.00039,0.00021,0.00027,0.00013,0.00025,0.00032,,,0.0,,0.0006,0.00026,0.00022,0.0,,,,0.00013,0.00031,,0.0,0.0,0.00016,0,0.00026,0.00027,0
377.01,0.0004,0.00039,0.00021,0.00027,0.00013,0.00025,0.00032,,,0.0,,0.0006,0.00026,0.00022,0.0,,,,0.00013,0.00031,,0.0,0.0,0.00016,0,0.00026,0.00027,0
378.01,0.0004,0.00039,0.00021,0.00027,0.00013,0.00025,0.00032,,,0.0,,0.0006,0.00026,0.00022,0.0,,,,0.00013,0.00031,,0.0,0.0,0.00016,0,0.00026,0.00027,0
379.01,0.0004,0.00039,0.00021,0.00027,0.00013,0.00025,0.00032,,,0.0,,0.0006,0.00025,0.00022,0.0,,,,0.00013,0.00031,,0.0,0.0,0.00016,0,0.00026,0.00027,0
380.01,0.0004,0.00039,0.00021,0.00027,0.00013,0.00025,0.00032,,,0.0,,0.0006,0.00025,0.00022,0.0,,,,0.00013,0.00031,,0.0,0.0,0.00016,0,0.00026,0.00027,0
381.01,0.0004,0.00039,0.00021,0.00027,0.00013,0.00024,0.00032,,,0.0,,0.0006,0.00025,0.00022,0.0,,,,0.00013,0.00031,,0.0,0.0,0.00016,0,0.00026,0.00027,0
382.01,0.0004,0.00039,0.00021,0.00027,0.00013,0.00024,0.00032,,,0.0,,0.0006,0.00025,0.00022,0.0,,,,0.00013,0.00031,,0.0,0.0,0.00016,0,0.00026,0.00027,0
383.01,0.0004,0.00039,0.00021,0.00027,0.00013,0.00024,0.00032,,,0.0,,0.0006,0.00025,0.00021,0.0,,,,0.00013,0.00031,,0.0,0.0,0.00016,0,0.00025,0.00027,0
384.01,0.0004,0.00039,0.00021,0.00027,0.00013,0.00024,0.00032,,,0.0,,0.0006,0.00025,0.00021,0.0,,,,0.00013,0.00031,,0.0,0.0,0.00016,0,0.00025,0.00027,0
385.01,0.0004,0.00039,0.00021,0.00027,0.00013,0.00024,0.00032,,,0.0,,0.0006,0.00025,0.00021,0.0,,,,0.00013,0.00031,,0.0,0.0,0.00017,0,0.00025,0.00027,0
386.01,0.0004,0.00039,0.00021,0.00027,0.00013,0.00024,0.00032,,,0.0,,0.0006,0.00025,0.00021,0.0,,,,0.00013,0.00031,,0.0,0.0,0.00017,0,0.00025,0.00027,0
387.01,0.0004,0.00039,0.00021,0.00027,0.00013,0.00024,0.00032,,,0.0,,0.0006,0.00025,0.00021,0.0,,,,0.00013,0.00031,,0.0,0.0,0.00017,0,0.00025,0.00027,0
388.01,0.0004,0.00039,0.00021,0.00027,0.00013,0.00024,0.00032,,,0.0,,0.0006,0.00025,0.00021,0.0,,,,0.00013,0.00031,,0.0,0.0,0.00017,0,0.00025,0.00027,0
389.01,0.0004,0.00039,0.00021,0.00027,0.00013,0.00024,0.00032,,,0.0,,0.0006,0.00025,0.00021,0.0,,,,0.00013,0.00031,,0.0,0.0,0.00017,0,0.00025,0.00027,0
390.01,0.0004,0.00039,0.00021,0.00027,0.00013,0.00024,0.00032,,,0.0,,0.0006,0.00024,0.00021,0.0,,,,0.00013,0.00031,,0.0,0.0,0.00017,0,0.00025,0.00027,0
391.01,0.0004,0.0004,0.00021,0.00027,0.00013,0.00024,0.00032,,,0.0,,0.0006,0.00024,0.00021,0.0,,,,0.00013,0.00031,,0.0,0.0,0.00017,0,0.00025,0.00027,0
392.01,0.0004,0.0004,0.00021,0.00027,0.00013,0.00024,0.00032,,,0.0,,0.0006,0.00024,0.00021,0.0,,,,0.00013,0.00031,,0.0,0.0,0.00017,0,0.00025,0.00027,0
393.01,0.0004,0.0004,0.00021,0.00027,0.00013,0.00024,0.00032,,,0.0,,0.0006,0.00024,0.00021,0.0,,,,0.00013,0.00031,,0.0,0.0,0.00017,0,0.00025,0.00027,0
394.01,0.0004,0.0004,0.00021,0.00027,0.00013,0.00024,0.00032,,,0.0,,0.0006,0.00024,0.00021,0.0,,,,0.00013,0.00031,,0.0,0.0,0.00017,0,0.00025,0.00027,0
395.01,0.0004,0.0004,0.00021,0.00027,0.00013,0.00024,0.00032,,,0.0,,0.0006,0.00024,0.00021,0.0,,,,0.00013,0.00031,,0.0,0.0,0.00017,0,0.00025,0.00027,0
396.01,0.0004,0.0004,0.0002,0.00027,0.00013,0.00024,0.00032,,,0.0,,0.0006,0.00024,0.00021,0.0,,,,0.00013,0.00031,,0.0,0.0,0.00017,0,0.00025,0.00027,0
397.01,0.0004,0.0004,0.0002,0.00027,0.00013,0.00024,0.00032,,,0.0,,0.0006,0.00024,0.00021,0.0,,,,0.00013,0.00031,,0.0,0.0,0.00017,0,0.00025,0.00027,0
398.01,0.0004,0.0004,0.0002,0.00027,0.00013,0.00024,0.00032,,,0.0,,0.0006,0.00024,0.00021,0.0,,,,0.00013,0.0003,,0.0,0.0,0.00017,0,0.00025,0.00027,0
399.01,0.0004,0.00039,0.0002,0.00027,0.00013,0.00023,0.00032,,,0.0,,0.0006,0.00024,0.0002,0.0,,,,0.00013,0.0003,,0.0,0.0,0.00017,0,0.00025,0.00027,0
400.01,0.0004,0.00039,0.0002,0.00027,0.00013,0.00023,0.00032,,,0.0,,0.0006,0.00024,0.0002,0.0,,,,0.00012,0.0003,,0.0,0.0,0.00017,0,0.00025,0.00027,0
401.01,0.0004,0.0004,0.0002,0.00027,0.00013,0.00023,0.00032,,,0.0,,0.0006,0.00023,0.0002,0.0,,,,0.00012,0.0003,,0.0,0.0,0.00017,0,0.00024,0.00027,0
402.01,0.0004,0.0004,0.0002,0.00027,0.00013,0.00023,0.00032,,,0.0,,0.0006,0.00023,0.0002,0.0,,,,0.00012,0.0003,,0.0,0.0,0.00017,0,0.00024,0.00027,0
403.01,0.0004,0.0004,0.0002,0.00027,0.00013,0.00023,0.00032,,,0.0,,0.0006,0.00023,0.0002,0.0,,,,0.00012,0.0003,,0.0,0.0,0.00017,0,0.00024,0.00027,0
404.01,0.0004,0.0004,0.0002,0.00027,0.00013,0.00023,0.00032,,,0.0,,0.0006,0.00023,0.0002,0.0,,,,0.00012,0.00031,,0.0,0.0,0.00017,0,0.00024,0.00027,0
405.01,0.0004,0.0004,0.0002,0.00027,0.00012,0.00023,0.00032,,,0.0,,0.0006,0.00023,0.0002,0.0,,,,0.00012,0.00031,,0.0,0.0,0.00017,0,0.00024,0.00027,0
406.01,0.0004,0.0004,0.0002,0.00027,0.00012,0.00023,0.00032,,,0.0,,0.0006,0.00023,0.0002,0.0,,,,0.00012,0.00031,,0.0,0.0,0.00017,0,0.00024,0.00027,0
407.01,0.0004,0.0004,0.0002,0.00027,0.00012,0.00023,0.00032,,,0.0,,0.0006,0.00023,0.0002,0.0,,,,0.00012,0.00031,,0.0,0.0,0.00017,0,0.00024,0.00027,0
408.01,0.00041,0.0004,0.0002,0.00027,0.00012,0.00023,0.00032,,,0.0,,0.0006,0.00023,0.0002,0.0,,,,0.00012,0.00031,,0.0,0.0,0.00017,0,0.00024,0.00027,0
409.01,0.00041,0.0004,0.0002,0.00027,0.00012,0.00023,0.00032,,,0.0,,0.0006,0.00023,0.0002,0.0,,,,0.00012,0.00031,,0.0,0.0,0.00017,0,0.00024,0.00027,0
410.01,0.00041,0.0004,0.0002,0.00027,0.00012,0.00023,0.00032,,,0.0,,0.0006,0.00023,0.0002,0.0,,,,0.00012,0.00031,,0.0,0.0,0.00017,0,0.00024,0.00027,0
411.01,0.00041,0.0004,0.0002,0.00027,0.00012,0.00023,0.00032,,,0.0,,0.0006,0.00022,0.00019,0.0,,,,0.00012,0.00031,,0.0,0.0,0.00017,0,0.00024,0.00027,0
412.01,0.00041,0.0004,0.0002,0.00027,0.00012,0.00023,0.00032,,,0.0,,0.0006,0.00022,0.00019,0.0,,,,0.00012,0.00031,,0.0,0.0,0.00017,0,0.00024,0.00027,0
413.01,0.00041,0.0004,0.0002,0.00027,0.00012,0.00023,0.00032,,,0.0,,0.0006,0.00022,0.00019,0.0,,,,0.00012,0.0003,,0.0,0.0,0.00017,0,0.00024,0.00027,0
414.01,0.00041,0.0004,0.0002,0.00027,0.00012,0.00023,0.00032,,,0.0,,0.0006,0.00022,0.00019,0.0,,,,0.00012,0.0003,,0.0,0.0,0.00017,0,0.00024,0.00027,0
415.01,0.00041,0.0004,0.0002,0.00027,0.00012,0.00023,0.00032,,,0.0,,0.00059,0.00022,0.00019,0.0,,,,0.00012,0.0003,,0.0,0.0,0.00017,0,0.00024,0.00027,0
416.01,0.0004,0.0004,0.0002,0.00027,0.00012,0.00023,0.00032,,,0.0,,0.00059,0.00022,0.00019,0.0,,,,0.00012,0.0003,,0.0,0.0,0.00017,0,0.00024,0.00027,0
417.01,0.0004,0.0004,0.0002,0.00027,0.00012,0.00023,0.00032,,,0.0,,0.00059,0.00022,0.00019,0.0,,,,0.00012,0.0003,,0.0,0.0,0.00017,0,0.00023,0.00027,0
418.01,0.00041,0.0004,0.0002,0.00027,0.00012,0.00023,0.00032,,,0.0,,0.00059,0.00022,0.00019,0.0,,,,0.00012,0.0003,,0.0,0.0,0.00017,0,0.00023,0.00027,0
419.01,0.00041,0.0004,0.0002,0.00027,0.00012,0.00023,0.00032,,,0.0,,0.00059,0.00022,0.00019,0.0,,,,0.00012,0.0003,,0.0,0.0,0.00017,0,0.00023,0.00027,0
420.01,0.00041,0.0004,0.0002,0.00027,0.00012,0.00023,0.00032,,,0.0,,0.00059,0.00022,0.00019,0.0,,,,0.00012,0.0003,,0.0,0.0,0.00018,0,0.00023,0.00027,0
421.01,0.00041,0.0004,0.0002,0.00027,0.00012,0.00023,0.00032,,,0.0,,0.00059,0.00022,0.00019,0.0,,,,0.00012,0.0003,,0.0,0.0,0.00018,0,0.00023,0.00027,0
422.01,0.00041,0.0004,0.0002,0.00027,0.00012,0.00023,0.00032,,,0.0,,0.0006,0.00021,0.00019,0.0,,,,0.00012,0.0003,,0.0,0.0,0.00018,0,0.00023,0.00027,0
423.01,0.00041,0.0004,0.0002,0.00027,0.00012,0.00023,0.00032,,,0.0,,0.0006,0.00021,0.00018,0.0,,,,0.00012,0.0003,,0.0,0.0,0.00018,0,0.00023,0.00027,0
424.01,0.00041,0.0004,0.0002,0.00027,0.00012,0.00023,0.00033,,,0.0,,0.0006,0.00021,0.00018,0.0,,,,0.00012,0.0003,,0.0,0.0,0.00018,0,0.00023,0.00027,0
425.01,0.00041,0.0004,0.0002,0.00027,0.00012,0.00023,0.00033,,,0.0,,0.0006,0.00021,0.00018,0.0,,,,0.00012,0.0003,,0.0,0.0,0.00018,0,0.00023,0.00027,0
426.01,0.00041,0.0004,0.0002,0.00027,0.00012,0.00023,0.00033,,,0.0,,0.0006,0.00021,0.00018,0.0,,,,0.00012,0.0003,,0.0,0.0,0.00018,0,0.00023,0.00027,0
427.01,0.00041,0.0004,0.0002,0.00027,0.00012,0.00023,0.00033,,,0.0,,0.0006,0.00021,0.00018,0.0,,,,0.00012,0.0003,,0.0,0.0,0.00018,0,0.00023,0.00027,0
428.01,0.00041,0.0004,0.0002,0.00027,0.00012,0.00023,0.00033,,,0.0,,0.0006,0.00021,0.00018,0.0,,,,0.00012,0.0003,,0.0,0.0,0.00018,0,0.00023,0.00027,0
429.01,0.00041,0.0004,0.0002,0.00027,0.00012,0.00023,0.00033,,,0.0,,0.0006,0.00021,0.00018,0.0,,,,0.00011,0.0003,,0.0,0.0,0.00018,0,0.00023,0.00027,0
430.01,0.00041,0.0004,0.0002,0.00027,0.00012,0.00023,0.00033,,,0.0,,0.00059,0.00021,0.00018,0.0,,,,0.00011,0.0003,,0.0,0.0,0.00018,0,0.00023,0.00027,0
431.01,0.00041,0.0004,0.0002,0.00027,0.00012,0.00022,0.00032,,,0.0,,0.00059,0.00021,0.00018,0.0,,,,0.00011,0.0003,,0.0,0.0,0.00018,0,0.00023,0.00027,0
432.01,0.00041,0.0004,0.0002,0.00027,0.00012,0.00022,0.00032,,,0.0,,0.00059,0.00021,0.00018,0.0,,,,0.00011,0.0003,,0.0,0.0,0.00018,0,0.00023,0.00027,0
433.01,0.00041,0.0004,0.0002,0.00027,0.00012,0.00022,0.00032,,,0.0,,0.00059,0.0002,0.00018,0.0,,,,0.00011,0.0003,,0.0,0.0,0.00018,0,0.00022,0.00027,0
434.01,0.00041,0.0004,0.0002,0.00027,0.00012,0.00022,0.00032,,,0.0,,0.00059,0.0002,0.00017,0.0,,,,0.00011,0.0003,,0.0,0.0,0.00018,0,0.00022,0.00027,0
435.01,0.00041,0.0004,0.0002,0.00027,0.00011,0.00022,0.00033,,,0.0,,0.00059,0.0002,0.00017,0.0,,,,0.00011,0.0003,,0.0,0.0,0.00018,0,0.00022,0.00027,0
436.01,0.00041,0.0004,0.0002,0.00027,0.00011,0.00022,0.00033,,,0.0,,0.00059,0.0002,0.00017,0.0,,,,0.00011,0.0003,,0.0,0.0,0.00018,0,0.00022,0.00027,0
437.01,0.00041,0.0004,0.0002,0.00027,0.00011,0.00022,0.00033,,,0.0,,0.00059,0.0002,0.00017,0.0,,,,0.00011,0.0003,,0.0,0.0,0.00018,0,0.00022,0.00027,0
438.01,0.00041,0.0004,0.0002,0.00027,0.00011,0.00022,0.00033,,,0.0,,0.00059,0.0002,0.00017,0.0,,,,0.00011,0.0003,,0.0,0.0,0.00018,0,0.00022,0.00027,0
439.01,0.00041,0.0004,0.0002,0.00027,0.00011,0.00022,0.00033,,,0.0,,0.00059,0.0002,0.00017,0.0,,,,0.00011,0.0003,,0.0,0.0,0.00018,0,0.00022,0.00027,0
440.01,0.00041,0.00041,0.0002,0.00027,0.00011,0.00022,0.00033,,,0.0,,0.00059,0.0002,0.00017,0.0,,,,0.00011,0.0003,,0.0,0.0,0.00018,0,0.00022,0.00027,0
441.01,0.00041,0.00041,0.0002,0.00027,0.00011,0.00022,0.00033,,,0.0,,0.00059,0.0002,0.00017,0.0,,,,0.00011,0.0003,,0.0,0.0,0.00018,0,0.00022,0.00027,0
442.01,0.00041,0.00041,0.0002,0.00027,0.00011,0.00022,0.00033,,,0.0,,0.00059,0.0002,0.00017,0.0,,,,0.00011,0.0003,,0.0,0.0,0.00018,0,0.00022,0.00027,0
443.01,0.00041,0.00041,0.0002,0.00027,0.00011,0.00022,0.00033,,,0.0,,0.00059,0.00019,0.00017,0.0,,,,0.00011,0.0003,,0.0,0.0,0.00018,0,0.00022,0.00027,0
444.01,0.00041,0.00041,0.0002,0.00027,0.00011,0.00022,0.00033,,,0.0,,0.00059,0.00019,0.00016,0.0,,,,0.00011,0.0003,,0.0,0.0,0.00018,0,0.00022,0.00027,0
445.01,0.00041,0.00041,0.0002,0.00027,0.00011,0.00022,0.00033,,,0.0,,0.00059,0.00019,0.00016,0.0,,,,0.00011,0.0003,,0.0,0.0,0.00018,0,0.00022,0.00027,0
446.01,0.00041,0.00041,0.00019,0.00027,0.00011,0.00022,0.00033,,,0.0,,0.00059,0.00019,0.00016,0.0,,,,0.00011,0.0003,,0.0,0.0,0.00018,0,0.00022,0.00027,0
447.01,0.00041,0.00041,0.00019,0.00027,0.00011,0.00022,0.00033,,,0.0,,0.00059,0.00019,0.00016,0.0,,,,0.00011,0.0003,,0.0,0.0,0.00018,0,0.00022,0.00027,0
448.01,0.00041,0.00041,0.00019,0.00027,0.00011,0.00022,0.00033,,,0.0,,0.00059,0.00019,0.00016,0.0,,,,0.00011,0.0003,,0.0,0.0,0.00018,0,0.00022,0.00027,0
449.01,0.00041,0.00041,0.00019,0.00027,0.00011,0.00022,0.00033,,,0.0,,0.00059,0.00019,0.00016,0.0,,,,0.00011,0.0003,,0.0,0.0,0.00018,0,0.00021,0.00027,0
450.01,0.00041,0.00041,0.00019,0.00027,0.00011,0.00022,0.00033,,,0.0,,0.00059,0.00019,0.00016,0.0,,,,0.00011,0.0003,,0.0,0.0,0.00018,0,0.00021,0.00027,0
451.01,0.00041,0.00041,0.00019,0.00027,0.00011,0.00022,0.00033,,,0.0,,0.00059,0.00019,0.00016,0.0,,,,0.00011,0.0003,,0.0,0.0,0.00018,0,0.00021,0.00027,0
452.01,0.00041,0.00041,0.00019,0.00027,0.00011,0.00022,0.00033,,,0.0,,0.00059,0.00019,0.00016,0.0,,,,0.00011,0.0003,,0.0,0.0,0.00018,0,0.00021,0.00027,0
453.01,0.00041,0.00041,0.00019,0.00027,0.00011,0.00022,0.00033,,,0.0,,0.00059,0.00019,0.00015,0.0,,,,0.0001,0.0003,,0.0,0.0,0.00018,0,0.00021,0.00027,0
454.01,0.00041,0.00041,0.00019,0.00027,0.00011,0.00022,0.00033,,,0.0,,0.00059,0.00018,0.00015,0.0,,,,0.0001,0.0003,,0.0,0.0,0.00018,0,0.00021,0.00027,0
455.01,0.00041,0.00041,0.00019,0.00027,0.00011,0.00022,0.00033,,,0.0,,0.00059,0.00018,0.00015,0.0,,,,0.0001,0.0003,,0.0,0.0,0.00018,0,0.00021,0.00027,0
456.01,0.00041,0.00041,0.00019,0.00027,0.00011,0.00022,0.00033,,,0.0,,0.00059,0.00018,0.00015,0.0,,,,0.0001,0.0003,,0.0,0.0,0.00018,0,0.00021,0.00027,0
457.01,0.00041,0.00041,0.00019,0.00027,0.00011,0.00022,0.00033,,,0.0,,0.00059,0.00018,0.00015,0.0,,,,0.0001,0.0003,,0.0,0.0,0.00018,0,0.00021,0.00027,0
458.01,0.00042,0.00041,0.00019,0.00027,0.00011,0.00022,0.00033,,,0.0,,0.00059,0.00018,0.00015,0.0,,,,0.0001,0.0003,,0.0,0.0,0.00018,0,0.00021,0.00027,0
459.01,0.00042,0.00041,0.00019,0.00027,0.0001,0.00022,0.00033,,,0.0,,0.00059,0.00018,0.00015,0.0,,,,0.0001,0.0003,,0.0,0.0,0.00018,0,0.00021,0.00027,0
460.01,0.00042,0.00041,0.00019,0.00027,0.0001,0.00022,0.00033,,,0.0,,0.00059,0.00018,0.00015,0.0,,,,0.0001,0.0003,,0.0,0.0,0.00018,0,0.00021,0.00027,0
461.01,0.00042,0.00041,0.00019,0.00027,0.0001,0.00022,0.00033,,,0.0,,0.00059,0.00018,0.00015,0.0,,,,0.0001,0.0003,,0.0,0.0,0.00018,0,0.00021,0.00027,0
462.01,0.00042,0.00041,0.00019,0.00027,0.0001,0.00022,0.00033,,,0.0,,0.00059,0.00018,0.00015,0.0,,,,0.0001,0.0003,,0.0,0.0,0.00018,0,0.00021,0.00027,0
463.01,0.00042,0.00041,0.00019,0.00027,0.0001,0.00022,0.00033,,,0.0,,0.00059,0.00018,0.00014,0.0,,,,0.0001,0.0003,,0.0,0.0,0.00018,0,0.00021,0.00027,0
464.01,0.00042,0.00041,0.00019,0.00027,0.0001,0.00022,0.00033,,,0.0,,0.00059,0.00017,0.00014,0.0,,,,0.0001,0.0003,,0.0,0.0,0.00018,0,0.0002,0.00027,0
465.01,0.00042,0.00041,0.00019,0.00027,0.0001,0.00022,0.00033,,,0.0,,0.00059,0.00017,0.00014,0.0,,,,0.0001,0.0003,,0.0,0.0,0.00018,0,0.0002,0.00027,0
466.01,0.00042,0.00041,0.00019,0.00027,0.0001,0.00022,0.00033,,,0.0,,0.00059,0.00017,0.00014,0.0,,,,0.0001,0.0003,,0.0,0.0,0.00018,0,0.0002,0.00027,0
467.01,0.00042,0.00041,0.00019,0.00027,0.0001,0.00022,0.00033,,,0.0,,0.00058,0.00017,0.00014,0.0,,,,0.0001,0.0003,,0.0,0.0,0.00018,0,0.0002,0.00027,0
468.01,0.00042,0.00041,0.00019,0.00027,0.0001,0.00022,0.00033,,,0.0,,0.00058,0.00017,0.00014,0.0,,,,0.0001,0.0003,,0.0,0.0,0.00018,0,0.0002,0.00027,0
469.01,0.00042,0.00041,0.00019,0.00027,0.0001,0.00022,0.00033,,,0.0,,0.00058,0.00017,0.00014,0.0,,,,0.0001,0.0003,,0.0,0.0,0.00018,0,0.0002,0.00027,0
470.01,0.00042,0.00041,0.00019,0.00027,0.0001,0.00022,0.00033,,,0.0,,0.00058,0.00017,0.00014,0.0,,,,0.0001,0.0003,,0.0,0.0,0.00018,0,0.0002,0.00027,0
471.01,0.00042,0.00041,0.00019,0.00027,0.0001,0.00022,0.00033,,,0.0,,0.00059,0.00017,0.00014,0.0,,,,0.0001,0.0003,,0.0,0.0,0.00018,0,0.0002,0.00027,0
472.01,0.00042,0.00041,0.00019,0.00027,0.0001,0.00022,0.00033,,,0.0,,0.00059,0.00017,0.00013,0.0,,,,0.0001,0.0003,,0.0,0.0,0.00018,0,0.0002,0.00027,0
473.01,0.00042,0.00041,0.00019,0.00027,0.0001,0.00022,0.00033,,,0.0,,0.00059,0.00016,0.00013,0.0,,,,9e-05,0.0003,,0.0,0.0,0.00018,0,0.0002,0.00027,0
474.01,0.00042,0.00041,0.00019,0.00027,0.0001,0.00022,0.00033,,,0.0,,0.00059,0.00016,0.00013,0.0,,,,9e-05,0.0003,,0.0,0.0,0.00018,0,0.0002,0.00027,0
475.01,0.00042,0.00041,0.00019,0.00027,0.0001,0.00022,0.00033,,,0.0,,0.00059,0.00016,0.00013,0.0,,,,9e-05,0.0003,,0.0,0.0,0.00018,0,0.0002,0.00027,0
476.01,0.00042,0.00041,0.00019,0.00027,0.0001,0.00022,0.00033,,,0.0,,0.00059,0.00016,0.00013,0.0,,,,9e-05,0.0003,,0.0,0.0,0.00018,0,0.0002,0.00027,0
477.01,0.00042,0.00041,0.00019,0.00027,0.0001,0.00022,0.00033,,,0.0,,0.00059,0.00016,0.00013,0.0,,,,9e-05,0.0003,,0.0,0.0,0.00018,0,0.0002,0.00027,0
478.01,0.00042,0.00041,0.00019,0.00027,0.0001,0.00022,0.00033,,,0.0,,0.00059,0.00016,0.00013,0.0,,,,9e-05,0.0003,,0.0,0.0,0.00018,0,0.0002,0.00027,0
479.01,0.00042,0.00041,0.00019,0.00027,9e-05,0.00022,0.00033,,,0.0,,0.00059,0.00016,0.00013,0.0,,,,9e-05,0.0003,,0.0,0.0,0.00018,0,0.00019,0.00027,0
480.01,0.00042,0.00041,0.00018,0.00027,9e-05,0.00022,0.00033,,,0.0,,0.00059,0.00016,0.00013,0.0,,,,9e-05,0.0003,,0.0,0.0,0.00018,0,0.00019,0.00027,0
481.01,0.00042,0.00041,0.00018,0.00027,9e-05,0.00022,0.00033,,,0.0,,0.00058,0.00016,0.00012,0.0,,,,9e-05,0.0003,,0.0,0.0,0.00019,0,0.00019,0.00027,0
482.01,0.00042,0.00041,0.00018,0.00027,9e-05,0.00022,0.00033,,,0.0,,0.00058,0.00016,0.00012,0.0,,,,9e-05,0.0003,,0.0,0.0,0.00019,0,0.00019,0.00027,0
483.01,0.00042,0.00041,0.00018,0.00027,9e-05,0.00022,0.00033,,,0.0,,0.00058,0.00015,0.00012,0.0,,,,9e-05,0.0003,,0.0,0.0,0.00019,0,0.00019,0.00027,0
484.01,0.00042,0.00041,0.00018,0.00027,9e-05,0.00022,0.00033,,,0.0,,0.00058,0.00015,0.00012,0.0,,,,9e-05,0.0003,,0.0,0.0,0.00019,0,0.00019,0.00027,0
485.01,0.00042,0.00041,0.00018,0.00027,9e-05,0.00022,0.00033,,,0.0,,0.00058,0.00015,0.00012,0.0,,,,9e-05,0.0003,,0.0,0.0,0.00019,0,0.00019,0.00027,0
486.01,0.00042,0.00041,0.00018,0.00027,9e-05,0.00022,0.00033,,,0.0,,0.00058,0.00015,0.00012,0.0,,,,9e-05,0.0003,,0.0,0.0,0.00019,0,0.00019,0.00027,0
487.01,0.00042,0.00041,0.00018,0.00027,9e-05,0.00023,0.00033,,,0.0,,0.00058,0.00015,0.00012,0.0,,,,9e-05,0.0003,,0.0,0.0,0.00019,0,0.00019,0.00027,0
488.01,0.00042,0.00041,0.00018,0.00027,9e-05,0.00023,0.00033,,,0.0,,0.00058,0.00015,0.00012,0.0,,,,9e-05,0.0003,,0.0,0.0,0.00019,0,0.00019,0.00027,0
489.01,0.00042,0.00041,0.00018,0.00027,9e-05,0.00023,0.00033,,,0.0,,0.00058,0.00015,0.00012,0.0,,,,9e-05,0.0003,,0.0,0.0,0.00019,0,0.00019,0.00027,0
490.01,0.00042,0.00041,0.00018,0.00027,9e-05,0.00023,0.00033,,,0.0,,0.00058,0.00015,0.00011,0.0,,,,9e-05,0.0003,,0.0,0.0,0.00019,0,0.00019,0.00027,0
491.01,0.00042,0.00041,0.00018,0.00027,9e-05,0.00023,0.00033,,,0.0,,0.00058,0.00015,0.00011,0.0,,,,9e-05,0.0003,,0.0,0.0,0.00019,0,0.00019,0.00027,0
492.01,0.00042,0.00041,0.00018,0.00027,9e-05,0.00023,0.00033,,,0.0,,0.00058,0.00014,0.00011,0.0,,,,8e-05,0.0003,,0.0,0.0,0.00019,0,0.00018,0.00027,0
493.01,0.00042,0.00041,0.00018,0.00027,9e-05,0.00023,0.00033,,,0.0,,0.00058,0.00014,0.00011,0.0,,,,8e-05,0.0003,,0.0,0.0,0.00019,0,0.00018,0.00027,0
494.01,0.00042,0.00041,0.00018,0.00027,9e-05,0.00023,0.00033,,,0.0,,0.00058,0.00014,0.00011,0.0,,,,8e-05,0.0003,,0.0,0.0,0.00019,0,0.00018,0.00027,0
495.01,0.00042,0.00042,0.00018,0.00027,9e-05,0.00023,0.00033,,,0.0,,0.00058,0.00014,0.00011,0.0,,,,8e-05,0.0003,,0.0,0.0,0.00019,0,0.00018,0.00027,0
496.01,0.00042,0.00042,0.00018,0.00027,9e-05,0.00023,0.00033,,,0.0,,0.00058,0.00014,0.00011,0.0,,,,8e-05,0.0003,,0.0,0.0,0.00019,0,0.00018,0.00027,0
497.01,0.00042,0.00041,0.00018,0.00027,9e-05,0.00023,0.00033,,,0.0,,0.00058,0.00014,0.00011,0.0,,,,8e-05,0.0003,,0.0,0.0,0.00019,0,0.00018,0.00027,0
498.01,0.00042,0.00041,0.00018,0.00027,8e-05,0.00023,0.00033,,,0.0,,0.00058,0.00014,0.0001,0.0,,,,8e-05,0.0003,,0.0,0.0,0.00019,0,0.00018,0.00027,0
499.01,0.00042,0.00041,0.00018,0.00027,8e-05,0.00023,0.00033,,,0.0,,0.00058,0.00014,0.0001,0.0,,,,8e-05,0.0003,,0.0,0.0,0.00019,0,0.00018,0.00027,0
500.01,0.00042,0.00041,0.00018,0.00027,8e-05,0.00023,0.00033,,,0.0,,0.00058,0.00014,0.0001,0.0,,,,8e-05,0.0003,,0.0,0.0,0.00019,0,0.00018,0.00027,0
