time,Muttonpulao_02_Ghrelin,Cholebhature_01_Ghrelin,Curdrice_01_Ghrelin,Lemonrice_01_Ghrelin,Pasta_01_Ghrelin,Masaladosa_01_Ghrelin,Vegetable_Biryani_01_Ghrelin,Rapid_starch_01_Ghrelin,Chickenbreast_01_Ghrelin,Rice_01_Ghrelin,Eggwhite_01_Ghrelin,Paneer_01_Ghrelin,Milk_Chocolate_01_Ghrelin,Peanuts_01_Ghrelin,Curd_01_Ghrelin,Glucose_01_Ghrelin,Biscuit_01_Ghrelin,Glucose_02_Ghrelin,Bread_Meal_01_100_Ghrelin,Chickensandwich_01_Ghrelin,Ghee_01_Ghrelin,Apple_Pineapplesalad_01_Ghrelin,Spinach_01_Ghrelin,Bread_meal_02_Ghrelin,Orange_01_Ghrelin,Omelette_01_Ghrelin,Muttonpulao_01_Ghrelin,Arabinose_01_Ghrelin
1.01,13.87826,13.7802,13.76799,13.8339,14.4624,14.04493,13.72523,14.49877,14.51895,14.47364,14.51899,14.06117,14.50468,14.47171,14.49441,10.02333,14.51899,10.02333,14.45975,14.02602,14.51899,13.91839,14.51365,14.45975,14.42581,14.03691,13.8339,10.40856
2.01,9.84148,9.46506,9.9924,10.18367,13.27948,10.71362,9.64776,13.593,14.51843,13.51411,14.51898,9.82812,14.15224,14.1961,14.36602,6.07184,14.50036,6.07184,13.20394,10.41883,14.51898,10.52382,14.47423,13.20394,13.9191,10.29466,10.18367,6.30523
3.01,5.9805,5.73954,6.14137,6.24119,11.60507,6.59014,5.86683,11.81741,14.51716,11.92731,14.51893,5.95684,13.07053,13.65309,14.05669,3.67814,14.41048,3.67814,11.42651,6.36198,14.51893,6.76174,14.36455,11.42651,13.06334,6.27582,6.24119,3.81952
4.01,3.62281,3.47684,3.72057,3.78084,9.73763,3.99228,3.55396,9.47009,14.5156,10.14251,14.51878,3.60847,11.18747,12.79026,13.41069,2.22811,14.23033,2.22811,9.35928,3.85392,14.51878,4.14335,14.13208,9.35928,12.06865,3.80172,3.78084,2.31375
5.01,2.19459,2.10617,2.25381,2.29032,7.80954,2.41841,2.15288,6.80583,14.51419,8.30168,14.51843,2.18591,8.82312,11.58968,12.32899,1.34972,13.95314,1.34972,7.2089,2.33459,14.51843,2.51474,13.72872,7.2089,11.03753,2.30297,2.29032,1.4016
6.01,1.32942,1.27585,1.36529,1.38741,5.98168,1.465,1.30415,4.46277,14.513,6.50977,14.5178,1.32416,6.45725,10.09993,10.82919,0.81762,13.56926,0.81762,5.24352,1.41422,14.5178,1.52387,13.13136,5.24352,10.01352,1.39507,1.38741,0.84905
7.01,0.80532,0.77287,0.82705,0.84045,4.39122,0.88745,0.79002,2.79232,14.51185,4.89262,14.5168,0.80214,4.4523,8.43752,9.0678,0.49529,13.07109,0.49529,3.64129,0.8567,14.5168,0.92319,12.3493,3.64129,9.03063,0.84509,0.84045,0.51433
8.01,0.48784,0.46818,0.501,0.50912,3.10977,0.53759,0.47857,1.72184,14.51049,3.54157,14.51537,0.48591,2.94143,6.75734,7.27154,0.30003,12.46486,0.30003,2.44184,0.51896,14.51537,0.55926,11.42044,2.44184,8.12188,0.51193,0.50912,0.31157
9.01,0.29552,0.28361,0.30349,0.30841,2.13802,0.32566,0.2899,1.05631,14.50872,2.48315,14.51345,0.29435,1.88862,5.2026,5.63247,0.18175,11.76457,0.18175,1.59541,0.31437,14.51345,0.33879,10.40153,1.59541,7.30924,0.31011,0.30841,0.18874
10.01,0.17902,0.1718,0.18385,0.18683,1.43482,0.19727,0.17561,0.64651,14.50641,1.69584,14.51099,0.17831,1.19056,3.86812,4.25587,0.1101,10.98558,0.1101,1.02254,0.19044,14.51099,0.20523,9.35672,1.02254,6.59975,0.18786,0.18683,0.11433
11.01,0.10844,0.10407,0.11137,0.11317,0.94408,0.1195,0.10638,0.3952,14.50344,1.13387,14.50793,0.10801,0.74172,2.79131,3.16885,0.06669,10.14237,0.06669,0.6461,0.11536,14.50793,0.12432,8.34611,0.6461,5.99094,0.1138,0.11317,0.06926
12.01,0.06569,0.06304,0.06746,0.06856,0.61155,0.07239,0.06444,0.24138,14.49976,0.74518,14.50421,0.06543,0.45856,1.96431,2.34792,0.0404,9.26138,0.0404,0.40394,0.06988,14.50421,0.07531,7.41525,0.40394,5.47556,0.06894,0.06856,0.04195
13.01,0.03979,0.03819,0.04087,0.04153,0.39126,0.04385,0.03904,0.14733,14.49527,0.48285,14.49977,0.03964,0.28207,1.35353,1.74636,0.02447,8.36782,0.02447,0.25051,0.04233,14.49977,0.04562,6.59034,0.25051,5.04481,0.04176,0.04153,0.02541
14.01,0.02411,0.02313,0.02476,0.02516,0.24783,0.02656,0.02365,0.08986,14.48992,0.30919,14.49453,0.02401,0.17291,0.91621,1.31455,0.01483,7.48081,0.01483,0.15439,0.02564,14.49453,0.02764,5.88107,0.15439,4.68867,0.0253,0.02516,0.0154
15.01,0.0146,0.01401,0.015,0.01524,0.15569,0.01609,0.01433,0.05479,14.48361,0.1961,14.48841,0.01454,0.10573,0.61079,1.00984,0.00898,6.61853,0.00898,0.09471,0.01553,14.48841,0.01674,5.28683,0.09471,4.3964,0.01532,0.01524,0.00933
16.01,0.00885,0.00849,0.00908,0.00923,0.09716,0.00975,0.00868,0.03339,14.47628,0.12345,14.48131,0.00881,0.06454,0.40178,0.79825,0.00544,5.79733,0.00544,0.05789,0.00941,14.48131,0.01014,4.80159,0.05789,4.15753,0.00928,0.00923,0.00565
17.01,0.00536,0.00514,0.0055,0.00559,0.06031,0.00591,0.00526,0.02034,14.46783,0.07728,14.47315,0.00534,0.03935,0.26118,0.65365,0.0033,5.028,0.0033,0.03529,0.0057,14.47315,0.00614,4.4158,0.03529,3.96309,0.00562,0.00559,0.00342
18.01,0.00325,0.00312,0.00333,0.00339,0.03728,0.00358,0.00318,0.01239,14.4582,0.04818,14.46384,0.00323,0.02397,0.16798,0.55621,0.002,4.316,0.002,0.02147,0.00345,14.46384,0.00372,4.1168,0.02147,3.80578,0.00341,0.00339,0.00207
19.01,0.00197,0.00189,0.00202,0.00205,0.02295,0.00217,0.00193,0.00754,14.44732,0.02995,14.45332,0.00196,0.01459,0.10702,0.49121,0.00121,3.66626,0.00121,0.01304,0.00209,14.45332,0.00226,3.89033,0.01304,3.67959,0.00206,0.00205,0.00126
20.01,0.00119,0.00114,0.00122,0.00124,0.01409,0.00131,0.00117,0.00459,14.43513,0.01858,14.44152,0.00119,0.00888,0.06759,0.44812,,3.08184,0.00073,0.00792,0.00127,14.44152,0.00137,3.72255,0.00792,3.57957,0.00125,0.00124,0.00076
21.01,0.00072,0.00069,0.00074,0.00075,0.00863,0.0008,0.00071,0.00279,14.4216,0.01151,14.42839,0.00072,0.0054,0.04237,0.4196,,2.56246,0.00044,0.0048,0.00077,14.42839,0.00083,3.60143,0.0048,3.50171,0.00076,0.00075,0.00046
22.01,0.00044,0.00042,0.00045,0.00046,0.00527,0.00048,0.00043,0.0017,14.40672,0.00712,14.41393,0.00044,0.00329,0.02638,0.40067,,2.10709,0.00027,0.00291,0.00046,14.41393,0.0005,3.51716,0.00291,3.44292,0.00046,0.00046,0.00028
23.01,0.00026,0.00025,0.00027,0.00028,0.00322,0.00029,0.00026,0.00103,14.3905,0.0044,14.39812,0.00026,0.002,0.01634,0.38803,,1.71445,0.00016,0.00176,0.00028,14.39812,0.0003,3.46212,0.00176,3.40104,0.00028,0.00028,0.00017
24.01,0.00016,0.00015,0.00016,0.00017,0.00196,0.00018,0.00016,0.00063,14.37295,0.00271,14.38099,0.00016,0.00122,0.01007,0.37948,,1.3812,0.0001,0.00107,0.00017,14.38099,0.00018,3.4304,0.00107,3.37448,0.00017,0.00017,0.0001
25.01,0.0001,9e-05,0.0001,0.0001,0.00119,0.00011,0.0001,0.00038,14.35413,0.00167,14.36257,0.0001,0.00074,0.00618,0.37364,,1.10188,6e-05,0.00065,0.0001,14.36257,0.00011,3.41746,0.00065,3.36206,0.0001,0.0001,6e-05
26.01,6e-05,6e-05,6e-05,6e-05,0.00073,6e-05,6e-05,0.00023,14.33409,0.00103,14.34293,6e-05,0.00045,0.00378,0.36961,,0.87033,4e-05,0.00039,6e-05,14.34293,7e-05,3.4198,0.00039,3.36303,6e-05,6e-05,4e-05
27.01,4e-05,3e-05,4e-05,4e-05,0.00044,4e-05,3e-05,0.00014,14.3129,0.00063,14.32212,4e-05,0.00028,0.00231,0.36683,,0.68036,2e-05,0.00024,4e-05,14.32212,4e-05,3.43475,0.00024,3.37728,4e-05,4e-05,2e-05
28.01,2e-05,2e-05,2e-05,2e-05,0.00027,2e-05,2e-05,9e-05,14.29062,0.00039,14.30021,2e-05,0.00017,0.00141,0.36503,,0.52594,1e-05,0.00014,2e-05,14.30021,3e-05,3.46032,0.00014,3.40511,2e-05,2e-05,1e-05
29.01,1e-05,1e-05,1e-05,1e-05,0.00016,1e-05,1e-05,5e-05,14.26733,0.00024,14.27727,1e-05,0.0001,0.00086,0.36401,,0.40168,1e-05,9e-05,1e-05,14.27727,2e-05,3.49504,9e-05,3.44617,1e-05,1e-05,1e-05
30.01,1e-05,1e-05,1e-05,1e-05,0.0001,1e-05,1e-05,3e-05,14.24308,0.00015,14.25336,1e-05,6e-05,0.00052,0.36368,,0.30291,0.0,5e-05,1e-05,14.25336,1e-05,3.53772,5e-05,3.49989,1e-05,1e-05,1e-05
31.01,0.0,0.0,0.0,1e-05,6e-05,1e-05,0.0,2e-05,14.21793,9e-05,14.22853,0.0,4e-05,0.00032,0.36397,,0.22537,0.0,3e-05,1e-05,14.22853,1e-05,3.58738,3e-05,3.56559,1e-05,1e-05,0.0
32.01,0.0,0.0,0.0,0.0,4e-05,0.0,0.0,1e-05,14.19191,6e-05,14.20283,0.0,2e-05,0.00019,0.36485,,0.16545,0.0,2e-05,0.0,14.20283,0.0,3.64312,2e-05,3.64246,0.0,0.0,0.0
33.01,0.0,0.0,0.0,0.0,2e-05,0.0,0.0,1e-05,14.16506,3e-05,14.17629,0.0,2e-05,0.00012,0.3663,,0.11995,0.0,1e-05,0.0,14.17629,0.0,3.70423,1e-05,3.72953,0.0,0.0,0.0
34.01,0.0,0.0,0.0,0.0,1e-05,0.0,0.0,0.0,14.1374,2e-05,14.14893,0.0,1e-05,7e-05,0.36831,,0.08601,0.0,1e-05,0.0,14.14893,0.0,3.77014,1e-05,3.82592,0.0,0.0,0.0
35.01,0.0,0.0,0.0,0.0,1e-05,0.0,0.0,0.0,14.10893,1e-05,14.12077,0.0,1e-05,4e-05,0.37091,,0.06111,0.0,0.0,0.0,14.12077,0.0,3.84045,0.0,3.93045,0.0,0.0,0.0
36.01,0.0,0.0,0.0,0.0,1e-05,0.0,0.0,0.0,14.07967,1e-05,14.09181,0.0,0.0,3e-05,0.37413,,0.04311,0.0,0.0,0.0,14.09181,0.0,3.91487,0.0,4.04169,0.0,0.0,0.0
37.01,0.0,0.0,0.0,0.0,0.0,0.0,0.0,0.0,14.04962,1e-05,14.06205,0.0,0.0,2e-05,0.37796,,0.03027,0.0,0.0,0.0,14.06205,0.0,3.9931,0.0,4.15823,0.0,0.0,0.0
38.01,0.0,0.0,0.0,0.0,0.0,0.0,0.0,0.0,14.01877,0.0,14.0315,0.0,0.0,1e-05,0.3824,,0.02122,0.0,0.0,0.0,14.0315,0.0,4.07481,0.0,4.27871,0.0,0.0,0.0
39.01,0.0,0.0,0.0,0.0,0.0,0.0,0.0,0.0,13.98713,0.0,14.00015,0.0,0.0,1e-05,0.38744,,0.01489,0.0,0.0,0.0,14.00015,0.0,4.15963,0.0,4.4016,0.0,0.0,0.0
40.01,0.0,0.0,0.0,0.0,0.0,0.0,0.0,0.0,13.95469,0.0,13.96799,0.0,0.0,0.0,0.39307,,0.0105,0.0,0.0,0.0,13.96799,0.0,4.24721,0.0,4.52553,0.0,0.0,0.0
41.01,0.0,0.0,0.0,0.0,0.0,0.0,0.0,0.0,13.92144,0.0,13.93502,0.0,0.0,0.0,0.3993,,0.00747,0.0,0.0,0.0,13.93502,0.0,4.33729,0.0,4.64927,0.0,0.0,0.0
42.01,0.0,0.0,0.0,0.0,0.0,0.0,0.0,0.0,13.88738,0.0,13.90124,0.0,0.0,0.0,0.40615,,0.00537,0.0,0.0,0.0,13.90124,0.0,4.42969,0.0,4.77156,0.0,0.0,0.0
43.01,0.0,0.0,0.0,0.0,0.0,0.0,0.0,0.0,13.85251,0.0,13.86664,0.0,0.0,0.0,0.41363,,0.00393,0.0,0.0,0.0,13.86664,0.0,4.52425,0.0,4.89107,0.0,0.0,0.0
44.01,0.0,0.0,0.0,0.0,0.0,0.0,0.0,0.0,13.81681,0.0,13.83122,0.0,0.0,0.0,0.42175,,0.00294,0.0,0.0,0.0,13.83122,0.0,4.62073,0.0,5.00681,0.0,0.0,1e-05
45.01,0.0,0.0,0.0,0.0,0.0,0.0,0.0,0.0,13.78029,0.0,13.79497,0.0,0.0,0.0,0.43053,,0.00226,0.0,0.0,0.0,13.79497,0.0,4.71886,0.0,5.11842,0.0,0.0,1e-05
46.01,0.0,0.0,0.0,0.0,0.0,0.0,0.0,0.0,13.74294,0.0,13.75788,0.0,0.0,0.0,0.43996,,0.00179,0.0,0.0,0.0,13.75788,0.0,4.81831,0.0,5.22542,0.0,0.0,1e-05
47.01,0.0,0.0,0.0,0.0,0.0,0.0,0.0,0.0,13.70475,0.0,13.71995,0.0,0.0,0.0,0.45004,,0.00147,0.0,0.0,0.0,13.71995,0.0,4.9188,0.0,5.32742,0.0,0.0,2e-05
48.01,0.0,0.0,0.0,0.0,0.0,0.0,0.0,0.0,13.66573,0.0,13.68117,0.0,0.0,0.0,0.4608,,0.00125,,0.0,0.0,13.68117,0.0,5.02011,0.0,5.42404,0.0,0.0,2e-05
49.01,0.0,0.0,0.0,0.0,0.0,0.0,0.0,0.0,13.62588,0.0,13.64156,0.0,0.0,0.0,0.47227,,0.0011,,0.0,0.0,13.64156,0.0,5.1221,0.0,5.5151,0.0,0.0,3e-05
50.01,0.0,0.0,0.0,0.0,0.0,0.0,0.0,0.0,13.5852,0.0,13.60111,0.0,0.0,0.0,0.48447,,0.001,,0.0,0.0,13.60111,0.0,5.2246,0.0,5.60059,0.0,0.0,4e-05
51.01,0.0,0.0,0.0,0.0,0.0,0.0,0.0,0.0,13.54369,1e-05,13.55984,0.0,0.0,0.0,0.4974,,0.00093,,0.0,0.0,13.55984,0.0,5.32738,0.0,5.6805,0.0,0.0,4e-05
52.01,0.0,0.0,0.0,0.0,0.0,0.0,0.0,0.0,13.50138,1e-05,13.51775,0.0,0.0,0.0,0.51106,,0.00089,,0.0,0.0,13.51775,0.0,5.43015,0.0,5.75496,0.0,0.0,3e-05
53.01,0.0,0.0,0.0,0.0,0.0,0.0,0.0,0.0,13.45829,1e-05,13.47486,0.0,0.0,0.0,0.52545,,0.00087,,0.0,0.0,13.47486,0.0,5.53263,0.0,5.8243,0.0,0.0,2e-05
54.01,0.0,0.0,0.0,0.0,0.0,0.0,0.0,0.0,13.41442,1e-05,13.43119,0.0,0.0,0.0,0.5406,,0.00085,,0.0,0.0,13.43119,1e-05,5.6346,0.0,5.88877,0.0,0.0,2e-05
55.01,0.0,0.0,0.0,0.0,0.0,0.0,0.0,0.0,13.36981,1e-05,13.38676,0.0,0.0,0.0,0.55654,,0.00084,,0.0,0.0,13.38676,1e-05,5.73592,0.0,5.94852,0.0,0.0,2e-05
56.01,0.0,0.0,0.0,0.0,0.0,0.0,0.0,0.0,13.32448,1e-05,13.3416,0.0,0.0,0.0,0.57329,,0.00083,,0.0,0.0,13.3416,1e-05,5.83647,0.0,6.00365,0.0,0.0,3e-05
57.01,0.0,0.0,0.0,0.0,0.0,0.0,0.0,0.0,13.27847,1e-05,13.29575,0.0,0.0,0.0,0.59085,,0.00083,,0.0,0.0,13.29575,1e-05,5.93612,0.0,6.05442,0.0,0.0,4e-05
58.01,0.0,0.0,0.0,0.0,0.0,0.0,0.0,0.0,13.23182,1e-05,13.24923,0.0,0.0,0.0,0.60925,,0.00082,,0.0,0.0,13.24923,1e-05,6.03464,0.0,6.10109,0.0,0.0,5e-05
59.01,0.0,0.0,0.0,0.0,0.0,0.0,0.0,0.0,13.18457,1e-05,13.2021,0.0,0.0,0.0,0.62846,,0.00081,,0.0,0.0,13.2021,1e-05,6.13181,0.0,6.14381,0.0,0.0,8e-05
60.01,0.0,0.0,0.0,0.0,0.0,0.0,0.0,0.0,13.13677,1e-05,13.1544,0.0,0.0,0.0,0.6485,,0.00079,,0.0,0.0,13.1544,1e-05,6.22746,0.0,6.18282,0.0,0.0,0.00013
61.01,0.0,0.0,0.0,0.0,0.0,0.0,0.0,0.0,13.08847,1e-05,13.10619,0.0,0.0,0.0,0.6694,,0.00077,,0.0,0.0,13.10619,1e-05,6.32146,0.0,6.21848,0.0,0.0,0.00022
62.01,0.0,0.0,0.0,0.0,0.0,0.0,0.0,0.0,13.03973,1e-05,13.05751,0.0,0.0,0.0,0.69123,,0.00074,,0.0,0.0,13.05751,1e-05,6.41378,0.0,6.25135,0.0,0.0,0.00037
63.01,0.0,0.0,0.0,0.0,0.0,0.0,0.0,0.0,12.99061,1e-05,13.00843,0.0,0.0,0.0,0.71401,,0.00072,,0.0,0.0,13.00843,1e-05,6.50437,0.0,6.2816,0.0,0.0,0.0006
64.01,0.0,0.0,0.0,0.0,0.0,0.0,0.0,0.0,12.94118,2e-05,12.95901,0.0,0.0,0.0,0.73776,,0.00069,,0.0,0.0,12.95901,2e-05,6.59313,0.0,6.30941,0.0,0.0,0.00096
65.01,0.0,0.0,0.0,0.0,0.0,0.0,0.0,0.0,12.8915,2e-05,12.90932,0.0,0.0,0.0,0.76249,,0.00067,,0.0,0.0,12.90932,2e-05,6.67994,0.0,6.33501,0.0,0.0,0.0015
66.01,0.0,0.0,0.0,0.0,0.0,0.0,0.0,0.0,12.84163,2e-05,12.85942,0.0,0.0,0.0,0.7882,,0.00064,,0.0,0.0,12.85942,2e-05,6.76471,0.0,6.35863,0.0,0.0,0.00233
67.01,0.0,0.0,0.0,0.0,0.0,0.0,0.0,0.0,12.79166,2e-05,12.80939,0.0,0.0,0.0,0.81492,,0.00061,,0.0,0.0,12.80939,2e-05,6.84736,0.0,6.38052,0.0,0.0,0.00365
68.01,0.0,0.0,0.0,0.0,0.0,0.0,0.0,0.0,12.74165,2e-05,12.7593,0.0,0.0,0.0,0.84269,,0.00058,,0.0,0.0,12.7593,3e-05,6.92788,0.0,6.40081,0.0,0.0,0.00575
69.01,0.0,0.0,0.0,0.0,0.0,0.0,0.0,0.0,12.69167,2e-05,12.70921,0.0,0.0,0.0,0.87154,,0.00055,,0.0,0.0,12.70921,3e-05,7.00632,0.0,6.41963,0.0,0.0,0.00897
70.01,0.0,0.0,0.0,0.0,0.0,0.0,0.0,0.0,12.6418,2e-05,12.65921,0.0,0.0,0.0,0.90151,,0.00052,,0.0,0.0,12.65921,3e-05,7.08271,0.0,6.4372,0.0,0.0,0.01372
71.01,0.0,0.0,0.0,0.0,0.0,0.0,0.0,0.0,12.5908,2e-05,12.60804,0.0,0.0,0.0,0.9326,,0.00048,,0.0,0.0,12.60804,4e-05,7.15704,0.0,6.45369,0.0,0.0,0.00995
72.01,0.0,0.0,0.0,0.0,0.0,0.0,0.0,0.0,,3e-05,,0.0,0.0,0.0,0.96482,,0.00045,,0.0,0.0,,4e-05,7.22929,0.0,6.46924,0.0,0.0,0.00625
73.01,0.0,0.0,0.0,0.0,0.0,0.0,0.0,0.0,,3e-05,,0.0,0.0,0.0,0.99815,,0.00041,,0.0,0.0,,4e-05,7.29945,0.0,6.48391,0.0,0.0,0.00706
74.01,0.0,0.0,0.0,0.0,0.0,0.0,0.0,0.0,,3e-05,,0.0,0.0,0.0,1.03263,,0.00038,,0.0,0.0,,5e-05,7.36757,0.0,6.49788,0.0,0.0,0.0329
75.01,0.0,0.0,0.0,0.0,0.0,0.0,0.0,0.0,,3e-05,,0.0,0.0,0.0,1.0683,,0.00035,,0.0,0.0,,5e-05,7.43373,0.0,6.51129,0.0,0.0,0.16166
76.01,0.0,0.0,0.0,0.0,0.0,0.0,0.0,0.0,,4e-05,,0.0,0.0,0.0,1.10518,,0.00033,,0.0,0.0,,6e-05,7.49806,0.0,6.52422,0.0,0.0,0.50967
77.01,0.0,0.0,0.0,0.0,0.0,0.0,0.0,0.0,,4e-05,,0.0,0.0,0.0,1.14329,,0.0003,,0.0,0.0,,7e-05,7.56061,0.0,6.53678,0.0,0.0,1.08124
78.01,0.0,0.0,0.0,0.0,0.0,0.0,0.0,0.0,,4e-05,,0.0,0.0,0.0,1.18262,,0.00028,,0.0,0.0,,7e-05,7.62145,0.0,6.54914,0.0,0.0,2.60549
79.01,0.0,0.0,0.0,0.0,0.0,0.0,0.0,0.0,,4e-05,,0.0,0.0,0.0,1.2232,,0.00025,,0.0,0.0,,8e-05,7.68065,0.0,6.56162,0.0,0.0,4.19436
80.01,0.0,0.0,0.0,0.0,0.0,0.0,0.0,0.0,,5e-05,,0.0,0.0,0.0,1.26505,,0.00021,,0.0,0.0,,9e-05,7.73828,0.0,6.57437,0.0,0.0,5.31618
81.01,0.0,0.0,0.0,0.0,0.0,0.0,0.0,0.0,,5e-05,,0.0,0.0,0.0,1.3082,,0.00014,,0.0,0.0,,0.0001,7.79446,0.0,6.58752,0.0,0.0,6.09361
82.01,0.0,0.0,0.0,0.0,0.0,0.0,0.0,0.0,,5e-05,,0.0,0.0,0.0,1.35271,,8e-05,,0.0,0.0,,0.00011,7.8493,0.0,6.60115,0.0,0.0,6.67262
83.01,0.0,0.0,0.0,0.0,0.0,0.0,0.0,0.0,,6e-05,,0.0,0.0,0.0,1.39859,,5e-05,,0.0,0.0,,0.00012,7.90296,0.0,6.61536,0.0,0.0,7.28193
84.01,0.0,0.0,0.0,0.0,0.0,0.0,0.0,0.0,,6e-05,,0.0,0.0,0.0,1.44586,,3e-05,,0.0,0.0,,0.00014,7.95553,0.0,6.63025,0.0,0.0,7.80397
85.01,0.0,0.0,0.0,0.0,0.0,0.0,0.0,0.0,,7e-05,,0.0,0.0,0.0,1.4945,,2e-05,,0.0,0.0,,0.00015,8.0071,0.0,6.64591,0.0,0.0,8.22595
86.01,0.0,0.0,0.0,0.0,0.0,0.0,0.0,0.0,,7e-05,,0.0,0.0,0.0,1.54451,,1e-05,,0.0,0.0,,0.00017,8.05775,0.0,6.66243,0.0,0.0,8.48769
87.01,0.0,0.0,0.0,0.0,0.0,0.0,0.0,0.0,,8e-05,,0.0,0.0,0.0,1.5959,,1e-05,,0.0,0.0,,0.00018,8.10757,0.0,6.6799,0.0,0.0,8.67993
88.01,0.0,0.0,0.0,0.0,0.0,0.0,0.0,0.0,,8e-05,,0.0,0.0,0.0,1.64872,,0.0,,0.0,0.0,,0.0002,8.1567,0.0,6.69838,0.0,0.0,9.06014
89.01,0.0,0.0,0.0,0.0,0.0,0.0,0.0,0.0,,9e-05,,0.0,0.0,0.0,1.70301,,0.0,,0.0,0.0,,0.00022,8.20528,0.0,6.71793,0.0,0.0,9.35652
90.01,0.0,0.0,0.0,0.0,0.0,0.0,0.0,0.0,,9e-05,,0.0,0.0,0.0,1.75875,,0.0,,0.0,0.0,,0.00025,8.25341,0.0,6.73853,0.0,0.0,9.71565
91.01,0.0,0.0,0.0,0.0,0.0,0.0,0.0,0.0,,0.0001,,0.0,0.0,0.0,1.81594,,0.0,,0.0,0.0,,0.00027,8.30116,0.0,6.76024,0.0,0.0,10.10367
92.01,0.0,0.0,0.0,0.0,0.0,0.0,0.0,0.0,,0.0001,,0.0,0.0,0.0,1.87453,,,,0.0,0.0,,0.0003,8.34861,0.0,6.78312,0.0,0.0,10.43033
93.01,0.0,0.0,0.0,0.0,0.0,0.0,0.0,0.0,,0.00011,,0.0,0.0,0.0,1.93451,,,,0.0,0.0,,0.00033,8.39585,0.0,6.80723,0.0,0.0,10.6605
94.01,0.0,0.0,0.0,0.0,0.0,0.0,0.0,0.0,,0.00011,,0.0,0.0,0.0,1.99589,,,,0.0,0.0,,0.00036,8.44298,0.0,6.83258,0.0,0.0,10.84602
95.01,0.0,0.0,0.0,0.0,0.0,0.0,0.0,0.0,,0.00012,,0.0,0.0,0.0,2.05873,,,,0.0,0.0,,0.00039,8.49009,0.0,6.85918,0.0,0.0,11.06039
96.01,0.0,0.0,0.0,0.0,0.0,0.0,0.0,0.0,,0.00012,,0.0,0.0,0.0,2.12307,,,,0.0,0.0,,0.00043,8.53729,0.0,6.8872,0.0,0.0,11.31147
97.01,0.0,0.0,0.0,0.0,0.0,0.0,0.0,0.0,,0.00013,,0.0,0.0,0.0,2.18891,,,,0.0,0.0,,0.00047,8.58465,0.0,6.91668,0.0,0.0,11.58547
98.01,0.0,0.0,0.0,0.0,0.0,0.0,0.0,0.0,,0.00014,,0.0,0.0,0.0,2.25623,,,,0.0,0.0,,0.00052,8.63222,0.0,6.94764,0.0,0.0,11.83275
99.01,0.0,0.0,0.0,0.0,0.0,0.0,0.0,0.0,,0.00014,,0.0,0.0,0.0,2.32499,,,,0.0,0.0,,0.00057,8.68006,0.0,6.98007,0.0,0.0,12.04525
100.01,0.0,0.0,0.0,0.0,0.0,0.0,0.0,0.0,,0.00015,,0.0,0.0,0.0,2.39518,,,,0.0,0.0,,0.00062,8.72822,0.0,7.014,0.0,0.0,12.2465
101.01,0.0,0.0,0.0,0.0,0.0,0.0,0.0,0.0,,0.00016,,0.0,0.0,0.0,2.46684,,,,0.0,0.0,,0.00068,8.77677,0.0,7.04944,0.0,0.0,12.4483
102.01,0.0,0.0,0.0,0.0,0.0,0.0,0.0,0.0,,0.00016,,0.0,0.0,0.0,2.54,,,,0.0,0.0,,0.00074,8.82576,0.0,7.0864,0.0,0.0,12.64323
103.01,0.0,0.0,0.0,0.0,0.0,0.0,0.0,0.0,,0.00017,,0.0,0.0,0.0,2.61466,,,,0.0,0.0,,0.00081,8.87527,0.0,7.12489,0.0,0.0,12.8226
104.01,0.0,0.0,0.0,0.0,0.0,0.0,0.0,0.0,,0.00018,,0.0,0.0,0.0,2.69079,,,,0.0,0.0,,0.00088,8.92532,0.0,7.16489,0.0,0.0,12.98576
105.01,0.0,0.0,0.0,0.0,0.0,0.0,0.0,0.0,,0.00019,,0.0,0.0,0.0,2.76833,,,,0.0,0.0,,0.00096,8.97594,0.0,7.20639,0.0,0.0,13.13541
106.01,0.0,0.0,0.0,0.0,0.0,0.0,0.0,0.0,,0.00019,,0.0,0.0,0.0,2.84726,,,,0.0,0.0,,0.00105,9.02715,0.0,7.24938,0.0,0.0,13.27303
107.01,0.0,0.0,0.0,0.0,0.0,0.0,0.0,0.0,,0.0002,,0.0,0.0,0.0,2.92756,,,,0.0,0.0,,0.00114,9.07899,0.0,7.29384,0.0,0.0,13.39839
108.01,0.0,0.0,0.0,0.0,0.0,0.0,0.0,0.0,,0.00021,,0.0,0.0,0.0,3.00926,,,,0.0,0.0,,0.00124,9.13147,0.0,7.33974,0.0,0.0,13.51164
109.01,0.0,0.0,0.0,0.0,0.0,0.0,0.0,0.0,,0.00022,,0.0,0.0,0.0,3.09235,,,,0.0,0.0,,0.00135,9.18464,0.0,7.38706,0.0,0.0,13.61439
110.01,0.0,0.0,0.0,0.0,0.0,0.0,0.0,0.0,,0.00023,,0.0,0.0,0.0,3.17679,,,,0.0,0.0,,0.00147,9.2385,0.0,7.43579,0.0,0.0,13.70753
111.01,0.0,0.0,0.0,0.0,0.0,0.0,0.0,0.0,,0.00024,,0.0,0.0,0.0,3.26254,,,,0.0,0.0,,0.0016,9.29305,0.0,7.48588,0.0,0.0,13.79136
112.01,0.0,0.0,0.0,0.0,0.0,0.0,0.0,,,0.00025,,0.0,0.0,0.0,3.34953,,,,0.0,0.0,,0.00173,9.34831,0.0,7.53733,0.0,0.0,13.86645
113.01,0.0,0.0,0.0,0.0,0.0,0.0,0.0,,,0.00026,,0.0,0.0,0.0,3.43779,,,,0.0,0.0,,0.00188,9.40427,0.0,7.59018,0.0,0.0,13.93405
114.01,0.0,0.0,0.0,0.0,0.0,0.0,0.0,,,0.00027,,0.0,0.0,0.0,3.52732,,,,0.0,0.0,,0.00204,9.46094,0.0,7.6444,0.0,0.0,13.99488
115.01,0.0,0.0,0.0,0.0,0.0,0.0,0.0,,,0.00028,,0.0,0.0,0.0,3.61815,,,,0.0,0.0,,0.00221,9.51834,0.0,7.69995,0.0,0.0,14.04959
116.01,0.0,0.0,0.0,0.0,0.0,0.0,0.0,,,0.00029,,0.0,0.0,0.0,3.71026,,,,0.0,0.0,,0.00239,9.57645,0.0,7.75681,0.0,0.0,14.099
117.01,0.0,0.0,0.0,0.0,0.0,0.0,0.0,,,0.0003,,0.0,0.0,0.0,3.8036,,,,0.0,0.0,,0.00258,9.63528,0.0,7.81494,0.0,0.0,14.14351
118.01,0.0,0.0,0.0,0.0,0.0,0.0,0.0,,,0.00031,,0.0,0.0,0.0,3.8981,,,,0.0,0.0,,0.00279,9.69479,0.0,7.87431,0.0,0.0,14.18344
119.01,0.0,0.0,0.0,0.0,0.0,0.0,0.0,,,0.00032,,0.0,0.0,0.0,3.99371,,,,0.0,0.0,,0.00302,9.75497,0.0,7.93488,0.0,0.0,14.21923
120.01,0.0,0.0,0.0,0.0,0.0,0.0,0.0,,,0.00034,,0.0,0.0,0.0,4.09041,,,,0.0,0.0,,0.00326,9.81579,0.0,7.99661,0.0,0.0,14.25129
121.01,0.0,0.0,0.0,0.0,0.0,0.0,0.0,,,0.00035,,0.0,0.0,0.0,4.18822,,,,0.0,0.0,,0.00352,9.87725,0.0,8.05948,0.0,0.0,14.28001
122.01,0.0,0.0,0.0,0.0,0.0,0.0,0.0,,,0.00037,,0.0,0.0,0.0,4.28714,,,,0.0,0.0,,0.00379,9.93934,0.0,8.12345,0.0,0.0,14.30576
123.01,0.0,0.0,0.0,0.0,0.0,0.0,0.0,,,0.00038,,0.0,0.0,0.0,4.38712,,,,0.0,0.0,,0.00409,10.00202,0.0,8.18846,0.0,0.0,14.3289
124.01,0.0,0.0,0.0,0.0,0.0,0.0,0.0,,,0.0004,,0.0,0.0,0.0,4.48808,,,,0.0,0.0,,0.00441,10.06527,0.0,8.25445,0.0,0.0,14.34959
125.01,0.0,0.0,0.0,0.0,0.0,0.0,0.0,,,0.00042,,0.0,0.0,0.0,4.58993,,,,0.0,0.0,,0.00475,10.12906,0.0,8.32137,0.0,0.0,14.36799
126.01,0.0,0.0,0.0,0.0,0.0,0.0,0.0,,,0.00043,,0.0,0.0,0.0,4.69263,,,,0.0,0.0,,0.00511,10.19335,0.0,8.38919,0.0,0.0,14.38435
127.01,0.0,0.0,0.0,0.0,0.0,0.0,0.0,,,0.00045,,0.0,0.0,0.0,4.79615,,,,0.0,0.0,,0.00549,10.25812,0.0,8.45785,0.0,0.0,14.39889
128.01,0.0,0.0,0.0,0.0,0.0,0.0,0.0,,,0.00047,,0.0,0.0,0.0,4.9005,,,,0.0,0.0,,0.0059,10.32333,0.0,8.52732,0.0,0.0,14.4118
129.01,0.0,0.0,0.0,0.0,0.0,0.0,0.0,,,0.00049,,0.0,0.0,0.0,5.00566,,,,0.0,0.0,,0.00633,10.38896,0.0,8.59755,0.0,0.0,14.4233
130.01,0.0,0.0,0.0,0.0,0.0,0.0,0.0,,,0.00052,,0.0,0.0,0.0,5.11162,,,,0.0,0.0,,0.0068,10.45498,0.0,8.66852,0.0,0.0,14.43363
131.01,0.0,0.0,0.0,0.0,0.0,0.0,0.0,,,0.00054,,0.0,0.0,1e-05,5.2183,,,,0.0,0.0,,0.00729,10.52134,0.0,8.74019,0.0,0.0,14.44287
132.01,0.0,0.0,0.0,0.0,0.0,0.0,0.0,,,0.00056,,0.0,0.0,1e-05,5.32561,,,,0.0,0.0,,0.00781,10.58801,0.0,8.8125,0.0,0.0,14.45112
133.01,0.0,0.0,0.0,0.0,0.0,0.0,0.0,,,0.00059,,0.0,0.0,1e-05,5.43353,,,,0.0,0.0,,0.00837,10.65493,0.0,8.88543,0.0,0.0,14.45849
134.01,0.0,0.0,0.0,0.0,0.0,0.0,0.0,,,0.00061,,0.0,0.0,1e-05,5.54205,,,,0.0,0.0,,0.00896,10.72208,0.0,8.95892,0.0,0.0,14.46508
135.01,0.0,0.0,0.0,0.0,0.0,0.0,0.0,,,0.00064,,0.0,0.0,1e-05,5.65117,,,,0.0,0.0,,0.00959,10.78942,0.0,9.03291,0.0,0.0,14.47097
136.01,0.0,0.0,0.0,0.0,0.0,0.0,0.0,,,0.00067,,0.0,0.0,1e-05,5.76082,,,,0.0,0.0,,0.01026,10.85692,0.0,9.10736,0.0,0.0,14.47625
137.01,0.0,0.0,0.0,0.0,0.0,0.0,0.0,,,0.0007,,0.0,0.0,1e-05,5.87096,,,,0.0,0.0,,0.01097,10.92452,0.0,9.18222,0.0,0.0,14.48098
138.01,0.0,0.0,0.0,0.0,0.0,0.0,0.0,,,0.00073,,0.0,0.0,1e-05,5.98149,,,,0.0,0.0,,0.01172,10.99219,0.0,9.25743,0.0,0.0,14.48481
139.01,0.0,0.0,0.0,0.0,0.0,0.0,0.0,,,0.00077,,0.0,0.0,1e-05,6.09236,,,,0.0,0.0,,0.01252,11.05987,0.0,9.33296,0.0,0.0,14.4882
140.01,0.0,0.0,0.0,0.0,0.0,0.0,0.0,,,0.0008,,0.0,0.0,1e-05,6.20355,,,,0.0,0.0,,0.01337,11.12753,0.0,9.40876,0.0,0.0,14.49131
141.01,0.0,0.0,0.0,0.0,0.0,0.0,0.0,,,0.00084,,0.0,0.0,1e-05,6.31505,,,,0.0,0.0,,0.01426,11.19513,0.0,9.48478,0.0,0.0,14.49415
142.01,0.0,0.0,0.0,0.0,0.0,0.0,0.0,,,0.00088,,0.0,0.0,1e-05,6.42683,,,,0.0,0.0,,0.01521,11.26262,0.0,9.56094,0.0,0.0,14.49686
143.01,0.0,0.0,0.0,0.0,0.0,0.0,0.0,,,0.00092,,0.0,0.0,1e-05,6.53883,,,,0.0,0.0,,0.01621,11.32997,0.0,9.63721,0.0,0.0,14.49946
144.01,0.0,0.0,0.0,0.0,0.0,0.0,0.0,,,0.00096,,0.0,0.0,1e-05,6.65096,,,,0.0,0.0,,0.01726,11.39714,0.0,9.71353,0.0,0.0,14.50183
145.01,0.0,0.0,0.0,0.0,0.0,0.0,0.0,,,0.001,,0.0,0.0,1e-05,6.76314,,,,0.0,0.0,,0.01837,11.46406,0.0,9.78987,0.0,0.0,14.50391
146.01,0.0,0.0,0.0,0.0,0.0,0.0,0.0,,,0.00104,,0.0,0.0,1e-05,6.87532,,,,0.0,0.0,,0.01954,11.53071,0.0,9.86618,0.0,0.0,14.50578
147.01,0.0,0.0,0.0,0.0,0.0,0.0,0.0,,,0.00109,,0.0,0.0,1e-05,6.98754,,,,0.0,0.0,,0.02077,11.59705,0.0,9.94244,0.0,0.0,14.50748
148.01,0.0,0.0,0.0,0.0,0.0,0.0,0.0,,,0.00114,,0.0,0.0,1e-05,7.09978,,,,0.0,0.0,,0.02208,11.66303,0.0,10.0186,0.0,0.0,14.50902
149.01,0.0,0.0,0.0,0.0,0.0,0.0,0.0,,,0.00119,,0.0,0.0,2e-05,7.21202,,,,0.0,0.0,,0.02345,11.72862,0.0,10.09462,0.0,0.0,14.51039
150.01,0.0,0.0,0.0,0.0,0.0,0.0,0.0,,,0.00124,,0.0,0.0,2e-05,7.32417,,,,0.0,0.0,,0.0249,11.79377,0.0,10.17045,0.0,0.0,14.5116
151.01,0.0,0.0,0.0,0.0,0.0,0.0,0.0,,,0.00129,,0.0,0.0,2e-05,7.43617,,,,0.0,0.0,,0.02642,11.85846,0.0,10.24605,0.0,0.0,14.51267
152.01,0.0,0.0,0.0,0.0,0.0,0.0,0.0,,,0.00135,,0.0,0.0,2e-05,7.54794,,,,0.0,0.0,,0.02802,11.92262,0.0,10.32138,0.0,0.0,14.51361
153.01,0.0,0.0,0.0,0.0,0.0,0.0,0.0,,,0.00141,,0.0,0.0,2e-05,7.65946,,,,0.0,0.0,,0.02971,11.98624,0.0,10.39642,0.0,0.0,14.51444
154.01,0.0,0.0,0.0,0.0,0.0,0.0,0.0,,,0.00147,,0.0,0.0,2e-05,7.77073,,,,0.0,0.0,,0.03149,12.04928,0.0,10.47111,0.0,0.0,14.51516
155.01,0.0,0.0,0.0,0.0,0.0,0.0,0.0,,,0.00153,,0.0,0.0,2e-05,7.88172,,,,0.0,0.0,,0.03336,12.1117,0.0,10.54541,0.0,0.0,14.51579
156.01,0.0,0.0,0.0,0.0,0.0,0.0,0.0,,,0.0016,,0.0,0.0,2e-05,7.9924,,,,0.0,0.0,,0.03533,12.17347,0.0,10.61929,0.0,0.0,14.51634
157.01,0.0,0.0,0.0,0.0,0.0,0.0,0.0,,,0.00167,,0.0,1e-05,3e-05,8.10268,,,,0.0,0.0,,0.03739,12.23455,0.0,10.69271,0.0,0.0,14.51682
158.01,0.0,0.0,0.0,0.0,0.0,0.0,0.0,,,0.00174,,0.0,1e-05,3e-05,8.21248,,,,0.0,0.0,,0.03956,12.29493,0.0,10.76563,0.0,0.0,14.51675
159.01,0.0,0.0,0.0,0.0,0.0,0.0,0.0,,,0.00181,,0.0,1e-05,3e-05,8.32175,,,,0.0,0.0,,0.04183,12.35455,0.0,10.83804,0.0,0.0,14.51726
160.01,0.0,0.0,0.0,0.0,0.0,0.0,0.0,,,0.00188,,0.0,1e-05,3e-05,8.43048,,,,0.0,0.0,,0.04421,12.4134,0.0,10.90989,0.0,0.0,14.51881
161.01,0.0,0.0,0.0,0.0,0.0,0.0,0.0,,,0.00196,,0.0,1e-05,3e-05,8.53866,,,,0.0,0.0,,0.0467,12.47145,0.0,10.98115,0.0,0.0,14.52002
162.01,0.0,0.0,0.0,0.0,0.0,0.0,0.0,,,0.00203,,0.0,1e-05,3e-05,8.64625,,,,0.0,0.0,,0.04931,12.52867,0.0,11.05179,0.0,0.0,14.51962
163.01,0.0,0.0,0.0,0.0,0.0,0.0,0.0,,,0.00211,,0.0,1e-05,4e-05,8.7532,,,,0.0,0.0,,0.05203,12.58504,0.0,11.12177,0.0,0.0,14.51724
164.01,0.0,0.0,0.0,0.0,0.0,0.0,0.0,,,0.00219,,0.0,1e-05,4e-05,8.85947,,,,0.0,0.0,,0.05488,12.64054,0.0,11.1911,0.0,0.0,14.51322
165.01,0.0,0.0,0.0,0.0,0.0,0.0,0.0,,,0.00228,,0.0,1e-05,4e-05,8.965,,,,0.0,0.0,,0.05786,12.69515,0.0,11.25973,0.0,0.0,14.50818
166.01,0.0,0.0,0.0,0.0,0.0,0.0,0.0,,,0.00236,,0.0,1e-05,4e-05,9.06978,,,,0.0,0.0,,0.06098,12.74883,0.0,11.32766,0.0,0.0,14.50141
167.01,0.0,0.0,0.0,0.0,0.0,0.0,0.0,,,0.00245,,0.0,1e-05,5e-05,9.1738,,,,0.0,0.0,,0.06425,12.80159,0.0,11.39485,0.0,0.0,14.49338
168.01,0.0,0.0,0.0,0.0,0.0,0.0,0.0,,,0.00254,,0.0,1e-05,5e-05,9.27706,,,,0.0,0.0,,0.06767,12.85339,0.0,11.46129,0.0,0.0,14.48592
169.01,0.0,0.0,0.0,0.0,0.0,0.0,0.0,,,0.00264,,0.0,1e-05,5e-05,9.37952,,,,0.0,0.0,,0.07124,12.90423,0.0,11.52696,0.0,0.0,14.48028
170.01,0.0,0.0,0.0,0.0,0.0,0.0,0.0,,,0.00274,,0.0,1e-05,6e-05,9.48112,,,,0.0,0.0,,0.07497,12.9541,0.0,11.59182,0.0,0.0,14.4768
171.01,0.0,0.0,0.0,0.0,0.0,0.0,0.0,,,0.00284,,0.0,2e-05,6e-05,9.5818,,,,0.0,0.0,,0.07887,13.00297,0.0,11.65587,0.0,0.0,14.4753
172.01,0.0,0.0,0.0,0.0,0.0,0.0,0.0,,,0.00294,,0.0,2e-05,7e-05,9.68151,,,,0.0,0.0,,0.08294,13.05083,0.0,11.71909,0.0,0.0,14.47536
173.01,0.0,0.0,0.0,0.0,0.0,0.0,0.0,,,0.00304,,0.0,2e-05,7e-05,9.78025,,,,0.0,0.0,,0.0872,13.09769,0.0,11.78148,0.0,0.0,14.47654
174.01,0.0,0.0,0.0,0.0,0.0,0.0,0.0,,,0.00315,,0.0,2e-05,7e-05,9.87802,,,,0.0,0.0,,0.09164,13.14352,0.0,11.84301,0.0,0.0,14.47849
175.01,0.0,0.0,0.0,0.0,0.0,0.0,0.0,,,0.00327,,0.0,2e-05,8e-05,9.9748,,,,0.0,0.0,,0.09627,13.18834,0.0,11.90367,0.0,0.0,14.48094
176.01,0.0,0.0,0.0,0.0,0.0,0.0,0.0,,,0.00338,,0.0,2e-05,8e-05,10.07056,,,,0.0,0.0,,0.10109,13.23212,0.0,11.96345,0.0,0.0,14.48367
177.01,0.0,0.0,0.0,0.0,0.0,0.0,0.0,,,0.0035,,0.0,3e-05,9e-05,10.16525,,,,0.0,0.0,,0.1061,13.27488,0.0,12.02232,0.0,0.0,14.48654
178.01,0.0,0.0,0.0,0.0,0.0,0.0,0.0,,,0.00362,,0.0,3e-05,0.0001,10.25882,,,,0.0,0.0,,0.11131,13.31659,0.0,12.0803,0.0,0.0,14.48942
179.01,0.0,0.0,0.0,0.0,0.0,0.0,0.0,,,0.00374,,0.0,3e-05,0.0001,10.35126,,,,0.0,0.0,,0.11673,13.35728,0.0,12.13737,0.0,0.0,14.49222
180.01,0.0,0.0,0.0,0.0,0.0,0.0,0.0,,,0.00387,,0.0,3e-05,0.00011,10.44256,,,,0.0,0.0,,0.12235,13.39693,0.0,12.19353,0.0,0.0,14.49489
181.01,0.0,0.0,0.0,0.0,0.0,0.0,0.0,,,0.004,,0.0,4e-05,0.00012,10.53275,,,,0.0,0.0,,0.12821,13.43554,0.0,12.24878,0.0,0.0,14.49738
182.01,0.0,0.0,0.0,0.0,0.0,0.0,0.0,,,0.00413,,0.0,4e-05,0.00012,10.62181,,,,0.0,0.0,,0.13431,13.47313,0.0,12.3031,0.0,0.0,14.49969
183.01,0.0,0.0,0.0,0.0,0.0,0.0,0.0,,,0.00427,,0.0,4e-05,0.00013,10.70969,,,,0.0,0.0,,0.14064,13.5097,0.0,12.3565,0.0,0.0,14.50183
184.01,0.0,0.0,0.0,0.0,0.0,0.0,0.0,,,0.00442,,0.0,5e-05,0.00014,10.79637,,,,0.0,0.0,,0.14723,13.54525,0.0,12.40897,0.0,0.0,14.50379
185.01,0.0,0.0,0.0,0.0,0.0,0.0,0.0,,,0.00456,,0.0,5e-05,0.00015,10.88182,,,,0.0,0.0,,0.15408,13.57979,0.0,12.46052,0.0,0.0,14.50559
186.01,0.0,0.0,0.0,0.0,0.0,0.0,0.0,,,0.00472,,0.0,5e-05,0.00016,10.96602,,,,0.0,0.0,,0.16121,13.61333,0.0,12.51114,0.0,0.0,14.50723
187.01,0.0,0.0,0.0,0.0,0.0,0.0,0.0,,,0.00488,,0.0,6e-05,0.00017,11.049,,,,0.0,0.0,,0.16861,13.64587,0.0,12.56084,0.0,0.0,14.50872
188.01,0.0,0.0,0.0,0.0,0.0,0.0,0.0,,,0.00504,,0.0,6e-05,0.00018,11.13075,,,,0.0,0.0,,0.17631,13.67743,0.0,12.60961,0.0,0.0,14.51006
189.01,0.0,0.0,0.0,0.0,0.0,0.0,0.0,,,0.00521,,0.0,7e-05,0.0002,11.21126,,,,0.0,0.0,,0.18429,13.70801,0.0,12.65745,0.0,0.0,14.51128
190.01,0.0,0.0,0.0,0.0,0.0,0.0,0.0,,,0.00538,,0.0,7e-05,0.00021,11.29049,,,,0.0,0.0,,0.19258,13.73764,0.0,12.70437,0.0,0.0,14.51237
191.01,0.0,0.0,0.0,0.0,0.0,0.0,0.0,,,0.00557,,0.0,8e-05,0.00023,11.36844,,,,0.0,0.0,,0.20118,13.76632,0.0,12.75037,0.0,0.0,14.51335
192.01,0.0,0.0,0.0,0.0,0.0,0.0,0.0,,,0.00575,,0.0,9e-05,0.00024,11.44508,,,,0.0,0.0,,0.2101,13.79407,0.0,12.79546,0.0,0.0,14.51422
193.01,0.0,0.0,0.0,0.0,0.0,0.0,0.0,,,0.00595,,0.0,9e-05,0.00026,11.52042,,,,0.0,0.0,,0.21934,13.8209,0.0,12.83965,0.0,0.0,14.515
194.01,0.0,0.0,0.0,0.0,0.0,0.0,0.0,,,0.00614,,0.0,0.0001,0.00028,11.59448,,,,1e-05,0.0,,0.22891,13.84682,0.0,12.88292,0.0,0.0,14.5157
195.01,0.0,0.0,0.0,0.0,0.0,0.0,0.0,,,0.00635,,0.0,0.00011,0.00029,11.66726,,,,1e-05,0.0,,0.23881,13.87185,0.0,12.9253,0.0,0.0,14.51632
196.01,0.0,0.0,0.0,0.0,0.0,0.0,0.0,,,0.00656,,0.0,0.00012,0.00031,11.73873,,,,1e-05,0.0,,0.24903,13.89601,0.0,12.96679,0.0,0.0,14.51687
197.01,0.0,0.0,0.0,0.0,0.0,0.0,0.0,,,0.00677,,0.0,0.00012,0.00034,11.80889,,,,1e-05,0.0,,0.25959,13.91932,0.0,13.00739,0.0,0.0,14.51735
198.01,0.0,0.0,0.0,0.0,0.0,0.0,0.0,,,0.00699,,0.0,0.00013,0.00036,11.87773,,,,1e-05,0.0,,0.27053,13.94179,0.0,13.04711,0.0,0.0,14.51777
199.01,0.0,0.0,0.0,0.0,0.0,0.0,0.0,,,0.00722,,0.0,0.00014,0.00038,11.94527,,,,1e-05,0.0,,0.28186,13.96343,0.0,13.08597,0.0,0.0,14.51814
200.01,0.0,0.0,0.0,0.0,0.0,0.0,0.0,,,0.00746,,0.0,0.00016,0.00041,12.01153,,,,1e-05,0.0,,0.29359,13.98427,0.0,13.12397,0.0,0.0,14.51846
201.01,0.0,0.0,0.0,0.0,0.0,0.0,0.0,,,0.0077,,0.0,0.00017,0.00044,12.07651,,,,1e-05,0.0,,0.30574,14.00433,0.0,13.16112,0.0,0.0,14.51875
202.01,0.0,0.0,0.0,0.0,0.0,0.0,0.0,,,0.00796,,0.0,0.00018,0.00047,12.14021,,,,1e-05,0.0,,0.3183,14.02362,0.0,13.19743,0.0,0.0,14.51899
203.01,0.0,0.0,0.0,0.0,0.0,0.0,0.0,,,0.00822,,0.0,0.00019,0.0005,12.20263,,,,1e-05,0.0,,0.33128,14.04217,0.0,13.23291,0.0,0.0,14.51921
204.01,0.0,0.0,0.0,0.0,0.0,0.0,0.0,,,0.00849,,0.0,0.00021,0.00054,12.26377,,,,1e-05,0.0,,0.34471,14.05998,0.0,13.26756,0.0,0.0,14.51939
205.01,0.0,0.0,0.0,0.0,1e-05,0.0,0.0,,,0.00877,,0.0,0.00022,0.00058,12.32361,,,,1e-05,0.0,,0.3586,14.07709,0.0,13.3014,0.0,0.0,14.51955
206.01,0.0,0.0,0.0,0.0,1e-05,0.0,0.0,,,0.00906,,0.0,0.00024,0.00061,12.38219,,,,1e-05,0.0,,0.37295,14.09351,0.0,13.33444,0.0,0.0,14.51969
207.01,0.0,0.0,0.0,0.0,1e-05,0.0,0.0,,,0.00936,,0.0,0.00026,0.00066,12.43951,,,,1e-05,0.0,,0.3878,14.10925,0.0,13.3667,0.0,0.0,14.51982
208.01,0.0,0.0,0.0,0.0,1e-05,0.0,0.0,,,0.00967,,0.0,0.00028,0.0007,12.4956,,,,1e-05,0.0,,0.40313,14.12434,0.0,13.39817,0.0,0.0,14.51992
209.01,0.0,0.0,0.0,0.0,1e-05,0.0,0.0,,,0.00999,,0.0,0.0003,0.00075,12.55046,,,,1e-05,0.0,,0.41895,14.1388,0.0,13.42887,0.0,0.0,14.52002
210.01,0.0,0.0,0.0,0.0,1e-05,0.0,0.0,,,0.01032,,0.0,0.00032,0.0008,12.60408,,,,1e-05,0.0,,0.43525,14.15265,0.0,13.45881,0.0,0.0,14.5201
211.01,0.0,0.0,0.0,0.0,1e-05,0.0,0.0,,,0.01066,,0.0,0.00034,0.00086,12.65647,,,,2e-05,0.0,,0.45206,14.1659,0.0,13.488,0.0,0.0,14.52016
212.01,0.0,0.0,0.0,0.0,1e-05,0.0,0.0,,,0.011,,0.0,0.00036,0.00091,12.70766,,,,2e-05,0.0,,0.46937,14.17858,0.0,13.51646,0.0,0.0,14.52022
213.01,0.0,0.0,0.0,0.0,1e-05,0.0,0.0,,,0.01135,,0.0,0.00039,0.00098,12.75765,,,,2e-05,0.0,,0.4872,14.1907,0.0,13.54419,0.0,0.0,14.52028
214.01,0.0,0.0,0.0,0.0,1e-05,0.0,0.0,,,0.01171,,0.0,0.00042,0.00104,12.80647,,,,2e-05,0.0,,0.50556,14.20229,0.0,13.57121,0.0,0.0,14.52032
215.01,0.0,0.0,0.0,0.0,1e-05,0.0,0.0,,,0.01208,,0.0,0.00045,0.00111,12.85414,,,,2e-05,0.0,,0.52449,14.21335,0.0,13.59752,0.0,0.0,14.52037
216.01,0.0,0.0,0.0,0.0,1e-05,0.0,0.0,,,0.01246,,0.0,0.00048,0.00118,12.90066,,,,2e-05,0.0,,0.544,14.22392,0.0,13.62315,0.0,0.0,14.5204
217.01,0.0,0.0,0.0,0.0,1e-05,0.0,0.0,,,0.01285,,0.0,0.00051,0.00126,12.94603,,,,2e-05,0.0,,0.56411,14.234,0.0,13.64809,0.0,0.0,14.52043
218.01,0.0,0.0,0.0,0.0,1e-05,0.0,0.0,,,0.01326,,0.0,0.00055,0.00135,12.99028,,,,2e-05,0.0,,0.58483,14.24362,0.0,13.67237,0.0,0.0,14.52046
219.01,0.0,0.0,0.0,0.0,1e-05,0.0,0.0,,,0.01367,,0.0,0.00058,0.00143,13.03342,,,,3e-05,0.0,,0.6062,14.25279,0.0,13.696,0.0,0.0,14.52048
220.01,0.0,0.0,0.0,0.0,1e-05,0.0,0.0,,,0.0141,,0.0,0.00062,0.00153,13.07547,,,,3e-05,0.0,,0.62821,14.26153,0.0,13.71898,0.0,0.0,14.5205
221.01,0.0,0.0,0.0,0.0,1e-05,0.0,0.0,,,0.01454,,0.0,0.00066,0.00163,13.11645,,,,3e-05,0.0,,0.65089,14.26985,0.0,13.74133,0.0,0.0,14.52052
222.01,0.0,0.0,0.0,0.0,2e-05,0.0,0.0,,,0.01499,,0.0,0.00071,0.00173,13.15638,,,,3e-05,0.0,,0.67424,14.27778,0.0,13.76305,0.0,0.0,14.52054
223.01,0.0,0.0,0.0,0.0,2e-05,0.0,0.0,,,0.01545,,0.0,0.00076,0.00184,13.19526,,,,3e-05,0.0,,0.69827,14.28533,0.0,13.78417,0.0,0.0,14.52055
224.01,0.0,0.0,0.0,0.0,2e-05,0.0,0.0,,,0.01592,,0.0,0.00081,0.00196,13.2331,,,,4e-05,0.0,,0.723,14.29251,0.0,13.80468,0.0,0.0,14.52056
225.01,0.0,0.0,0.0,0.0,2e-05,0.0,0.0,,,0.01641,,0.0,0.00086,0.00208,13.26992,,,,4e-05,0.0,,0.74846,14.29934,0.0,13.82461,0.0,0.0,14.52057
226.01,0.0,0.0,0.0,0.0,2e-05,0.0,0.0,,,0.0169,,0.0,0.00092,0.00221,13.30575,,,,4e-05,0.0,,0.77464,14.30583,0.0,13.84396,0.0,0.0,14.52058
227.01,0.0,0.0,0.0,0.0,2e-05,0.0,0.0,,,0.01741,,0.0,0.00098,0.00235,13.34061,,,,4e-05,0.0,,0.80155,14.312,0.0,13.86275,0.0,0.0,14.52059
228.01,0.0,0.0,0.0,0.0,2e-05,0.0,0.0,,,0.01792,,0.0,0.00104,0.0025,13.37451,,,,5e-05,0.0,,0.82919,14.31787,0.0,13.88099,0.0,0.0,14.52061
229.01,0.0,0.0,0.0,0.0,2e-05,0.0,0.0,,,0.01844,,0.0,0.00111,0.00265,13.40746,,,,5e-05,0.0,,0.85754,14.32344,0.0,13.89868,0.0,0.0,14.52064
230.01,0.0,0.0,0.0,0.0,3e-05,0.0,0.0,,,0.01897,,0.0,0.00118,0.00281,13.43948,,,,5e-05,0.0,,0.88662,14.32873,0.0,13.91584,0.0,0.0,14.52068
231.01,0.0,0.0,0.0,0.0,3e-05,0.0,0.0,,,0.01951,,0.0,0.00125,0.00298,13.47059,,,,5e-05,0.0,,0.91644,14.33375,0.0,13.93248,0.0,0.0,14.52074
232.01,0.0,0.0,0.0,0.0,3e-05,0.0,0.0,,,0.02006,,0.0,0.00133,0.00316,13.50081,,,,6e-05,0.0,,0.9471,14.33852,0.0,13.94861,0.0,0.0,14.52081
233.01,0.0,0.0,0.0,0.0,3e-05,0.0,0.0,,,0.02062,,0.0,0.00142,0.00334,13.53015,,,,6e-05,0.0,,0.9786,14.34305,0.0,13.96424,0.0,0.0,14.52088
234.01,0.0,0.0,0.0,0.0,3e-05,0.0,0.0,,,0.02119,,0.0,0.0015,0.00354,13.55863,,,,7e-05,0.0,,1.01096,14.34734,0.0,13.97938,0.0,0.0,14.52095
235.01,0.0,0.0,0.0,0.0,4e-05,0.0,0.0,,,0.02177,,0.0,0.0016,0.00375,13.58628,,,,7e-05,0.0,,1.04419,14.35142,0.0,13.99405,0.0,0.0,14.52103
236.01,0.0,0.0,0.0,0.0,4e-05,0.0,0.0,,,0.02236,,0.0,0.0017,0.00397,13.61311,,,,8e-05,0.0,,1.07829,14.35529,0.0,14.00825,0.0,0.0,14.5211
237.01,0.0,0.0,0.0,0.0,4e-05,0.0,0.0,,,0.02296,,0.0,0.0018,0.0042,13.63912,,,,8e-05,0.0,,1.11329,14.35896,0.0,14.02199,0.0,0.0,14.52115
238.01,0.0,0.0,0.0,0.0,4e-05,0.0,0.0,,,0.02357,,0.0,0.00191,0.00444,13.66434,,,,9e-05,0.0,,1.14923,14.36245,0.0,14.03529,0.0,0.0,14.5212
239.01,0.0,0.0,0.0,0.0,5e-05,0.0,0.0,,,0.02419,,0.0,0.00202,0.00469,13.6888,,,,9e-05,0.0,,1.18611,14.36575,0.0,14.04815,0.0,0.0,14.52124
240.01,0.0,0.0,0.0,0.0,5e-05,0.0,0.0,,,0.02481,,0.0,0.00215,0.00495,13.7125,,,,0.0001,0.0,,1.22395,14.36889,0.0,14.06059,0.0,0.0,14.52126
241.01,0.0,0.0,0.0,0.0,5e-05,0.0,0.0,,,0.02545,,0.0,0.00227,0.00523,13.73547,,,,0.0001,0.0,,1.26277,14.37187,0.0,14.07261,0.0,0.0,14.52128
242.01,0.0,0.0,0.0,0.0,6e-05,0.0,0.0,,,0.02609,,0.0,0.00241,0.00552,13.75772,,,,0.00011,0.0,,1.30257,14.3747,0.0,14.08422,0.0,0.0,14.52129
243.01,0.0,0.0,0.0,0.0,6e-05,0.0,0.0,,,0.02674,,0.0,0.00255,0.00582,13.77927,,,,0.00012,0.0,,1.34333,14.37739,0.0,14.09544,0.0,0.0,14.52128
244.01,0.0,0.0,0.0,0.0,7e-05,0.0,0.0,,,0.02739,,0.0,0.0027,0.00614,13.80012,,,,0.00012,0.0,,1.38507,14.37994,0.0,14.10628,0.0,0.0,14.52127
245.01,0.0,0.0,0.0,0.0,7e-05,0.0,0.0,,,0.02805,,0.0,0.00286,0.00647,13.82031,,,,0.00013,0.0,,1.42782,14.38237,0.0,14.11674,0.0,0.0,14.52127
246.01,0.0,0.0,0.0,0.0,7e-05,0.0,0.0,,,0.0287,,0.0,0.00302,0.00682,13.83984,,,,0.00014,0.0,,1.47158,14.38469,0.0,14.12683,0.0,0.0,14.52175
247.01,0.0,0.0,0.0,0.0,8e-05,0.0,0.0,,,0.02935,,0.0,0.0032,0.00718,13.85874,,,,0.00015,0.0,,1.51635,14.38689,0.0,14.13657,0.0,0.0,14.52291
248.01,0.0,0.0,0.0,0.0,8e-05,0.0,0.0,,,0.03,,0.0,0.00338,0.00756,13.87702,,,,0.00016,0.0,,1.56212,14.38898,0.0,14.14596,0.0,0.0,14.52365
249.01,0.0,0.0,0.0,0.0,9e-05,0.0,0.0,,,0.03065,,0.0,0.00357,0.00795,13.89469,,,,0.00017,0.0,,1.60899,14.39098,0.0,14.15502,0.0,0.0,14.5228
250.01,0.0,0.0,0.0,0.0,0.0001,0.0,0.0,,,0.0313,,0.0,0.00377,0.00837,13.91178,,,,0.00018,0.0,,1.65697,14.39289,0.0,14.16375,0.0,0.0,14.52009
251.01,0.0,0.0,0.0,0.0,0.0001,0.0,0.0,,,0.03195,,0.0,0.00398,0.0088,13.92828,,,,0.00019,0.0,,1.7061,14.39471,0.0,14.17216,0.0,0.0,14.51581
252.01,0.0,0.0,0.0,0.0,0.00011,0.0,0.0,,,0.03259,,0.0,0.0042,0.00925,13.94423,,,,0.0002,0.0,,1.75642,14.39647,0.0,14.18026,0.0,0.0,14.51036
253.01,0.0,0.0,0.0,0.0,0.00012,0.0,0.0,,,0.03322,,0.0,0.00444,0.00972,13.95964,,,,0.00021,0.0,,1.80793,14.39816,0.0,14.18807,0.0,0.0,14.50334
254.01,0.0,0.0,0.0,0.0,0.00012,0.0,0.0,,,0.03384,,0.0,0.00468,0.0102,13.97452,,,,0.00023,0.0,,1.86067,14.39979,0.0,14.19559,0.0,0.0,14.49512
255.01,0.0,0.0,0.0,0.0,0.00013,0.0,0.0,,,0.03445,,0.0,0.00493,0.01071,13.98889,,,,0.00024,0.0,,1.91462,14.40138,0.0,14.20283,0.0,0.0,14.48743
256.01,0.0,0.0,0.0,0.0,0.00014,0.0,0.0,,,0.03504,,0.0,0.0052,0.01125,14.00276,,,,0.00026,0.0,,1.96978,14.40293,0.0,14.2098,0.0,0.0,14.48151
257.01,0.0,0.0,0.0,0.0,0.00015,0.0,0.0,,,0.03562,,0.0,0.00548,0.0118,14.01615,,,,0.00027,0.0,,2.02618,14.40443,0.0,14.21651,0.0,0.0,14.47776
258.01,0.0,0.0,0.0,0.0,0.00016,0.0,0.0,,,0.03617,,0.0,0.00578,0.01237,14.02906,,,,0.00029,0.0,,2.08384,14.40588,0.0,14.22296,0.0,0.0,14.47602
259.01,0.0,0.0,0.0,0.0,0.00017,0.0,0.0,,,0.03669,,0.0,0.00608,0.01297,14.04151,,,,0.00031,0.0,,2.1428,14.40729,0.0,14.22917,0.0,0.0,14.4759
260.01,0.0,0.0,0.0,0.0,0.00018,0.0,0.0,,,0.0372,,0.0,0.0064,0.0136,14.05353,,,,0.00033,0.0,,2.20303,14.40864,0.0,14.23515,0.0,0.0,14.47695
261.01,0.0,0.0,0.0,0.0,0.00019,0.0,0.0,,,0.03769,,0.0,0.00674,0.01425,14.06512,,,,0.00035,0.0,,2.26451,14.40995,0.0,14.2409,0.0,0.0,14.47879
262.01,0.0,0.0,0.0,0.0,0.0002,0.0,0.0,,,0.03818,,0.0,0.00709,0.01492,14.07629,,,,0.00037,0.0,,2.32724,14.41122,0.0,14.24643,0.0,0.0,14.48114
263.01,0.0,0.0,0.0,0.0,0.00022,0.0,0.0,,,0.03867,,0.0,0.00746,0.01562,14.08706,,,,0.00039,0.0,,2.39119,14.41244,0.0,14.25176,0.0,0.0,14.4838
264.01,0.0,0.0,0.0,0.0,0.00023,0.0,0.0,,,0.0392,,0.0,0.00784,0.01635,14.09744,,,,0.00041,0.0,,2.45639,14.41362,0.0,14.25688,0.0,0.0,14.4866
265.01,0.0,0.0,0.0,0.0,0.00025,0.0,0.0,,,0.03978,,0.0,0.00824,0.01711,14.10744,,,,0.00044,0.0,,2.52285,14.41476,0.0,14.2618,0.0,0.0,14.48944
266.01,0.0,0.0,0.0,0.0,0.00026,0.0,0.0,,,0.04043,,0.0,0.00866,0.01789,14.11707,,,,0.00046,0.0,,2.59069,14.41586,0.0,14.26654,0.0,0.0,14.49222
267.01,0.0,0.0,0.0,0.0,0.00028,0.0,0.0,,,0.04117,,0.0,0.0091,0.01871,14.12636,,,,0.00049,0.0,,2.6599,14.41693,0.0,14.27111,0.0,0.0,14.49486
268.01,0.0,0.0,0.0,0.0,0.00029,0.0,0.0,,,0.04199,,0.0,0.00956,0.01955,14.1353,,,,0.00052,0.0,,2.73048,14.41797,0.0,14.2755,0.0,0.0,14.49735
269.01,0.0,0.0,0.0,0.0,0.00031,0.0,0.0,,,0.0429,,0.0,0.01003,0.02043,14.14392,,,,0.00055,0.0,,2.80241,14.419,0.0,14.27972,0.0,0.0,14.49965
270.01,0.0,0.0,0.0,0.0,0.00033,0.0,0.0,,,0.04389,,0.0,0.01053,0.02134,14.15221,,,,0.00058,0.0,,2.87572,14.42067,0.0,14.2838,0.0,0.0,14.50178
271.01,0.0,0.0,0.0,0.0,0.00035,0.0,0.0,,,0.04496,,0.0,0.01105,0.02229,14.1602,,,,0.00062,0.0,,2.95044,14.42454,0.0,14.28772,0.0,0.0,14.50375
272.01,0.0,0.0,0.0,0.0,0.00038,0.0,0.0,,,0.04611,,0.0,0.01159,0.02327,14.16789,,,,0.00066,0.0,,3.02657,14.43077,0.0,14.2915,0.0,0.0,14.50555
273.01,0.0,0.0,0.0,0.0,0.0004,0.0,0.0,,,0.04735,,0.0,0.01215,0.02428,14.1753,,,,0.00069,0.0,,3.10412,14.43829,0.0,14.29514,0.0,0.0,14.5072
274.01,0.0,0.0,0.0,0.0,0.00042,0.0,0.0,,,0.0487,,0.0,0.01274,0.02534,14.18243,,,,0.00073,0.0,,3.18307,14.44607,0.0,14.29865,0.0,0.0,14.50869
275.01,0.0,0.0,0.0,0.0,0.00045,0.0,0.0,,,0.05017,,0.0,0.01335,0.02643,14.1893,,,,0.00078,0.0,,3.26341,14.45341,0.0,14.30204,0.0,0.0,14.51005
276.01,0.0,0.0,0.0,0.0,0.00048,0.0,0.0,,,0.05177,,0.0,0.01399,0.02756,14.19591,,,,0.00082,0.0,,3.34514,14.45987,0.0,14.30532,0.0,0.0,14.51127
277.01,0.0,0.0,0.0,0.0,0.00051,0.0,0.0,,,0.05349,,0.0,0.01465,0.02873,14.20228,,,,0.00087,0.0,,3.42825,14.46472,0.0,14.30848,0.0,0.0,14.51237
278.01,0.0,0.0,0.0,0.0,0.00054,0.0,0.0,,,0.05535,,0.0,0.01535,0.02994,14.20841,,,,0.00092,0.0,,3.51275,14.46725,0.0,14.31154,0.0,0.0,14.51336
279.01,0.0,0.0,0.0,0.0,0.00057,0.0,0.0,,,0.05733,,0.0,0.01606,0.03119,14.21431,,,,0.00097,0.0,,3.5986,14.46815,0.0,14.31449,0.0,0.0,14.51424
280.01,0.0,0.0,0.0,0.0,0.0006,0.0,0.0,,,0.05943,,0.0,0.01681,0.03249,14.22,,,,0.00103,0.0,,3.68576,14.4685,0.0,14.31735,0.0,0.0,14.51503
281.01,0.0,0.0,0.0,0.0,0.00064,0.0,0.0,,,0.06166,,0.0,0.01759,0.03383,14.22548,,,,0.00109,0.0,,3.77421,14.46898,0.0,14.32012,0.0,0.0,14.51574
282.01,0.0,0.0,0.0,0.0,0.00068,0.0,0.0,,,0.06402,,0.0,0.0184,0.03521,14.23075,,,,0.00115,0.0,,3.86394,14.46985,0.0,14.32281,0.0,0.0,14.51637
283.01,0.0,0.0,0.0,0.0,0.00072,0.0,0.0,,,0.06651,,0.0,0.01924,0.03664,14.23583,,,,0.00121,0.0,,3.95505,14.47112,0.0,14.32543,0.0,0.0,14.51693
284.01,0.0,0.0,0.0,0.0,0.00076,0.0,0.0,,,0.06912,,0.0,0.02011,0.03812,14.24073,,,,0.00128,0.0,,4.04757,14.4727,0.0,14.32799,0.0,0.0,14.51742
285.01,0.0,0.0,0.0,0.0,0.0008,0.0,0.0,,,0.07186,,0.0,0.02102,0.03965,14.24544,,,,0.00135,0.0,,4.14148,14.47445,0.0,14.3305,0.0,0.0,14.51785
286.01,0.0,0.0,0.0,0.0,0.00085,0.0,0.0,,,0.07472,,0.0,0.02196,0.04123,14.24997,,,,0.00143,0.0,,4.23678,14.47629,0.0,14.33296,0.0,0.0,14.51823
287.01,0.0,0.0,0.0,0.0,0.0009,0.0,0.0,,,0.07771,,0.0,0.02294,0.04287,14.25432,,,,0.00151,0.0,,4.33345,14.47816,0.0,14.33537,0.0,0.0,14.51857
288.01,0.0,0.0,0.0,0.0,0.00095,0.0,0.0,,,0.08083,,0.0,0.02395,0.04456,14.25852,,,,0.00159,0.0,,4.43147,14.47998,0.0,14.33773,0.0,0.0,14.51886
289.01,0.0,0.0,0.0,0.0,0.00101,0.0,0.0,,,0.0841,,0.0,0.02501,0.0463,14.26257,,,,0.00168,0.0,,4.53081,14.48173,0.0,14.34004,0.0,0.0,14.51912
290.01,0.0,0.0,0.0,0.0,0.00107,0.0,0.0,,,0.0875,,0.0,0.0261,0.0481,14.26649,,,,0.00177,0.0,,4.63144,14.48336,0.0,14.34229,0.0,0.0,14.51934
291.01,0.0,0.0,0.0,0.0,0.00113,0.0,0.0,,,0.09104,,0.0,0.02724,0.04995,14.2703,,,,0.00187,0.0,,4.73336,14.48484,0.0,14.34449,0.0,0.0,14.51954
292.01,0.0,0.0,0.0,0.0,0.0012,0.0,0.0,,,0.09472,,0.0,0.02842,0.05187,14.274,,,,0.00197,0.0,,4.83657,14.48618,0.0,14.34664,0.0,0.0,14.51971
293.01,0.0,0.0,0.0,0.0,0.00126,0.0,0.0,,,0.09855,,0.0,0.02964,0.05385,14.27759,,,,0.00208,0.0,,4.94106,14.48737,0.0,14.34873,0.0,0.0,14.51987
294.01,0.0,0.0,0.0,0.0,0.00134,0.0,0.0,,,0.10253,,0.0,0.03091,0.05589,14.28108,,,,0.00219,0.0,,5.04675,14.48845,0.0,14.35077,0.0,0.0,14.52
295.01,0.0,0.0,0.0,0.0,0.00141,0.0,0.0,,,0.10668,,0.0,0.03223,0.05799,14.28446,,,,0.00231,0.0,,5.15354,14.48942,0.0,14.35277,0.0,0.0,14.52012
296.01,0.0,0.0,0.0,0.0,0.00149,0.0,0.0,,,0.11098,,0.0,0.03359,0.06015,14.28773,,,,0.00243,0.0,,5.26137,14.49031,0.0,14.35471,0.0,0.0,14.52022
297.01,0.0,0.0,0.0,0.0,0.00158,0.0,0.0,,,0.11545,,0.0,0.035,0.06238,14.2909,,,,0.00256,0.0,,5.37023,14.49111,0.0,14.35661,0.0,0.0,14.52031
298.01,0.0,0.0,0.0,0.0,0.00167,0.0,0.0,,,0.12009,,0.0,0.03646,0.06468,14.29397,,,,0.0027,0.0,,5.48008,14.49184,0.0,14.35847,0.0,0.0,14.52039
299.01,0.0,0.0,0.0,0.0,0.00176,0.0,0.0,,,0.1249,,0.0,0.03797,0.06705,14.29694,,,,0.00284,0.0,,5.59092,14.4925,0.0,14.36029,0.0,0.0,14.52046
300.01,0.0,0.0,0.0,0.0,0.00186,0.0,0.0,,,0.12989,,0.0,0.03953,0.06949,14.29981,,,,0.00299,0.0,,5.70281,14.49311,0.0,14.36212,0.0,0.0,14.52052
301.01,0.0,0.0,0.0,0.0,0.00196,0.0,0.0,,,0.13508,,0.0,0.04115,0.072,14.30259,,,,0.00315,0.0,,5.81572,14.49366,0.0,14.36498,0.0,0.0,14.52058
302.01,0.0,0.0,0.0,0.0,0.00207,0.0,0.0,,,0.1405,,0.0,0.04283,0.07459,14.30528,,,,0.00332,0.0,,5.92956,14.49416,0.0,14.3706,0.0,0.0,14.52063
303.01,0.0,0.0,0.0,0.0,0.00218,0.0,0.0,,,0.14613,,0.0,0.04456,0.07726,14.30789,,,,0.00349,0.0,,6.04431,14.49463,0.0,14.37887,0.0,0.0,14.52067
304.01,0.0,0.0,0.0,0.0,0.0023,0.0,0.0,,,0.15199,,0.0,0.04636,0.08,14.31042,,,,0.00367,0.0,,6.15995,14.49505,0.0,14.38852,0.0,0.0,14.52071
305.01,0.0,0.0,0.0,0.0,0.00243,0.0,0.0,,,0.15808,,0.0,0.04822,0.08283,14.31336,,,,0.00386,0.0,,6.27643,14.49544,0.0,14.39847,0.0,0.0,14.52075
306.01,0.0,0.0,0.0,0.0,0.00256,0.0,0.0,,,0.16441,,0.0,0.05014,0.08574,14.31766,,,,0.00406,0.0,,6.3937,14.4958,0.0,14.40813,0.0,0.0,14.52078
307.01,0.0,0.0,0.0,0.0,0.0027,0.0,0.0,,,0.17099,,0.0,0.05213,0.08873,14.32347,,,,0.00427,0.0,,6.51169,14.49613,0.0,14.41709,0.0,0.0,14.52081
308.01,0.0,0.0,0.0,0.0,0.00285,0.0,0.0,,,0.17783,,0.0,0.05418,0.09181,14.3303,,,,0.00449,0.0,,6.63033,14.49644,0.0,14.42422,0.0,0.0,14.52083
309.01,0.0,0.0,0.0,0.0,0.003,0.0,0.0,,,0.18497,,0.0,0.0563,0.09497,14.3376,,,,0.00472,0.0,,6.74954,14.49673,0.0,14.42874,0.0,0.0,14.52085
310.01,0.0,0.0,0.0,0.0,0.00317,0.0,0.0,,,0.19239,,0.0,0.0585,0.09823,14.34497,,,,0.00497,0.0,,6.8693,14.497,0.0,14.43155,0.0,0.0,14.52087
311.01,0.0,0.0,0.0,0.0,0.00334,0.0,0.0,,,0.2001,,0.0,0.06077,0.10158,14.3522,,,,0.00522,0.0,,6.98956,14.49725,0.0,14.43373,0.0,0.0,14.52089
312.01,0.0,0.0,0.0,0.0,0.00352,0.0,0.0,,,0.20809,,0.0,0.06311,0.10503,14.35879,,,,0.00549,0.0,,7.11026,14.49749,0.0,14.43592,0.0,0.0,14.52091
313.01,0.0,0.0,0.0,0.0,0.0037,0.0,0.0,,,0.21639,,0.0,0.06552,0.10857,14.36415,,,,0.00577,0.0,,7.23131,14.49773,0.0,14.43833,0.0,0.0,14.52092
314.01,0.0,0.0,0.0,0.0,0.0039,0.0,0.0,,,0.225,,0.0,0.06802,0.11221,14.36844,,,,0.00606,0.0,,7.35262,14.49795,0.0,14.44099,0.0,0.0,14.52094
315.01,0.0,0.0,0.0,0.0,0.00411,0.0,0.0,,,0.23394,,0.0,0.07059,0.11594,14.37207,,,,0.00637,0.0,,7.47407,14.49818,0.0,14.44379,0.0,0.0,14.52096
316.01,0.0,0.0,0.0,0.0,0.00432,0.0,0.0,,,0.24322,,0.0,0.07324,0.11978,14.37536,,,,0.00669,0.0,,7.59561,14.4984,0.0,14.44665,0.0,0.0,14.521
317.01,0.0,0.0,0.0,0.0,0.00455,0.0,0.0,,,0.25286,,0.0,0.07598,0.12372,14.37848,,,,0.00703,0.0,,7.7173,14.49862,0.0,14.44951,0.0,0.0,14.52104
318.01,0.0,0.0,0.0,0.0,0.00479,0.0,0.0,,,0.26288,,0.0,0.07881,0.12778,14.38148,,,,0.00739,0.0,,7.83912,14.49885,0.0,14.45231,0.0,0.0,14.5211
319.01,0.0,0.0,0.0,0.0,0.00504,0.0,0.0,,,0.27328,,0.0,0.08172,0.13194,14.38436,,,,0.00777,0.0,,7.96101,14.49908,0.0,14.45501,0.0,0.0,14.52117
320.01,0.0,0.0,0.0,0.0,0.0053,0.0,0.0,,,0.28408,,0.0,0.08473,0.13622,14.3871,,,,0.00817,0.0,,8.08288,14.49931,0.0,14.45757,0.0,0.0,14.52125
321.01,0.0,0.0,0.0,0.0,0.00557,0.0,0.0,,,0.29532,,0.0,0.08783,0.14062,14.3897,,,,0.0086,0.0,,8.20462,14.49954,0.0,14.45996,0.0,0.0,14.52133
322.01,0.0,0.0,0.0,0.0,0.00586,0.0,0.0,,,0.307,,0.0,0.09103,0.14513,14.39218,,,,0.00905,0.0,,8.32613,14.49978,0.0,14.46216,0.0,0.0,14.5214
323.01,0.0,0.0,0.0,0.0,0.00617,0.0,0.0,,,0.31914,,0.0,0.09433,0.14976,14.39453,,,,0.00954,0.0,,8.44737,14.50003,0.0,14.46418,0.0,0.0,14.52148
324.01,0.0,0.0,0.0,0.0,0.00649,0.0,0.0,,,0.33174,,0.0,0.09773,0.15453,14.39676,,,,0.01006,0.0,,8.56832,14.50028,0.0,14.46601,0.0,0.0,14.52154
325.01,0.0,0.0,0.0,0.0,0.00683,0.0,0.0,,,0.34481,,0.0,0.10123,0.15942,14.39887,,,,0.01063,0.0,,8.68893,14.50054,0.0,14.46768,0.0,0.0,14.52159
326.01,0.0,0.0,0.0,0.0,0.00718,0.0,0.0,,,0.35836,,0.0,0.10484,0.16444,14.40085,,,,0.01123,0.0,,8.80912,14.50081,0.0,14.46922,0.0,0.0,14.52163
327.01,0.0,0.0,0.0,0.0,0.00756,0.0,0.0,,,0.37243,,0.0,0.10856,0.16959,14.40272,,,,0.01189,0.0,,8.92876,14.50108,0.0,14.47063,0.0,0.0,14.52166
328.01,0.0,0.0,0.0,0.0,0.00796,0.0,0.0,,,0.38704,,0.0,0.11239,0.17488,14.40448,,,,0.01259,0.0,,9.04774,14.50135,0.0,14.47193,0.0,0.0,14.52168
329.01,0.0,0.0,0.0,0.0,0.00838,0.0,0.0,,,0.40217,,0.0,0.11633,0.1803,14.40615,,,,0.01333,0.0,,9.166,14.50164,0.0,14.47312,0.0,0.0,14.52169
330.01,0.0,0.0,0.0,0.0,0.00883,0.0,0.0,,,0.41784,,0.0,0.12039,0.18587,14.40775,,,,0.01413,0.0,,9.2835,14.50193,0.0,14.47422,0.0,0.0,14.52169
331.01,0.0,0.0,0.0,0.0,0.00932,0.0,0.0,,,0.43404,,0.0,0.12456,0.19158,14.40929,,,,0.01497,0.0,,9.40018,14.50222,0.0,14.47523,1e-05,0.0,14.52168
332.01,0.0,0.0,0.0,0.0,0.00984,0.0,0.0,,,0.45077,,0.0,0.12885,0.19744,14.41076,,,,0.01586,0.0,,9.51597,14.50253,0.0,14.47617,1e-05,0.0,14.52168
333.01,0.0,0.0,0.0,0.0,0.0104,0.0,0.0,,,0.46803,,0.0,0.13327,0.20345,14.41218,,,,0.0168,0.0,,9.6308,14.50283,0.0,14.47704,1e-05,0.0,14.52209
334.01,0.0,0.0,0.0,0.0,0.011,0.0,0.0,,,0.48593,,0.0,0.13781,0.20962,14.41354,,,,0.01779,0.0,,9.74464,14.50314,0.0,14.47784,1e-05,0.0,14.5232
335.01,0.0,0.0,0.0,0.0,0.01165,0.0,0.0,,,0.50448,,0.0,0.14248,0.21594,14.41485,,,,0.01884,0.0,,9.85742,14.50346,0.0,14.47859,1e-05,0.0,14.52399
336.01,0.0,0.0,0.0,0.0,0.01235,0.0,0.0,,,0.5237,,0.0,0.14729,0.22243,14.41611,,,,0.01994,0.0,,9.96912,14.50378,0.0,14.47929,1e-05,0.0,14.52332
337.01,0.0,0.0,0.0,0.0,0.01309,0.0,0.0,,,0.54357,,0.0,0.15224,0.22908,14.41733,,,,0.0211,0.0,,10.07968,14.50411,0.0,14.47995,1e-05,0.0,14.52081
338.01,0.0,0.0,0.0,0.0,0.01388,0.0,0.0,,,0.56412,,0.0,0.15732,0.23591,14.4185,,,,0.02232,0.0,,10.18907,14.50444,0.0,14.48057,1e-05,0.0,14.51665
339.01,0.0,0.0,0.0,0.0,0.01473,0.0,0.0,,,0.58534,,0.0,0.16256,0.24292,14.41963,,,,0.02361,0.0,,10.29724,14.50479,0.0,14.48115,1e-05,0.0,14.51122
340.01,0.0,0.0,0.0,0.0,0.01562,0.0,0.0,,,0.60728,,0.0,0.16793,0.25011,14.42071,,,,0.02496,0.0,,10.40411,14.50514,0.0,14.48169,1e-05,0.0,14.50427
341.01,0.0,0.0,0.0,0.0,0.01657,0.0,0.0,,,0.62997,,0.0,0.17346,0.25748,14.42176,,,,0.02638,0.0,,10.50963,14.50551,0.0,14.48222,1e-05,0.0,14.49605
342.01,0.0,0.0,0.0,0.0,0.01757,0.0,0.0,,,0.65343,,0.0,0.17913,0.26504,14.42278,,,,0.02786,0.0,,10.61372,14.5059,0.0,14.48272,1e-05,0.0,14.48823
343.01,0.0,0.0,0.0,0.0,0.01863,0.0,0.0,,,0.67767,,0.0,0.18497,0.27279,14.42377,,,,0.02942,0.0,,10.71637,14.5063,0.0,14.4832,1e-05,0.0,14.48212
344.01,0.0,0.0,0.0,0.0,0.01975,0.0,0.0,,,0.70267,,0.0,0.19097,0.28074,14.42473,,,,0.03106,0.0,,10.81755,14.50672,0.0,14.48367,1e-05,0.0,14.47818
345.01,0.0,0.0,0.0,0.0,0.02093,0.0,0.0,,,0.72843,,0.0,0.19712,0.28889,14.42567,,,,0.03277,0.0,,10.91721,14.50714,0.0,14.48412,1e-05,0.0,14.47629
346.01,0.0,0.0,0.0,0.0,0.02217,0.0,0.0,,,0.75494,,0.0,0.20344,0.29725,14.42658,,,,0.03457,0.0,,11.01532,14.50756,0.0,14.48456,1e-05,0.0,14.47605
347.01,0.0,0.0,0.0,0.0,0.02348,0.0,0.0,,,0.78224,,0.0,0.20993,0.30581,14.42747,,,,0.03645,0.0,,11.11181,14.50798,0.0,14.485,1e-05,0.0,14.47702
348.01,0.0,0.0,0.0,0.0,0.02484,0.0,0.0,,,0.81033,,0.0,0.21659,0.31459,14.42835,,,,0.03842,0.0,,11.20664,14.50839,0.0,14.48543,1e-05,0.0,14.4788
349.01,0.0,0.0,0.0,0.0,0.02628,0.0,0.0,,,0.83921,,0.0,0.22341,0.32358,14.42922,,,,0.04047,0.0,,11.29978,14.50879,0.0,14.48586,1e-05,0.0,14.48111
350.01,0.0,0.0,0.0,0.0,0.02778,0.0,0.0,,,0.86886,,0.0,0.23042,0.33279,14.43007,,,,0.04262,0.0,,11.39123,14.50919,0.0,14.48629,1e-05,0.0,14.48375
351.01,0.0,0.0,0.0,0.0,0.02936,0.0,0.0,,,0.89937,,0.0,0.23761,0.34224,14.43091,,,,0.04487,0.0,,11.48103,14.50957,0.0,14.48672,2e-05,0.0,14.48656
352.01,0.0,0.0,0.0,0.0,0.03102,0.0,0.0,,,0.93073,,0.0,0.24498,0.35193,14.43175,,,,0.04722,0.0,,11.56913,14.50995,0.0,14.48715,2e-05,0.0,14.4894
353.01,0.0,0.0,0.0,0.0,0.03276,0.0,0.0,,,0.963,,0.0,0.25255,0.36186,14.43257,,,,0.04969,0.0,,11.65552,14.51031,0.0,14.48758,2e-05,0.0,14.4922
354.01,0.0,0.0,0.0,0.0,0.03458,0.0,0.0,,,0.99622,,0.0,0.26032,0.37203,14.43339,,,,0.05227,0.0,,11.74018,14.51067,0.0,14.48801,2e-05,0.0,14.49487
355.01,0.0,0.0,0.0,0.0,0.03649,0.0,0.0,,,1.03039,,0.0,0.26829,0.38246,14.43421,,,,0.05497,0.0,,11.8231,14.51101,0.0,14.48845,2e-05,0.0,14.49738
356.01,0.0,0.0,0.0,0.0,0.0385,0.0,0.0,,,1.06553,,0.0,0.27645,0.39315,14.43503,,,,0.05779,0.0,,11.90426,14.51135,0.0,14.48889,2e-05,0.0,14.49972
357.01,0.0,0.0,0.0,0.0,0.0406,0.0,0.0,,,1.10161,,0.0,0.28483,0.40411,14.43584,,,,0.06073,0.0,,11.98366,14.51197,0.0,14.48933,2e-05,0.0,14.50187
358.01,0.0,0.0,0.0,0.0,0.04281,0.0,0.0,,,1.13863,,0.0,0.29343,0.41534,14.43665,,,,0.06382,0.0,,12.06133,14.51343,0.0,14.48978,2e-05,0.0,14.50387
359.01,0.0,0.0,0.0,0.0,0.04512,0.0,0.0,,,1.17661,,0.0,0.30224,0.42685,14.43746,,,,0.06704,0.0,,12.13725,14.51527,0.0,14.49024,2e-05,0.0,14.5057
360.01,0.0,0.0,0.0,0.0,0.04755,0.0,0.0,,,1.21561,,0.0,0.31126,0.43864,14.43827,,,,0.07041,0.0,,12.21143,14.51651,0.0,14.49069,2e-05,0.0,14.50737
361.01,0.0,0.0,0.0,0.0,0.05008,0.0,0.0,,,1.25565,,0.0,0.32051,0.45072,14.43908,,,,0.07393,0.0,,12.28384,14.51655,0.0,14.49115,3e-05,0.0,14.50888
362.01,0.0,0.0,0.0,0.0,0.05273,0.0,0.0,,,1.2967,,0.0,0.32999,0.4631,14.4399,,,,0.0776,0.0,,12.35449,14.51529,0.0,14.49162,3e-05,0.0,14.51025
363.01,0.0,0.0,0.0,0.0,0.05551,0.0,0.0,,,1.33871,,0.0,0.3397,0.47577,14.44071,,,,0.08142,0.0,,12.42341,14.51294,0.0,14.49209,3e-05,0.0,14.51149
364.01,0.0,0.0,0.0,0.0,0.05841,0.0,0.0,,,1.38164,,0.0,0.34964,0.48876,14.44152,,,,0.08541,0.0,,12.49061,14.50936,0.0,14.49256,3e-05,0.0,14.51261
365.01,0.0,0.0,0.0,0.0,0.06144,0.0,0.0,,,1.42546,,0.0,0.35982,0.50206,14.44234,,,,0.08956,0.0,,12.5561,14.50436,0.0,14.49304,3e-05,0.0,14.51361
366.01,0.0,0.0,0.0,0.0,0.0646,0.0,0.0,,,1.47017,,0.0,0.37024,0.51568,14.44315,,,,0.09388,0.0,,12.6199,14.49904,0.0,14.49352,3e-05,0.0,14.51451
367.01,0.0,0.0,0.0,0.0,0.0679,0.0,0.0,,,1.51583,,0.0,0.38089,0.52962,14.44397,,,,0.09838,0.0,,12.68201,14.4946,0.0,14.494,4e-05,0.0,14.51532
368.01,0.0,0.0,0.0,0.0,0.07134,0.0,0.0,,,1.56261,,0.0,0.39181,0.5439,14.44478,,,,0.10306,0.0,,12.74247,14.49161,0.0,14.49449,4e-05,0.0,14.51603
369.01,0.0,0.0,0.0,0.0,0.07494,0.0,0.0,,,1.61048,,0.0,0.40298,0.55852,14.4456,,,,0.10794,0.0,,12.80129,14.49013,0.0,14.49499,4e-05,0.0,14.51667
370.01,0.0,0.0,0.0,0.0,0.0787,0.0,0.0,,,1.65941,,0.0,0.41442,0.5735,14.44642,,,,0.11302,0.0,,12.85851,14.48992,0.0,14.49549,4e-05,0.0,14.51723
371.01,0.0,0.0,0.0,0.0,0.08264,0.0,0.0,,,1.7094,,0.0,0.42612,0.58884,14.44724,,,,0.11831,0.0,,12.91415,14.49067,0.0,14.49601,4e-05,0.0,14.51773
372.01,0.0,0.0,0.0,0.0,0.08674,0.0,0.0,,,1.76046,,0.0,0.43811,0.60456,14.44806,,,,0.12382,0.0,,12.96823,14.49207,0.0,14.49654,5e-05,0.0,14.51817
373.01,0.0,0.0,0.0,0.0,0.09103,0.0,0.0,,,1.81264,,0.0,0.45037,0.62065,14.44889,,,,0.12956,0.0,,13.02077,14.49389,0.0,14.49709,5e-05,0.0,14.51856
374.01,0.0,0.0,0.0,0.0,0.0955,0.0,0.0,,,1.86597,,0.0,0.4629,0.63711,14.44972,,,,0.13553,0.0,,13.0718,14.49596,0.0,14.49766,5e-05,0.0,14.5189
375.01,0.0,0.0,0.0,0.0,0.10016,0.0,0.0,,,1.92047,,0.0,0.47573,0.65397,14.45056,,,,0.14173,0.0,,13.12134,14.49816,0.0,14.49823,5e-05,0.0,14.51919
376.01,0.0,0.0,0.0,0.0,0.10502,0.0,0.0,,,1.97609,,0.0,0.48885,0.67123,14.45142,,,,0.14818,0.0,,13.16943,14.50038,0.0,14.49881,6e-05,0.0,14.51945
377.01,0.0,0.0,0.0,0.0,0.11009,0.0,0.0,,,2.03281,,0.0,0.50227,0.68891,14.45229,,,,0.15488,0.0,,13.21609,14.50253,0.0,14.49939,6e-05,0.0,14.51968
378.01,0.0,0.0,0.0,0.0,0.11537,0.0,0.0,,,2.09064,,0.0,0.51599,0.707,14.45318,,,,0.16185,0.0,,13.26135,14.50456,0.0,14.49996,6e-05,0.0,14.51988
379.01,0.0,0.0,0.0,0.0,0.12088,0.0,0.0,,,2.14954,,0.0,0.53002,0.72552,14.45407,,,,0.16908,0.0,,13.30525,14.50644,0.0,14.50053,6e-05,0.0,14.52005
380.01,0.0,0.0,0.0,0.0,0.1266,0.0,0.0,,,2.20951,,0.0,0.54435,0.74446,14.45497,,,,0.17658,0.0,,13.34779,14.50817,0.0,14.50108,7e-05,0.0,14.52021
381.01,0.0,0.0,0.0,0.0,0.13255,0.0,0.0,,,2.27054,,0.0,0.559,0.76383,14.45586,,,,0.18435,0.0,,13.38901,14.50976,0.0,14.50163,7e-05,0.0,14.52034
382.01,0.0,0.0,0.0,0.0,0.13872,0.0,0.0,,,2.33258,,0.0,0.57396,0.78365,14.45676,,,,0.19238,0.0,,13.42895,14.51121,0.0,14.50216,7e-05,0.0,14.52046
383.01,0.0,0.0,0.0,0.0,0.14512,0.0,0.0,,,2.39554,,0.0,0.58925,0.80392,14.45764,,,,0.2007,0.0,,13.46762,14.51255,0.0,14.50269,8e-05,0.0,14.52056
384.01,0.0,0.0,0.0,0.0,0.15177,0.0,0.0,,,2.45943,,0.0,0.60485,0.82465,14.45852,,,,0.20929,0.0,,13.50506,14.51377,0.0,14.5032,8e-05,0.0,14.52065
385.01,0.0,0.0,0.0,0.0,0.15869,0.0,0.0,,,2.52446,,0.0,0.6208,0.84587,14.45938,,,,0.21821,0.0,,13.5413,14.51488,0.0,14.5037,9e-05,0.0,14.52073
386.01,0.0,0.0,0.0,0.0,0.16587,0.0,0.0,,,2.59066,,0.0,0.63708,0.86757,14.46023,,,,0.22745,0.0,,13.57637,14.51589,0.0,14.50419,9e-05,0.0,14.5208
387.01,0.0,0.0,0.0,0.0,0.17333,0.0,0.0,,,2.65808,,0.0,0.65372,0.88976,14.46108,,,,0.23703,0.0,,13.6103,14.51681,0.0,14.50468,0.0001,0.0,14.52087
388.01,0.0,0.0,0.0,0.0,0.18108,0.0,0.0,,,2.7267,,0.0,0.67071,0.91245,14.46191,,,,0.24694,0.0,,13.64311,14.51764,0.0,14.50561,0.0001,0.0,14.52092
389.01,0.0,0.0,0.0,0.0,0.18912,0.0,0.0,,,2.79649,,0.0,0.68806,0.93566,14.46272,,,,0.25719,0.0,,13.67482,14.51839,0.0,14.50753,0.00011,0.0,14.52097
390.01,0.0,0.0,0.0,0.0,0.19746,0.0,0.0,,,2.86742,,0.0,0.70578,0.95939,14.46353,,,,0.2678,0.0,,13.70547,14.51907,0.0,14.50967,0.00011,0.0,14.52102
391.01,0.0,0.0,0.0,0.0,0.20613,0.0,0.0,,,2.9395,,0.0,0.72387,0.98366,14.46434,,,,0.27878,0.0,,13.73509,14.51969,0.0,14.51084,0.00012,0.0,14.52106
392.01,0.0,0.0,0.0,0.0,0.21512,0.0,0.0,,,3.01271,,0.0,0.74233,1.00847,14.46559,,,,0.29015,0.0,,13.7637,14.52023,0.0,14.51053,0.00012,0.0,14.52109
393.01,0.0,0.0,0.0,0.0,0.22443,0.0,0.0,,,3.08714,,0.0,0.76117,1.03383,14.46834,,,,0.30191,0.0,,13.79132,14.52072,0.0,14.50878,0.00013,0.0,14.52112
394.01,0.0,0.0,0.0,0.0,0.23408,0.0,0.0,,,3.16279,,0.0,0.7804,1.05975,14.47261,,,,0.31406,0.0,,13.81798,14.52116,0.0,14.50584,0.00013,0.0,14.52115
395.01,0.0,0.0,0.0,0.0,0.24408,0.0,0.0,,,3.23962,,0.0,0.80001,1.08623,14.47764,,,,0.32661,0.0,,13.8437,14.52155,0.0,14.50142,0.00014,0.0,14.52118
396.01,0.0,0.0,0.0,0.0,0.25443,0.0,0.0,,,3.3175,,0.0,0.82002,1.1133,14.4827,,,,0.33956,0.0,,13.86851,14.52189,0.0,14.49559,0.00015,0.0,14.5212
397.01,0.0,0.0,0.0,0.0,0.26514,0.0,0.0,,,3.39637,,0.0,0.84042,1.14096,14.48733,,,,0.35292,0.0,,13.89243,14.5222,0.0,14.4898,0.00015,0.0,14.52122
398.01,0.0,0.0,0.0,0.0,0.2762,0.0,0.0,,,3.47621,,0.0,0.86123,1.16922,14.49134,,,,0.3667,0.0,,13.91549,14.52247,0.0,14.48525,0.00016,0.0,14.52124
399.01,0.0,0.0,0.0,0.0,0.28763,0.0,0.0,,,3.55697,,0.0,0.88244,1.19808,14.49426,,,,0.38089,0.0,,13.9377,14.5227,0.0,14.48239,0.00017,0.0,14.52125
400.01,0.0,0.0,0.0,0.0,0.29941,0.0,0.0,,,3.63868,,0.0,0.90406,1.22754,14.49562,,,,0.3955,0.0,,13.9591,14.52291,0.0,14.48117,0.00018,0.0,14.52127
401.01,0.0,0.0,0.0,0.0,0.31155,0.0,0.0,,,3.72135,,0.0,0.92609,1.25761,14.49595,,,,0.41052,0.0,,13.97969,14.52309,0.0,14.4813,0.00019,0.0,14.52129
402.01,0.0,0.0,0.0,0.0,0.3241,0.0,0.0,,,3.80514,,0.0,0.94855,1.28831,14.49601,,,,0.426,0.0,,13.9995,14.52325,0.0,14.4824,0.00019,0.0,14.52131
403.01,0.0,0.0,0.0,0.0,0.33708,0.0,0.0,,,3.89007,,0.0,0.97144,1.31966,14.49626,,,,0.44196,0.0,,14.01856,14.52339,0.0,14.48417,0.0002,0.0,14.52134
404.01,0.0,0.0,0.0,0.0,0.3505,0.0,0.0,,,3.97622,,0.0,0.99479,1.35167,14.49685,,,,0.45842,0.0,,14.03688,14.52352,0.0,14.48637,0.00021,0.0,14.52138
405.01,0.0,0.0,0.0,0.0,0.36436,0.0,0.0,,,4.06364,,0.0,1.01858,1.38434,14.49777,,,,0.4754,0.0,,14.05448,14.52363,0.0,14.48882,0.00022,0.0,14.52144
406.01,0.0,0.0,0.0,0.0,0.37867,0.0,0.0,,,4.15229,,0.0,1.04282,1.41767,14.49892,,,,0.49289,0.0,,14.07139,14.52373,0.0,14.49138,0.00024,0.0,14.52151
407.01,0.0,0.0,0.0,0.0,0.39343,0.0,0.0,,,4.24214,,0.0,1.06751,1.45168,14.5002,,,,0.51091,0.0,,14.08761,14.52381,0.0,14.49395,0.00025,0.0,14.52159
408.01,0.0,0.0,0.0,0.0,0.40866,0.0,0.0,,,4.33308,,0.0,1.09267,1.48637,14.50154,,,,0.52945,0.0,,14.10318,14.52389,0.0,14.49645,0.00026,0.0,14.52166
409.01,0.0,0.0,0.0,0.0,0.42438,0.0,0.0,,,4.42504,,0.0,1.1183,1.52176,14.50288,,,,0.54853,0.0,,14.11811,14.52395,0.0,14.49882,0.00027,0.0,14.52174
410.01,0.0,0.0,0.0,0.0,0.44061,0.0,0.0,,,4.518,,0.0,1.14441,1.55786,14.5042,,,,0.56817,0.0,,14.13241,14.52401,0.0,14.50104,0.00028,0.0,14.52181
411.01,0.0,0.0,0.0,0.0,0.45734,0.0,0.0,,,4.612,,0.0,1.171,1.59468,14.50545,,,,0.5884,0.0,,14.1461,14.52407,0.0,14.50308,0.0003,0.0,14.52187
412.01,0.0,0.0,0.0,0.0,0.4746,0.0,0.0,,,4.70708,,0.0,1.19808,1.63222,14.50661,,,,0.60922,0.0,,14.15921,14.52411,0.0,14.50496,0.00031,0.0,14.52192
413.01,0.0,0.0,0.0,0.0,0.49235,0.0,0.0,,,4.80318,,0.0,1.22565,1.67048,14.50768,,,,0.6306,0.0,,14.17175,14.52416,0.0,14.5067,0.00032,0.0,14.52196
414.01,0.0,0.0,0.0,0.0,0.51061,0.0,0.0,,,4.90021,,0.0,1.25371,1.70947,14.50864,,,,0.65255,0.0,,14.18373,14.52419,1e-05,14.5083,0.00034,0.0,14.52199
415.01,0.0,0.0,0.0,0.0,0.52938,0.0,0.0,,,4.99802,,0.0,1.28226,1.74919,14.50951,,,,0.67507,0.0,,14.19517,14.52423,1e-05,14.50976,0.00036,0.0,14.52201
416.01,0.0,0.0,1e-05,0.0,0.54867,0.0,0.0,,,5.09648,,0.0,1.31131,1.78966,14.51031,,,,0.69814,0.0,,14.20609,14.52426,1e-05,14.5111,0.00037,0.0,14.52201
417.01,0.0,0.0,1e-05,0.0,0.56849,0.0,0.0,,,5.19554,,0.0,1.34087,1.83089,14.51103,,,,0.7218,0.0,,14.21651,14.52428,1e-05,14.51231,0.00039,0.0,14.52201
418.01,0.0,0.0,1e-05,0.0,0.58884,0.0,0.0,,,5.29523,,0.0,1.37093,1.87289,14.5117,,,,0.74605,0.0,,14.22644,14.5243,1e-05,14.51342,0.00041,0.0,14.522
419.01,0.0,0.0,1e-05,0.0,0.60977,0.0,0.0,,,5.39585,,0.0,1.40153,1.91566,14.51231,,,,0.77096,0.0,,14.23589,14.52432,1e-05,14.51442,0.00043,0.0,14.52199
420.01,0.0,0.0,1e-05,0.0,0.63129,0.0,0.0,,,5.49739,,0.0,1.43265,1.95921,14.51287,,,,0.79655,0.0,,14.24489,14.52434,1e-05,14.51534,0.00045,0.0,14.52235
421.01,0.0,0.0,1e-05,0.0,0.65342,0.0,0.0,,,5.59976,,0.0,1.46431,2.00354,14.51338,,,,0.82284,0.0,,14.25344,14.52435,1e-05,14.51616,0.00047,0.0,14.52341
422.01,0.0,0.0,1e-05,0.0,0.67617,0.0,0.0,,,5.70291,,0.0,1.49651,2.04868,14.51384,,,,0.84982,0.0,,14.26157,14.52436,1e-05,14.51691,0.00049,0.0,14.52425
423.01,0.0,0.0,1e-05,0.0,0.69957,0.0,0.0,,,5.80677,,0.0,1.52927,2.09462,14.51426,,,,0.87752,0.0,,14.26929,14.52437,1e-05,14.51759,0.00051,0.0,14.5237
424.01,0.0,0.0,1e-05,0.0,0.72364,0.0,0.0,,,5.9113,,0.0,1.56259,2.14139,14.51464,,,,0.90595,0.0,,14.2766,14.52438,1e-05,14.51819,0.00054,0.0,14.52129
425.01,0.0,0.0,1e-05,0.0,0.74836,0.0,0.0,,,6.01645,,0.0,1.59648,2.18897,14.51497,,,,0.93511,0.0,,14.28354,14.52439,1e-05,14.51874,0.00056,0.0,14.51717
426.01,0.0,0.0,1e-05,0.0,0.77376,0.0,0.0,,,6.12223,,0.0,1.63092,2.23736,14.51527,,,,0.965,0.0,,14.29011,14.5244,1e-05,14.51922,0.00059,0.0,14.51175
427.01,0.0,0.0,1e-05,0.0,0.79984,0.0,0.0,,,6.22859,,0.0,1.66593,2.28658,14.51554,,,,0.99565,0.0,,14.29633,14.52441,1e-05,14.51966,0.00061,0.0,14.5049
428.01,0.0,0.0,1e-05,0.0,0.82665,0.0,0.0,,,6.33545,,0.0,1.70151,2.33664,14.51577,,,,1.02706,0.0,,14.3022,14.52444,1e-05,14.52005,0.00064,0.0,14.49674
429.01,0.0,0.0,1e-05,0.0,0.85418,1e-05,0.0,,,6.44277,,0.0,1.73767,2.38753,14.51597,,,,1.05925,0.0,,14.30775,14.52448,1e-05,14.5204,0.00067,0.0,14.48885
430.01,0.0,0.0,1e-05,0.0,0.88243,1e-05,0.0,,,6.55046,,0.0,1.77443,2.43927,14.51614,,,,1.09222,0.0,,14.31299,14.52454,1e-05,14.5207,0.0007,0.0,14.48261
431.01,0.0,0.0,1e-05,0.0,0.91137,1e-05,0.0,,,6.65843,,0.0,1.81177,2.49185,14.51628,,,,1.12597,0.0,,14.31792,14.5246,1e-05,14.52098,0.00073,0.0,14.47852
432.01,0.0,0.0,1e-05,0.0,0.94099,1e-05,0.0,,,6.76658,,0.0,1.8497,2.54527,14.5164,,,,1.16048,0.0,,14.32257,14.52466,1e-05,14.52122,0.00077,0.0,14.47649
433.01,0.0,0.0,1e-05,0.0,0.97129,1e-05,0.0,,,6.87486,,0.0,1.88821,2.59953,14.51651,,,,1.19572,0.0,,14.32695,14.52472,1e-05,14.52144,0.0008,0.0,14.47614
434.01,0.0,0.0,1e-05,0.0,1.00226,1e-05,0.0,,,6.98319,,0.0,1.92731,2.65462,14.51659,,,,1.23169,0.0,,14.33106,14.52477,1e-05,14.52164,0.00084,0.0,14.47702
435.01,0.0,0.0,1e-05,0.0,1.03394,1e-05,0.0,,,7.09157,,0.0,1.967,2.71056,14.51666,,,,1.2684,0.0,,14.33493,14.52482,2e-05,14.52182,0.00088,0.0,14.47875
436.01,0.0,0.0,2e-05,0.0,1.06644,1e-05,0.0,,,7.20019,,0.0,2.00733,2.76738,14.51672,,,,1.30596,0.0,,14.33855,14.52486,2e-05,14.52197,0.00092,0.0,14.48103
437.01,0.0,0.0,2e-05,0.0,1.09976,1e-05,0.0,,,7.30898,,0.0,2.04828,2.82507,14.51676,,,,1.34442,0.0,,14.34195,14.52489,2e-05,14.52212,0.00096,0.0,14.48366
438.01,0.0,0.0,2e-05,0.0,1.1339,1e-05,0.0,,,7.41783,,0.0,2.08987,2.88363,14.5168,,,,1.38378,0.0,,14.34513,14.52491,2e-05,14.52224,0.001,0.0,14.48647
439.01,0.0,0.0,2e-05,0.0,1.16886,1e-05,0.0,,,7.52669,,0.0,2.13209,2.94304,14.51682,,,,1.42404,0.0,,14.34811,14.52491,2e-05,14.52236,0.00104,0.0,14.48933
440.01,0.0,0.0,2e-05,0.0,1.20465,1e-05,0.0,,,7.63555,,0.0,2.17495,3.00331,14.51684,,,,1.4652,0.0,,14.35089,14.5249,2e-05,14.52246,0.00109,0.0,14.49214
441.01,0.0,0.0,2e-05,0.0,1.24128,1e-05,0.0,,,7.74441,,0.0,2.21844,3.06444,14.51686,,,,1.50725,0.0,,14.35349,14.52489,2e-05,14.52256,0.00114,0.0,14.49483
442.01,0.0,0.0,2e-05,0.0,1.27878,1e-05,0.0,,,7.85321,,0.0,2.26259,3.12644,14.51688,,,,1.5502,0.0,,14.35592,14.52487,2e-05,14.52264,0.00119,0.0,14.49736
443.01,0.0,0.0,2e-05,0.0,1.31719,1e-05,0.0,,,7.96188,,0.0,2.30739,3.18931,14.51689,,,,1.5941,0.0,,14.35818,14.52484,2e-05,14.52272,0.00125,0.0,14.49971
444.01,0.0,0.0,2e-05,0.0,1.3565,1e-05,0.0,,,8.07029,,0.0,2.35287,3.25306,14.51691,,,,1.63896,0.0,,14.36029,14.52502,2e-05,14.52279,0.0013,0.0,14.50189
445.01,0.0,0.0,2e-05,0.0,1.3967,1e-05,0.0,,,8.17839,,0.0,2.39901,3.31766,14.51692,,,,1.6848,0.0,,14.36225,14.52597,3e-05,14.52286,0.00136,0.0,14.50391
446.01,0.0,0.0,3e-05,0.0,1.43781,1e-05,0.0,,,8.28619,,0.0,2.44582,3.38312,14.51693,,,,1.7316,0.0,,14.36408,14.52722,3e-05,14.52291,0.00142,0.0,14.50576
447.01,0.0,0.0,3e-05,0.0,1.47977,1e-05,0.0,,,8.39361,,0.0,2.4933,3.44943,14.51694,,,,1.77931,0.0,,14.36578,14.52774,3e-05,14.52297,0.00148,0.0,14.50744
448.01,0.0,0.0,3e-05,0.0,1.52259,1e-05,0.0,,,8.50058,,0.0,2.54146,3.51659,14.51696,,,,1.8279,0.0,,14.36737,14.52694,3e-05,14.52302,0.00155,0.0,14.50897
449.01,0.0,0.0,3e-05,0.0,1.5663,1e-05,0.0,,,8.607,,0.0,2.59028,3.58461,14.51697,,,,1.87738,0.0,,14.36884,14.52475,3e-05,14.52306,0.00162,0.0,14.51036
450.01,0.0,0.0,3e-05,0.0,1.6109,1e-05,0.0,,,8.71276,,0.0,2.63978,3.6535,14.51699,,,,1.92779,0.0,,14.37021,14.52145,3e-05,14.5231,0.00169,0.0,14.51161
451.01,0.0,0.0,3e-05,0.0,1.65635,2e-05,0.0,,,8.81777,,0.0,2.68996,3.72323,14.51701,,,,1.9791,0.0,,14.37149,14.51707,4e-05,14.52313,0.00176,0.0,14.51273
452.01,0.0,0.0,3e-05,0.0,1.70265,2e-05,0.0,,,8.92209,,0.0,2.74082,3.7938,14.51703,,,,2.03133,0.0,,14.37269,14.51137,4e-05,14.52316,0.00184,0.0,14.51375
453.01,0.0,0.0,4e-05,0.0,1.74991,2e-05,0.0,,,9.02587,,0.0,2.79238,3.86521,14.51706,,,,2.08457,0.0,,14.37383,14.50537,4e-05,14.52319,0.00192,0.0,14.51466
454.01,0.0,0.0,4e-05,0.0,1.79813,2e-05,0.0,,,9.12905,,0.0,2.84465,3.93745,14.51708,,,,2.13881,0.0,,14.37491,14.50029,4e-05,14.52322,0.00201,0.0,14.51547
455.01,0.0,0.0,4e-05,0.0,1.84735,2e-05,0.0,,,9.23156,,0.0,2.89763,4.01052,14.51712,,,,2.19405,0.0,,14.37594,14.49674,4e-05,14.52324,0.0021,0.0,14.51619
456.01,0.0,0.0,4e-05,0.0,1.89761,2e-05,0.0,,,9.33336,,0.0,2.95133,4.08444,14.51715,,,,2.25034,0.0,,14.37691,14.49479,5e-05,14.52326,0.00219,0.0,14.51683
457.01,0.0,0.0,4e-05,0.0,1.9489,2e-05,0.0,,,9.43438,,0.0,3.00576,4.15919,14.51718,,,,2.3077,0.0,,14.37783,14.49418,5e-05,14.52329,0.00228,0.0,14.5174
458.01,0.0,0.0,5e-05,0.0,2.0012,2e-05,0.0,,,9.53456,,0.0,3.06092,4.23475,14.51722,,,,2.36614,0.0,,14.3787,14.4946,5e-05,14.52332,0.00238,0.0,14.51791
459.01,0.0,0.0,5e-05,0.0,2.05451,2e-05,0.0,,,9.63391,,0.0,3.11681,4.31111,14.51726,,,,2.42563,0.0,,14.37951,14.49573,5e-05,14.52337,0.00249,0.0,14.51835
460.01,0.0,0.0,5e-05,0.0,2.10883,2e-05,0.0,,,9.73237,,0.0,3.17345,4.38826,14.51731,,,,2.48615,0.0,,14.38029,14.49734,5e-05,14.52343,0.0026,0.0,14.51874
461.01,0.0,0.0,5e-05,0.0,2.1642,2e-05,0.0,,,9.82987,,0.0,3.23084,4.4662,14.51736,,,,2.5477,0.0,,14.38101,14.49924,6e-05,14.5235,0.00271,0.0,14.51909
462.01,0.0,0.0,6e-05,0.0,2.22064,3e-05,0.0,,,9.92637,,0.0,3.28898,4.54493,14.51743,,,,2.61029,0.0,,14.3817,14.50129,6e-05,14.52357,0.00283,0.0,14.51939
463.01,0.0,0.0,6e-05,0.0,2.27815,3e-05,0.0,,,10.02186,,0.0,3.34786,4.62444,14.51751,,,,2.67397,0.0,,14.38234,14.50338,6e-05,14.52364,0.00295,0.0,14.51965
464.01,0.0,0.0,6e-05,0.0,2.33664,3e-05,0.0,,,10.11625,,0.0,3.4075,4.70473,14.51761,,,,2.7387,0.0,,14.38295,14.50541,7e-05,14.52372,0.00308,0.0,14.51988
465.01,0.0,0.0,7e-05,0.0,2.3961,3e-05,0.0,,,10.20951,,0.0,3.4679,4.78577,14.51772,,,,2.80444,0.0,,14.38353,14.50734,7e-05,14.52378,0.00322,0.0,14.52009
466.01,0.0,0.0,7e-05,0.0,2.45652,3e-05,0.0,,,10.30165,,0.0,3.52905,4.86755,14.51785,,,,2.87115,0.0,,14.38408,14.50911,7e-05,14.52383,0.00336,0.0,14.52027
467.01,0.0,0.0,7e-05,0.0,2.5179,3e-05,0.0,,,10.39263,,0.0,3.59095,4.95005,14.51798,,,,2.93881,0.0,,14.38461,14.51074,8e-05,14.52388,0.0035,0.0,14.52042
468.01,0.0,0.0,8e-05,0.0,2.58024,3e-05,0.0,,,10.48239,,0.0,3.6536,5.03328,14.51811,,,,3.00737,0.0,,14.38514,14.51223,8e-05,14.52391,0.00365,0.0,14.52056
469.01,0.0,0.0,8e-05,0.0,2.64356,3e-05,0.0,,,10.57089,,0.0,3.71701,5.11722,14.51824,,,,3.07686,0.0,,14.38633,14.51358,8e-05,14.52394,0.00381,0.0,14.52068
470.01,0.0,0.0,8e-05,0.0,2.70796,4e-05,0.0,,,10.65822,,0.0,3.78119,5.20189,14.51837,,,,3.14742,0.0,,14.38972,14.51481,9e-05,14.52395,0.00398,0.0,14.52078
471.01,0.0,0.0,9e-05,0.0,2.77341,4e-05,0.0,,,10.74438,,0.0,3.84617,5.28727,14.51849,,,,3.21907,0.0,,14.39586,14.51592,9e-05,14.52394,0.00415,0.0,14.52088
472.01,0.0,0.0,9e-05,0.0,2.83993,4e-05,0.0,,,10.82936,,0.0,3.91194,5.37333,14.5186,,,,3.29178,0.0,,14.40427,14.51692,0.0001,14.52393,0.00433,0.0,14.52096
473.01,0.0,0.0,0.0001,0.0,2.90752,4e-05,0.0,,,10.9131,,0.0,3.9785,5.46006,14.51871,,,,3.36554,0.0,,14.41423,14.51781,0.0001,14.52391,0.00451,0.0,14.52103
474.01,0.0,0.0,0.0001,0.0,2.97619,4e-05,0.0,,,10.99556,,0.0,4.04585,5.54745,14.5188,,,,3.44036,0.0,,14.42505,14.51861,0.00011,14.52389,0.00471,0.0,14.5211
475.01,0.0,0.0,0.00011,0.0,3.04597,4e-05,0.0,,,11.07676,,0.0,4.11398,5.63548,14.5189,,,,3.51621,0.0,,14.43615,14.51933,0.00011,14.52419,0.00491,0.0,14.52115
476.01,0.0,0.0,0.00011,0.0,3.11684,5e-05,0.0,,,11.15669,,0.0,4.1829,5.72416,14.51898,,,,3.59312,0.0,,14.44658,14.51997,0.00012,14.52526,0.00512,0.0,14.5212
477.01,0.0,0.0,0.00012,0.0,3.18879,5e-05,0.0,,,11.23531,,0.0,4.25263,5.81348,14.51906,,,,3.67106,0.0,,14.45508,14.52053,0.00012,14.52634,0.00534,0.0,14.52125
478.01,0.0,0.0,0.00012,0.0,3.2618,5e-05,0.0,,,11.31261,,0.0,4.32317,5.90342,14.51914,,,,3.75002,0.0,,14.46144,14.52102,0.00013,14.52633,0.00557,0.0,14.52129
479.01,0.0,0.0,0.00013,0.0,3.33585,5e-05,0.0,,,11.3886,,0.0,4.39453,5.99395,14.5195,,,,3.82997,0.0,,14.46613,14.52145,0.00013,14.52476,0.00581,0.0,14.52132
480.01,0.0,0.0,0.00014,0.0,3.41095,5e-05,0.0,,,11.46327,,0.0,4.4667,6.08506,14.52076,,,,3.91091,0.0,,14.46966,14.52183,0.00014,14.5217,0.00605,0.0,14.52136
481.01,0.0,0.0,0.00014,0.0,3.48703,5e-05,0.0,,,11.5366,,0.0,4.53966,6.17673,14.52262,,,,3.99278,0.0,,14.47237,14.52215,0.00015,14.51745,0.00631,0.0,14.52138
482.01,0.0,0.0,0.00015,0.0,3.56409,5e-05,0.0,,,11.60853,,0.0,4.61342,6.26895,14.5242,,,,4.07559,0.0,,14.4745,14.52243,0.00015,14.51187,0.00658,0.0,14.52141
483.01,0.0,0.0,0.00016,0.0,3.6421,5e-05,0.0,,,11.67908,,0.0,4.68798,6.36172,14.52494,,,,4.15928,0.0,,14.47616,14.52267,0.00016,14.50493,0.00686,0.0,14.52143
484.01,0.0,0.0,0.00017,0.0,3.72101,5e-05,0.0,,,11.74825,,0.0,4.76336,6.45502,14.52475,,,,4.24382,0.0,,14.47746,14.52286,0.00017,14.49802,0.00715,0.0,14.52145
485.01,0.0,0.0,0.00017,0.0,3.80078,5e-05,0.0,,,11.81608,,0.0,4.83954,6.54882,14.52372,,,,4.32914,0.0,,14.47847,14.52302,0.00018,14.49245,0.00746,0.0,14.52147
486.01,0.0,0.0,0.00018,0.0,3.88144,5e-05,0.0,,,11.88257,,0.0,4.91654,6.6431,14.52173,,,,4.41527,0.0,,14.47927,14.52316,0.00018,14.48873,0.00777,0.0,14.52148
487.01,0.0,0.0,0.00019,0.0,3.96311,5e-05,0.0,,,11.94773,,0.0,4.99437,6.73785,14.51851,,,,4.50234,0.0,,14.47989,14.52326,0.00019,14.48682,0.0081,0.0,14.5215
488.01,0.0,0.0,0.0002,0.0,4.04581,6e-05,0.0,,,12.01154,,0.0,5.07301,6.83306,14.51485,,,,4.59032,0.0,,14.48037,14.52335,0.0002,14.48642,0.00845,0.0,14.52151
489.01,0.0,0.0,0.00021,0.0,4.12952,6e-05,0.0,,,12.07403,,0.0,5.15247,6.92871,14.51165,,,,4.67918,0.0,,14.48073,14.52341,0.00021,14.48712,0.00881,0.0,14.52153
490.01,0.0,0.0,0.00022,0.0,4.2142,6e-05,0.0,,,12.13521,,0.0,5.23274,7.02479,14.50939,,,,4.76891,0.0,,14.48098,14.52346,0.00022,14.48857,0.00918,0.0,14.52157
491.01,0.0,0.0,0.00023,0.0,4.29982,6e-05,0.0,,,12.19508,,0.0,5.31383,7.12126,14.50815,,,,4.85947,0.0,,14.48115,14.52349,0.00023,14.49052,0.00957,0.0,14.52161
492.01,0.0,0.0,0.00024,0.0,4.38636,6e-05,0.0,,,12.25367,,0.0,5.39572,7.21811,14.5078,,,,4.95087,0.0,,14.48125,14.52351,0.00024,14.49276,0.00997,0.0,14.52167
493.01,0.0,0.0,0.00025,0.0,4.47384,6e-05,0.0,,,12.31097,,0.0,5.47842,7.31529,14.50811,,,,5.0431,0.0,,14.4813,14.52352,0.00025,14.49516,0.01039,0.0,14.52174
494.01,0.0,0.0,0.00026,0.0,4.56224,6e-05,0.0,,,12.36697,,0.0,5.5619,7.4128,14.50888,,,,5.1361,0.0,,14.48133,14.52352,0.00026,14.4976,0.01083,0.0,14.52181
495.01,0.0,0.0,0.00028,0.0,4.65154,6e-05,0.0,,,12.42169,,0.0,5.64619,7.5106,14.50993,,,,5.22982,0.0,,14.48135,14.52352,0.00027,14.49998,0.01128,0.0,14.52189
496.01,0.0,0.0,0.00029,0.0,4.74168,7e-05,0.0,,,12.47513,,0.0,5.73126,7.6087,14.51114,,,,5.32427,0.0,,14.48135,14.52351,0.00028,14.50225,0.01176,0.0,14.52196
497.01,0.0,0.0,0.0003,0.0,4.83265,7e-05,0.0,,,12.52731,,0.0,5.81713,7.70706,14.51243,,,,5.41945,0.0,,14.48134,14.52349,0.0003,14.50435,0.01225,0.0,14.52203
498.01,0.0,0.0,0.00032,0.0,4.92441,7e-05,0.0,,,12.57824,,0.0,5.9038,7.80565,14.51371,,,,5.51528,0.0,,14.48132,14.52347,0.00031,14.50629,0.01277,0.0,14.52209
499.01,0.0,0.0,0.00033,0.0,5.01692,7e-05,0.0,,,12.62795,,0.0,5.99124,7.90443,14.51494,,,,5.61171,0.0,,14.4813,14.52345,0.00032,14.50807,0.0133,0.0,14.52215
500.01,0.0,0.0,0.00035,0.0,5.1101,7e-05,0.0,,,12.67644,,0.0,6.07946,8.00337,14.51609,,,,5.70868,0.0,,14.48127,14.52342,0.00034,14.50969,0.01386,0.0,14.52219
