time,Muttonpulao_02_GLP1,Cholebhature_01_GLP1,Curdrice_01_GLP1,Lemonrice_01_GLP1,Pasta_01_GLP1,Masaladosa_01_GLP1,Vegetable_Biryani_01_GLP1,Rapid_starch_01_GLP1,Chickenbreast_01_GLP1,Rice_01_GLP1,Eggwhite_01_GLP1,Paneer_01_GLP1,Milk_Chocolate_01_GLP1,Peanuts_01_GLP1,Curd_01_GLP1,Glucose_01_GLP1,Biscuit_01_GLP1,Glucose_02_GLP1,Bread_Meal_01_100_GLP1,Chickensandwich_01_GLP1,Ghee_01_GLP1,Apple_Pineapplesalad_01_GLP1,Spinach_01_GLP1,Bread_meal_02_GLP1,Orange_01_GLP1,Omelette_01_GLP1,Muttonpulao_01_GLP1,Arabinose_01_GLP1
1.01,3e-05,5e-05,7e-05,8e-05,0.0,5e-05,8e-05,0.0,0.0,0.0,0.0,1e-05,0.0,0.0,0.0,0.00374,0.0,0.00374,0.0,5e-05,0.0,1e-05,0.0,0.0,0.0,2e-05,8e-05,0
2.01,0.00354,0.00492,0.00463,0.00476,0.00084,0.00364,0.00511,0.00042,0.0,0.00063,0.0,0.00168,8e-05,0.00027,0.00016,0.08032,0.0,0.08032,0.00099,0.00361,0.0,0.00078,4e-05,0.00099,0.00027,0.00176,0.00476,0
3.01,0.02096,0.02942,0.02828,0.0268,0.00668,0.01992,0.03023,0.00621,0.0,0.00588,0.0,0.01058,0.00121,0.00188,0.00107,0.24996,0.00019,0.25032,0.00821,0.02121,0.0,0.00588,0.00034,0.00821,0.00162,0.01114,0.0268,0
4.01,0.05566,0.07567,0.07383,0.06756,0.0201,0.04629,0.07815,0.02789,0.0,0.01954,0.0,0.02724,0.00533,0.00583,0.00343,0.4764,0.00131,0.48157,0.027,0.05419,0.0,0.01833,0.00126,0.027,0.00457,0.02935,0.06756,0
5.01,0.10349,0.13491,0.13359,0.12039,0.04294,0.07691,0.14083,0.07751,1e-05,0.04413,0.0,0.04784,0.01425,0.01287,0.00769,0.74769,0.00412,0.76784,0.06199,0.09526,0.0,0.03762,0.00307,0.06199,0.00909,0.05303,0.12039,0
6.01,0.15875,0.19753,0.20307,0.18131,0.07682,0.11064,0.21158,0.15752,1e-05,0.08127,0.0,0.06843,0.02879,0.02344,0.01389,1.03479,0.00922,1.07726,0.11421,0.13929,0.0,0.06194,0.00587,0.11421,0.01493,0.07825,0.18131,0
7.01,0.21637,0.25366,0.27965,0.24848,0.12187,0.14581,0.28435,0.261,1e-05,0.13118,0.0,0.08714,0.04816,0.03755,0.02171,1.30995,0.0172,1.37911,0.18035,0.18443,0.0,0.0896,0.00968,0.18035,0.02181,0.1015,0.24848,0
8.01,0.27286,0.29564,0.35993,0.32054,0.17603,0.17976,0.35261,0.38101,1e-05,0.1924,0.0,0.10402,0.07041,0.05479,0.03067,1.56306,0.02858,1.66671,0.25531,0.22965,0.0,0.11914,0.01441,0.25531,0.02944,0.1207,0.32054,0
9.01,0.32628,0.32072,0.43941,0.39628,0.23593,0.21114,0.41131,0.51274,1e-05,0.26277,0.0,0.11954,0.09329,0.07453,0.04023,1.79704,0.04381,1.94934,0.33473,0.27378,0.0,0.14936,0.01991,0.33473,0.03754,0.13615,0.39628,0
10.01,0.3753,0.33151,0.51323,0.47482,0.29824,0.24019,0.45772,0.65198,1e-05,0.34041,0.0,0.13408,0.11491,0.09616,0.04991,2.01972,0.06319,2.23824,0.41568,0.31573,0.0,0.17928,0.02594,0.41568,0.04591,0.14933,0.47482,0
11.01,0.41877,0.33419,0.57715,0.55559,0.36039,0.26771,0.49008,0.79464,1e-05,0.42397,0.0,0.14786,0.13415,0.11919,0.05928,2.23848,0.08701,2.53626,0.4964,0.35496,0.0,0.20813,0.03228,0.4964,0.05438,0.1614,0.55559,0
12.01,0.45576,0.33442,0.62813,0.63795,0.42053,0.29415,0.50716,0.93727,1e-05,0.51251,0.0,0.16103,0.15064,0.14328,0.06814,2.4577,0.11548,2.83635,0.57567,0.39151,0.0,0.23523,0.03877,0.57567,0.06285,0.17295,0.63795,0
13.01,0.48585,0.33558,0.66439,0.72094,0.47726,0.3194,0.50946,1.07759,1e-05,0.60525,0.0,0.17367,0.16458,0.16821,0.07642,2.67811,0.14875,3.12767,0.65249,0.42579,0.0,0.26004,0.04531,0.65249,0.07128,0.18423,0.72094,0
14.01,0.50942,0.33917,0.68512,0.80314,0.52955,0.34315,0.50112,1.21457,1e-05,0.70151,0.0,0.18585,0.17645,0.19385,0.08415,2.89754,0.18691,3.40219,0.72597,0.45828,0.0,0.28218,0.05187,0.72597,0.07961,0.19533,0.80314,0
15.01,0.5277,0.34561,0.69011,0.88273,0.57666,0.36521,0.489,1.34814,2e-05,0.80059,0.0,0.19759,0.1868,0.22012,0.09137,3.10951,0.23003,3.65705,0.7953,0.48941,0.0,0.30149,0.05841,0.7953,0.08783,0.20625,0.88273,0
16.01,0.54233,0.35477,0.68003,0.9577,0.61812,0.38569,0.47891,1.47881,2e-05,0.90179,0.0,0.20892,0.19608,0.24697,0.09811,3.30514,0.27811,3.89368,0.85975,0.51942,0.0,0.31801,0.0649,0.85975,0.09595,0.21696,0.9577,0
17.01,0.55484,0.36619,0.65735,1.02595,0.65361,0.40497,0.47361,1.60735,2e-05,1.00437,0.0,0.21985,0.20462,0.27436,0.10442,3.47708,0.33107,4.11604,0.91868,0.54848,0.0,0.33203,0.07134,0.91868,0.10397,0.22744,1.02595,0
18.01,0.56635,0.37924,0.62765,1.08545,0.68301,0.42351,0.47347,1.73455,2e-05,1.10762,0.0,0.23039,0.21258,0.30228,0.11034,3.62153,0.38878,4.32918,0.97155,0.57662,0.0,0.34403,0.07771,0.97155,0.11192,0.23766,1.08545,0
19.01,0.5775,0.39327,0.59831,1.13423,0.70638,0.44168,0.47771,1.86106,2e-05,1.21086,0.0,0.24056,0.21998,0.33067,0.1159,3.73761,0.45106,4.53663,1.01792,0.60388,0.0,0.35459,0.084,1.01792,0.11982,0.24762,1.13423,0
20.01,0.58858,0.40766,0.57474,1.17042,0.72403,0.45965,0.48518,1.98726,2e-05,1.31347,0.0,0.25037,0.2268,0.35952,0.12113,,0.51771,4.7379,1.0575,0.63029,0.0,0.36431,0.09021,1.0575,0.12766,0.25729,1.17042,0
21.01,0.59966,0.42194,0.55879,1.19235,0.73644,0.47744,0.49478,2.11329,2e-05,1.41496,0.0,0.25984,0.23305,0.38878,0.12607,,0.58853,4.9305,1.09007,0.65588,0.0,0.37368,0.09633,1.09007,0.13547,0.26669,1.19235,0
22.01,0.61071,0.43578,0.54996,1.19916,0.7442,0.49491,0.50555,2.23907,2e-05,1.51491,0.0,0.26898,0.23878,0.41842,0.13074,,0.66331,5.11301,1.11555,0.68076,0.0,0.38306,0.10236,1.11555,0.14324,0.27582,1.19916,0
23.01,0.62166,0.44897,0.54689,1.19168,0.74806,0.51188,0.51678,2.36444,2e-05,1.61299,0.0,0.27779,0.24408,0.4484,0.13518,,0.74186,5.28494,1.13396,0.70504,0.0,0.39265,0.1083,1.13396,0.15098,0.28467,1.19168,0
24.01,0.63241,0.46141,0.54811,1.17315,0.74888,0.5282,0.52796,2.4892,2e-05,1.70894,0.0,0.28629,0.24903,0.47867,0.13941,,0.82403,5.4456,1.14548,0.72886,0.0,0.40253,0.11415,1.14548,0.15871,0.29327,1.17315,0
25.01,0.64291,0.47311,0.55231,1.14848,0.74753,0.54384,0.53875,2.61322,2e-05,1.8026,0.0,0.29448,0.25372,0.50922,0.14345,,0.90964,5.59444,1.15047,0.75235,0.0,0.41272,0.11991,1.15049,0.16644,0.30161,1.14848,0
26.01,0.65311,0.48406,0.55845,1.12216,0.74493,0.55889,0.54893,2.73642,3e-05,1.89385,0.0,0.30237,0.25821,0.54001,0.14732,,0.99854,5.73128,1.14948,0.77562,0.0,0.42319,0.12557,1.14963,0.17418,0.30969,1.12216,0
27.01,0.66298,0.49434,0.56569,1.09692,0.74186,0.57351,0.5584,2.8588,3e-05,1.98256,0.0,0.30998,0.26254,0.57103,0.15103,,1.09061,5.8542,1.14312,0.79878,0.0,0.43387,0.13115,1.1438,0.18196,0.31754,1.09692,0
28.01,0.67251,0.50398,0.5734,1.07377,0.73882,0.5879,0.56711,2.98046,3e-05,2.06859,0.0,0.3173,0.26675,0.60225,0.15461,,1.18569,5.96282,1.13198,0.82188,0.0,0.4447,0.13663,1.1342,0.18978,0.32514,1.07377,0
29.01,0.6817,0.51306,0.58112,1.05273,0.73581,0.60217,0.57508,3.10162,3e-05,2.15173,0.0,0.32435,0.27084,0.63367,0.15807,,1.28367,6.05659,1.11661,0.84495,0.0,0.45562,0.14203,1.12217,0.19766,0.3325,1.05273,0
30.01,0.69054,0.52162,0.58852,1.03341,0.73254,0.61638,0.58235,3.22261,3e-05,2.23168,0.0,0.33113,0.27484,0.66527,0.16141,,1.3844,6.1385,1.0975,0.86801,0.0,0.46655,0.14734,1.10903,0.20563,0.33964,1.03341,0
31.01,0.69905,0.52971,0.59539,1.01537,0.72862,0.63047,0.58896,3.34384,3e-05,2.30808,0.0,0.33765,0.27876,0.69706,0.16465,,1.48777,6.21792,1.07507,0.89102,0.0,0.47746,0.15257,1.09592,0.2137,0.34655,1.01537,0
32.01,0.70725,0.53739,0.60161,0.9983,0.72392,0.64433,0.59498,3.46582,3e-05,2.38046,0.0,0.34391,0.2826,0.72903,0.1678,,1.59368,6.28266,1.0497,0.91395,0.0,0.48829,0.15771,1.08373,0.22187,0.35324,0.9983,0
33.01,0.71514,0.54468,0.6071,0.98211,0.71867,0.65783,0.60046,3.5891,3e-05,2.44827,0.0,0.34993,0.28636,0.7612,0.17086,,1.70202,6.21783,1.02162,0.93676,0.0,0.49902,0.16277,1.07307,0.23016,0.35972,0.98211,0
34.01,0.72274,0.55162,0.61187,0.96694,0.71346,0.67087,0.60547,3.71436,3e-05,2.5109,0.0,0.3557,0.29005,0.79356,0.17385,,1.81268,6.00911,0.99103,0.95942,0.0,0.50961,0.16777,1.06433,0.23857,0.36599,0.96694,0
35.01,0.73006,0.55824,0.61593,0.95307,0.70914,0.68342,0.61005,3.84245,3e-05,2.56762,0.0,0.36124,0.29366,0.82614,0.17677,,1.92547,5.727,0.95831,0.9819,0.0,0.52004,0.17269,1.05773,0.24711,0.37206,0.95307,0
36.01,0.73712,0.56456,0.61934,0.94082,0.70645,0.69549,0.61425,3.97449,4e-05,2.61764,0.0,0.36656,0.29722,0.85894,0.17963,,2.04019,5.43767,0.9246,1.0042,0.0,0.5303,0.17755,1.05339,0.25578,0.37793,0.94082,0
37.01,0.74394,0.57061,0.62218,0.93048,0.70594,0.70718,0.61813,4.11206,4e-05,2.66005,0.0,0.37165,0.30071,0.89199,0.18243,,2.15659,5.18736,0.8921,1.02632,0.0,0.54038,0.18236,1.05137,0.26458,0.3836,0.93048,0
38.01,0.75052,0.57639,0.62455,0.92217,0.70785,0.71859,0.6217,4.2576,4e-05,2.69383,0.0,0.37652,0.30414,0.92528,0.18518,,2.27446,4.97275,0.86362,1.04829,0.0,0.55028,0.18711,1.05169,0.27348,0.38909,0.92217,0
39.01,0.75689,0.58192,0.62652,0.91586,0.71219,0.72985,0.62499,4.41537,4e-05,2.71786,0.0,0.38119,0.30751,0.95882,0.18787,,2.39364,4.77741,0.84135,1.07017,0.0,0.55999,0.19182,1.0543,0.2825,0.3944,0.91586,0
40.01,0.76305,0.58721,0.62819,0.91137,0.7188,0.74106,0.62802,4.59469,4e-05,2.73087,0.0,0.38565,0.31084,0.99264,0.19052,,2.5141,4.65331,0.8261,1.092,0.0,0.5695,0.1965,1.05915,0.2916,0.39952,0.91137,0
41.01,0.76899,0.59226,0.62958,0.90842,0.72746,0.75228,0.63081,4.82465,4e-05,2.73169,0.0,0.38992,0.31411,1.02673,0.19312,,2.63592,4.59619,0.81753,1.11383,0.0,0.57883,0.20115,1.06614,0.30077,0.40447,0.90842,0
42.01,0.77474,0.59709,0.63075,0.90669,0.7379,0.76355,0.63337,5.23043,4e-05,2.71998,0.0,0.39399,0.31735,1.0611,0.19569,,2.75935,4.44068,0.81475,1.1357,0.0,0.58796,0.20577,1.07516,0.31001,0.40925,0.90669,0
43.01,0.78029,0.60169,0.63171,0.90584,0.74986,0.77484,0.63571,5.54917,4e-05,2.69789,0.0,0.39788,0.32055,1.09577,0.19821,,2.88469,4.20388,0.81673,1.15764,0.0,0.5969,0.21037,1.08606,0.31928,0.41386,0.90584,0
44.01,0.78564,0.60607,0.63246,0.90557,0.76308,0.78615,0.63784,5.69044,4e-05,2.67166,0.0,0.40159,0.32372,1.13075,0.2007,,3.01225,3.95127,0.82252,1.17964,0.0,0.60563,0.21496,1.09866,0.32857,0.41831,0.90557,0
45.01,0.79079,0.61024,0.63303,0.90558,0.77733,0.79743,0.63975,5.80527,5e-05,2.64989,0.0,0.40513,0.32687,1.16605,0.20315,,3.14225,3.69954,0.83132,1.20169,0.0,0.61415,0.21955,1.11283,0.33786,0.4226,0.90558,0
46.01,0.79575,0.61418,0.63344,0.90563,0.79242,0.80868,0.64145,5.93688,5e-05,2.63904,0.0,0.40851,0.32999,1.20169,0.20556,,3.27482,3.43861,0.84247,1.22379,0.0,0.62247,0.22413,1.1284,0.34714,0.42673,0.90563,0
47.01,0.80051,0.61791,0.63369,0.90552,0.80816,0.81991,0.64293,6.07771,5e-05,2.64135,0.0,0.41173,0.33311,1.23766,0.20794,,3.40997,3.14624,0.85544,1.24588,0.0,0.6306,0.22871,1.14519,0.35639,0.43071,0.90552,0
48.01,0.80507,0.62143,0.63381,0.90511,0.82438,0.83119,0.64421,6.22776,5e-05,2.65613,0.0,0.41479,0.33621,1.27399,0.21029,,3.54763,,0.86979,1.26795,0.0,0.63855,0.23329,1.16298,0.3656,0.43453,0.90511,0
49.01,0.80944,0.62474,0.63382,0.90427,0.84096,0.84259,0.64528,6.3956,5e-05,2.68162,0.0,0.41771,0.33931,1.31067,0.2126,,3.68764,,0.88516,1.28995,0.0,0.64634,0.23788,1.18146,0.37476,0.4382,0.90427,0
50.01,0.81362,0.62784,0.63371,0.90293,0.85776,0.85418,0.64614,6.5448,5e-05,2.71589,0.0,0.4205,0.34241,1.34773,0.21488,,3.82977,,0.90123,1.31187,0.0,0.65397,0.24247,1.20028,0.38386,0.44173,0.90293,0
51.01,0.81761,0.63074,0.6335,0.90107,0.87467,0.86605,0.64682,6.58883,5e-05,2.75718,0.0,0.42314,0.34552,1.38516,0.21713,,3.97376,,0.91774,1.33369,0.0,0.66144,0.24707,1.21909,0.39289,0.4451,0.90107,0
52.01,0.8214,0.63345,0.63318,0.89868,0.89161,0.87825,0.64731,6.58712,5e-05,2.80398,0.0,0.42567,0.34863,1.42297,0.21934,,4.11928,,0.93447,1.3554,0.0,0.66877,0.25168,1.23758,0.40185,0.44833,0.89868,0
53.01,0.825,0.63596,0.63276,0.89576,0.9085,0.89081,0.64762,6.59759,6e-05,2.855,0.0,0.42807,0.35174,1.46117,0.22152,,4.266,,0.95122,1.37702,0.0,0.67597,0.25629,1.25553,0.41073,0.45143,0.89576,0
54.01,0.82839,0.63828,0.63222,0.89235,0.92527,0.90371,0.64776,6.63504,6e-05,2.9092,0.0,0.43036,0.35487,1.49976,0.22366,,4.4135,,0.96783,1.39857,0.0,0.68303,0.2609,1.27278,0.41953,0.45439,0.89235,0
55.01,0.83159,0.6404,0.63158,0.88849,0.94186,0.91691,0.64774,6.69576,6e-05,2.96572,0.0,0.43255,0.358,1.53874,0.22577,,4.56128,,0.98419,1.42007,0.0,0.68995,0.26551,1.28924,0.42823,0.45723,0.88849,0
56.01,0.8346,0.64235,0.63083,0.88424,0.95823,0.93033,0.64759,6.7657,6e-05,3.02388,0.0,0.43464,0.36115,1.57813,0.22784,,4.70878,,1.00018,1.44156,0.0,0.69675,0.27012,1.3049,0.43685,0.45995,0.88424,0
57.01,0.8374,0.6441,0.62998,0.87966,0.97434,0.94391,0.6473,6.81843,6e-05,3.08313,0.0,0.43663,0.36431,1.61793,0.22988,,4.85538,,1.01572,1.46305,0.0,0.70343,0.27473,1.31977,0.44536,0.46255,0.87966,0
58.01,0.84002,0.64568,0.62904,0.87481,0.99017,0.95757,0.6469,6.81444,6e-05,3.14307,0.0,0.43853,0.36749,1.65813,0.23188,,5.00031,,1.03076,1.48457,0.0,0.70999,0.27932,1.33389,0.45378,0.46505,0.87481,0
59.01,0.84244,0.64709,0.62801,0.86976,1.00568,0.97126,0.64638,6.76981,6e-05,3.20338,0.0,0.44035,0.37068,1.69873,0.23385,,5.14269,,1.04525,1.50616,0.0,0.71643,0.2839,1.34735,0.46208,0.46744,0.86976,0
60.01,0.84467,0.64831,0.62691,0.86458,1.02087,0.98497,0.64576,6.73715,7e-05,3.26379,0.0,0.4421,0.37388,1.73974,0.23577,,5.28151,,1.05915,1.52782,0.0,0.72277,0.28846,1.36022,0.47026,0.46972,0.86458,0
61.01,0.8467,0.64937,0.62574,0.85933,1.03572,0.99872,0.64503,6.74017,7e-05,3.32413,0.0,0.44377,0.37709,1.78116,0.23766,,5.41576,,1.07246,1.54956,0.0,0.72901,0.29299,1.37259,0.47832,0.47191,0.85933,0
62.01,0.84854,0.65027,0.62451,0.85406,1.05024,1.01259,0.64422,6.77556,7e-05,3.38424,0.0,0.44538,0.38032,1.82296,0.2395,,5.5447,,1.08517,1.57139,0.0,0.73514,0.29749,1.38453,0.48625,0.47401,0.85406,0
63.01,0.85017,0.65102,0.62323,0.84882,1.0644,1.02665,0.64333,6.7925,7e-05,3.44402,0.0,0.44693,0.38355,1.86516,0.24131,,5.66824,,1.09728,1.59331,0.0,0.74118,0.30196,1.39614,0.49403,0.47601,0.84882,0
64.01,0.85161,0.65162,0.6219,0.84365,1.07822,1.04103,0.64238,6.80632,7e-05,3.50336,0.0,0.44842,0.3868,1.90773,0.24308,,5.78738,,1.10879,1.61531,0.0,0.74712,0.30638,1.40747,0.50167,0.47793,0.84365,0
65.01,0.85285,0.65208,0.62054,0.83856,1.09169,1.05583,0.64136,6.81948,7e-05,3.5622,0.0,0.44986,0.39005,1.95067,0.2448,,5.90411,,1.11974,1.63738,0.0,0.75297,0.31075,1.4186,0.50915,0.47977,0.83856,0
66.01,0.85389,0.6524,0.61916,0.83357,1.10481,1.07113,0.6403,6.82777,7e-05,3.62047,0.0,0.45126,0.39331,1.99396,0.24648,,6.02074,,1.13013,1.65951,0.0,0.75872,0.31507,1.42957,0.51646,0.48152,0.83357,0
67.01,0.85472,0.65258,0.61775,0.8287,1.1176,1.08701,0.63919,6.82621,7e-05,3.67811,0.0,0.45262,0.39657,2.03759,0.24812,,6.13906,,1.14001,1.68168,0.0,0.76437,0.31933,1.44043,0.52359,0.48321,0.8287,0
68.01,0.85535,0.65263,0.61634,0.82394,1.13006,1.1035,0.63802,6.80984,8e-05,3.73505,0.0,0.45394,0.39984,2.08154,0.24972,,6.25971,,1.14939,1.70389,0.0,0.76993,0.32351,1.45121,0.53054,0.48482,0.82394,0
69.01,0.85577,0.65255,0.61492,0.81931,1.1422,1.12059,0.63681,6.77294,8e-05,3.79126,0.0,0.45523,0.40312,2.12578,0.25127,,6.38211,,1.15832,1.72613,0.0,0.7754,0.32762,1.46194,0.53729,0.48637,0.81931,0
70.01,0.85599,0.65235,0.61349,0.81479,1.15402,1.13829,0.63556,6.70804,8e-05,3.84667,0.0,0.45648,0.40639,2.17029,0.25278,,6.50458,,1.16681,1.74841,0.0,0.78076,0.33165,1.47264,0.54383,0.48786,0.81479,0
71.01,0.85602,0.65202,0.61205,0.81038,1.16553,1.15654,0.63425,6.60535,8e-05,3.90123,0.0,0.45772,0.40967,2.21505,0.25424,,6.62458,,1.17492,1.77072,0.0,0.78604,0.33558,1.48332,0.55016,0.48929,0.81038,0
72.01,0.85585,0.65157,0.61063,0.80607,1.17673,1.17533,0.6329,6.45248,,3.95489,,0.45893,0.41295,2.26002,0.25565,,6.73876,,1.18266,1.79307,,0.79122,0.33942,1.49399,0.55626,0.49067,0.80607,0
73.01,0.85548,0.65101,0.60922,0.80184,1.18765,1.19465,0.6315,6.23276,,4.0076,,0.46012,0.41623,2.30518,0.25702,,6.8431,,1.19008,1.81547,,0.79631,0.34315,1.50466,0.56213,0.49199,0.80184,0
74.01,0.85491,0.65034,0.60781,0.7977,1.19827,1.21449,0.63006,5.92304,,4.0593,,0.4613,0.41951,2.3505,0.25835,,6.9339,,1.19721,1.83794,,0.8013,0.34677,1.51531,0.56776,0.49327,0.7977,0
75.01,0.85415,0.64957,0.60642,0.79363,1.20861,1.2349,0.62859,5.50336,,4.10994,,0.46246,0.42278,2.39592,0.25962,,7.00965,,1.20407,1.86048,,0.80621,0.35026,1.52596,0.57314,0.4945,0.79363,0
76.01,0.85319,0.6487,0.60505,0.78963,1.21868,1.25594,0.6271,4.9777,,4.15947,,0.46362,0.42606,2.44143,0.26085,,7.07151,,1.21069,1.8831,,0.81102,0.35363,1.53658,0.57825,0.49569,0.78963,0
77.01,0.85205,0.64774,0.60369,0.7857,1.22849,1.2777,0.62559,4.36671,,4.20785,,0.46476,0.42933,2.48697,0.26203,,7.12206,,1.21711,1.90583,,0.81574,0.35686,1.54717,0.58311,0.49684,0.7857,0
78.01,0.85073,0.64669,0.60236,0.78185,1.23803,1.30027,0.62407,3.68863,,4.25504,,0.4659,0.43259,2.53251,0.26317,,7.1713,,1.22334,1.92865,,0.82037,0.35996,1.55773,0.58769,0.49795,0.78185,0
79.01,0.84925,0.64555,0.60105,0.77807,1.24731,1.32374,0.62253,2.9798,,4.30101,,0.46702,0.43585,2.57801,0.26425,,7.2374,,1.22941,1.95158,,0.82491,0.3629,1.56823,0.59199,0.49903,0.77807,0
80.01,0.8476,0.64433,0.59976,0.77436,1.25635,1.34816,0.62099,2.30419,,4.34574,,0.46815,0.43911,2.62344,0.26529,,7.33814,,1.23533,1.97461,,0.82937,0.36569,1.57867,0.596,0.50008,0.77436,0
81.01,0.8458,0.64304,0.5985,0.77072,1.26513,1.37356,0.61944,1.7276,,4.3892,,0.46927,0.44236,2.66876,0.26628,,7.49818,,1.24113,1.99773,,0.83374,0.36832,1.58903,0.59972,0.50111,0.77072,0
82.01,0.84386,0.64168,0.59726,0.76717,1.27368,1.39992,0.6179,1.27892,,4.43138,,0.4704,0.44561,2.71395,0.26721,,7.71686,,1.24681,2.02094,,0.83802,0.37078,1.5993,0.60315,0.50211,0.76717,0
83.01,0.84177,0.64026,0.59604,0.7637,1.282,1.4272,0.61637,0.94871,,4.4723,,0.47154,0.44885,2.75898,0.2681,,7.97478,,1.25238,2.04421,,0.84221,0.37307,1.60947,0.60629,0.50308,0.7637,0
84.01,0.83955,0.63879,0.59486,0.76032,1.29007,1.45529,0.61485,0.71224,,4.51195,,0.4727,0.45208,2.8038,0.26894,,8.28883,,1.25786,2.06752,,0.84632,0.37519,1.61951,0.60911,0.50404,0.76032,0
85.01,0.83721,0.63727,0.5937,0.75703,1.29792,1.48407,0.61335,0.54503,,4.55035,,0.47387,0.45531,2.84839,0.26973,,8.64104,,1.26325,2.09086,,0.85034,0.37712,1.62943,0.61164,0.50498,0.75703,0
86.01,0.83474,0.63572,0.59257,0.75384,1.30553,1.5134,0.61186,0.42802,,4.58753,,0.47505,0.45853,2.89271,0.27047,,8.98493,,1.26855,2.11422,,0.85428,0.37887,1.6392,0.61386,0.50591,0.75384,0
87.01,0.83216,0.63413,0.59148,0.75073,1.31292,1.54315,0.61039,0.3444,,4.62351,,0.47626,0.46174,2.93673,0.27116,,9.30817,,1.27376,2.13756,,0.85814,0.38043,1.64882,0.61576,0.50682,0.75073,0
88.01,0.82948,0.6325,0.59042,0.74772,1.32008,1.5732,0.60894,0.28409,,4.65831,,0.4775,0.46495,2.98042,0.2718,,9.61182,,1.2789,2.16088,,0.86191,0.3818,1.65827,0.61736,0.50772,0.74772,0
89.01,0.82669,0.63085,0.58939,0.74481,1.32702,1.60346,0.60752,0.24028,,4.69198,,0.47876,0.46815,3.02373,0.27239,,9.89983,,1.28395,2.18416,,0.8656,0.38297,1.66755,0.61866,0.50861,0.74481,0
90.01,0.82382,0.62918,0.58838,0.74199,1.33374,1.6339,0.60612,0.20811,,4.72455,,0.48004,0.47135,3.06664,0.27293,,10.1788,,1.28892,2.20739,,0.8692,0.38395,1.67665,0.61964,0.5095,0.74199,0
91.01,0.82086,0.62749,0.58741,0.73927,1.34024,1.66451,0.60475,0.18414,,4.75605,,0.48136,0.47454,3.10911,0.27342,,10.44892,,1.2938,2.23056,,0.87272,0.38473,1.68555,0.62032,0.51037,0.73927,0
92.01,0.81783,0.62579,0.58648,0.73665,1.34653,1.69532,0.60341,0.16598,,4.7865,,0.48272,0.47772,3.1511,0.27386,,,,1.2986,2.25367,,0.87616,0.38532,1.69425,0.62069,0.51125,0.73665,0
93.01,0.81472,0.62408,0.58558,0.73412,1.35259,1.72636,0.60209,0.15198,,4.81593,,0.48411,0.4809,3.19259,0.27425,,,,1.3033,2.27673,,0.87952,0.3857,1.70275,0.62076,0.51212,0.73412,0
94.01,0.81155,0.62238,0.58471,0.73167,1.35845,1.75765,0.60081,0.14099,,4.84436,,0.48553,0.48407,3.23355,0.27458,,,,1.30791,2.29973,,0.8828,0.38588,1.71104,0.62052,0.51299,0.73167,0
95.01,0.80831,0.62068,0.58387,0.72932,1.36409,1.78915,0.59956,0.13263,,4.8718,,0.48699,0.48723,3.27393,0.27487,,,,1.31242,2.32268,,0.886,0.38587,1.71912,0.62,0.51386,0.72932,0
96.01,0.80504,0.61898,0.58307,0.72705,1.36952,1.82078,0.59834,0.12697,,4.89828,,0.48848,0.49039,3.31371,0.2751,,,,1.31683,2.3456,,0.88911,0.38565,1.72698,0.61918,0.51473,0.72705,0
97.01,0.80172,0.6173,0.58229,0.72488,1.37474,1.85236,0.59715,0.12155,,4.92379,,0.49001,0.49355,3.35286,0.27529,,,,1.32113,2.36849,,0.89214,0.38524,1.73462,0.61807,0.5156,0.72488,0
98.01,0.79838,0.61563,0.58155,0.72279,1.37976,1.88362,0.59599,0.11647,,4.94834,,0.49158,0.4967,3.39134,0.27542,,,,1.32531,2.39137,,0.8951,0.38463,1.74205,0.61668,0.51647,0.72279,0
99.01,0.79501,0.61397,0.58083,0.72077,1.38456,1.91421,0.59487,0.11197,,4.97193,,0.49318,0.49984,3.42913,0.2755,,,,1.32938,2.41426,,0.89797,0.38383,1.74926,0.61501,0.51735,0.72077,0
100.01,0.79163,0.61232,0.58016,0.71884,1.38916,1.94366,0.59377,0.10807,,4.99455,,0.49482,0.50298,3.46619,0.27553,,,,1.33334,2.43715,,0.90076,0.38284,1.75625,0.61307,0.51823,0.71884,0
101.01,0.78823,0.61068,0.57951,0.71698,1.39356,1.97146,0.59271,0.10469,,5.0162,,0.49649,0.50612,3.50249,0.27551,,,,1.33717,2.46007,,0.90347,0.38166,1.76303,0.61087,0.51912,0.71698,0
102.01,0.78484,0.60907,0.57889,0.71519,1.39776,1.99708,0.59168,0.10194,,5.03685,,0.49819,0.50925,3.53802,0.27544,,,,1.34088,2.48301,,0.9061,0.38029,1.76959,0.6084,0.52002,0.71519,0
103.01,0.78144,0.60747,0.57831,0.71346,1.40175,2.01996,0.59068,0.10091,,5.0565,,0.49992,0.51238,3.57273,0.27531,,,,1.34447,2.50598,,0.90865,0.37874,1.77595,0.60569,0.52092,0.71346,0
104.01,0.77806,0.60589,0.57775,0.71181,1.40555,2.03963,0.58972,0.09932,,5.07514,,0.50168,0.51551,3.60661,0.27514,,,,1.34792,2.52898,,0.91113,0.37701,1.7821,0.60272,0.52182,0.71181,0
105.01,0.77469,0.60434,0.57722,0.71023,1.40916,2.05568,0.58878,0.09724,,5.09274,,0.50346,0.51863,3.63962,0.27491,,,,1.35125,2.55201,,0.91352,0.37511,1.78805,0.59952,0.52274,0.71023,0
106.01,0.77135,0.60281,0.57673,0.7087,1.41257,2.06785,0.58788,0.09518,,5.10928,,0.50527,0.52175,3.67174,0.27463,,,,1.35444,2.57507,,0.91583,0.37303,1.7938,0.59609,0.52366,0.7087,0
107.01,0.76803,0.6013,0.57626,0.70723,1.4158,2.07603,0.587,0.09352,,5.12474,,0.5071,0.52487,3.70295,0.2743,,,,1.35751,2.59814,,0.91807,0.37079,1.79936,0.59244,0.52459,0.70723,0
108.01,0.76476,0.59982,0.57582,0.70582,1.41884,2.08024,0.58615,0.09669,,5.13911,,0.50895,0.52798,3.73322,0.27392,,,,1.36044,2.62121,,0.92022,0.36839,1.80474,0.58857,0.52554,0.70582,0
109.01,0.76152,0.59837,0.57541,0.70446,1.4217,2.08065,0.58533,0.09775,,5.15236,,0.51082,0.5311,3.76253,0.27349,,,,1.36325,2.64428,,0.9223,0.36583,1.80993,0.5845,0.52649,0.70446,0
110.01,0.75832,0.59695,0.57502,0.70316,1.42437,2.07754,0.58454,0.09646,,5.16447,,0.51271,0.53421,3.79086,0.273,,,,1.36593,2.66734,,0.9243,0.36312,1.81495,0.58022,0.52745,0.70316,0
111.01,0.75518,0.59556,0.57466,0.70191,1.42688,2.07126,0.58378,0.09461,,5.17544,,0.51461,0.53732,3.81819,0.27247,,,,1.36848,2.69037,,0.92622,0.36027,1.81979,0.57576,0.52842,0.70191,0
112.01,0.75208,0.5942,0.57433,0.70071,1.4292,2.06223,0.58304,,,5.18525,,0.51652,0.54043,3.8445,0.27189,,,,1.37091,2.71337,,0.92806,0.35727,1.82447,0.57111,0.5294,0.70071,0
113.01,0.74903,0.59288,0.57402,0.69956,1.43136,2.05087,0.58233,,,5.19387,,0.51844,0.54354,3.86978,0.27125,,,,1.37321,2.73632,,0.92983,0.35414,1.82899,0.56629,0.53039,0.69956,0
114.01,0.74603,0.59158,0.57374,0.69845,1.43336,2.0376,0.58164,,,5.2013,,0.52037,0.54664,3.89402,0.27057,,,,1.37539,2.75923,,0.93152,0.35087,1.83336,0.5613,0.53139,0.69845,0
115.01,0.74308,0.59032,0.57349,0.69739,1.43519,2.02281,0.58098,,,5.20753,,0.52231,0.54975,3.91719,0.26983,,,,1.37745,2.78209,,0.93313,0.34748,1.83757,0.55616,0.5324,0.69739,0
116.01,0.74019,0.5891,0.57325,0.69637,1.43686,2.00686,0.58034,,,5.21256,,0.52425,0.55285,3.9393,0.26905,,,,1.37938,2.8049,,0.93467,0.34397,1.84164,0.55086,0.53342,0.69637,0
117.01,0.73736,0.5879,0.57305,0.69539,1.43838,1.99007,0.57973,,,5.21637,,0.5262,0.55596,3.96033,0.26821,,,,1.3812,2.82765,,0.93613,0.34034,1.84557,0.54543,0.53445,0.69539,0
118.01,0.73459,0.58674,0.57286,0.69445,1.43975,1.97272,0.57913,,,5.21897,,0.52814,0.55907,3.98027,0.26733,,,,1.38291,2.85036,,0.93751,0.33661,1.84936,0.53986,0.5355,0.69445,0
119.01,0.73188,0.58562,0.5727,0.69355,1.44098,1.95503,0.57856,,,5.22035,,0.53009,0.56217,3.99912,0.26639,,,,1.3845,2.87303,,0.93882,0.33278,1.85301,0.53417,0.53655,0.69355,0
120.01,0.72924,0.58452,0.57256,0.69268,1.44206,1.93721,0.57801,,,5.22052,,0.53203,0.56528,4.01688,0.26541,,,,1.38598,2.89566,,0.94005,0.32884,1.85654,0.52837,0.53762,0.69268,0
121.01,0.72665,0.58346,0.57245,0.69185,1.443,1.9194,0.57748,,,5.21948,,0.53397,0.56839,4.03353,0.26438,,,,1.38735,2.91826,,0.94121,0.32482,1.85994,0.52245,0.5387,0.69185,0
122.01,0.72414,0.58243,0.57236,0.69104,1.44381,1.90174,0.57697,,,5.21725,,0.53591,0.57149,4.04909,0.26331,,,,1.38862,2.94084,,0.9423,0.32071,1.86322,0.51643,0.53979,0.69104,0
123.01,0.72168,0.58143,0.57228,0.69028,1.44448,1.88433,0.57648,,,5.21383,,0.53784,0.5746,4.06354,0.26218,,,,1.38978,2.9634,,0.94331,0.31652,1.86637,0.51033,0.54089,0.69028,0
124.01,0.7193,0.58046,0.57223,0.68954,1.44503,1.86724,0.576,,,5.20924,,0.53976,0.57771,4.07689,0.26101,,,,1.39084,2.98594,,0.94425,0.31226,1.86941,0.50413,0.542,0.68954,0
125.01,0.71698,0.57953,0.5722,0.68883,1.44546,1.85055,0.57555,,,5.20349,,0.54168,0.58083,4.08914,0.25979,,,,1.39181,3.00847,,0.94511,0.30793,1.87234,0.49786,0.54312,0.68883,0
126.01,0.71474,0.57862,0.57219,0.68815,1.44576,1.83428,0.57511,,,5.19661,,0.54358,0.58394,4.10029,0.25853,,,,1.39268,3.03098,,0.9459,0.30354,1.87515,0.49152,0.54425,0.68815,0
127.01,0.71256,0.57774,0.5722,0.6875,1.44596,1.81848,0.57469,,,5.1886,,0.54548,0.58706,4.11035,0.25722,,,,1.39346,3.05347,,0.94662,0.29908,1.87785,0.48512,0.54539,0.6875,0
128.01,0.71044,0.57689,0.57223,0.68687,1.44604,1.80316,0.57428,,,5.1795,,0.54737,0.59017,4.11932,0.25587,,,,1.39415,3.07593,,0.94727,0.29458,1.88045,0.47866,0.54655,0.68687,0
129.01,0.7084,0.57607,0.57228,0.68626,1.44602,1.78834,0.57389,,,5.16932,,0.54924,0.59329,4.12721,0.25447,,,,1.39475,3.09835,,0.94784,0.29003,1.88294,0.47215,0.54771,0.68626,0
130.01,0.70642,0.57528,0.57234,0.68568,1.4459,1.77403,0.57351,,,5.1581,,0.55111,0.59641,4.13402,0.25303,,,,1.39527,3.12073,,0.94835,0.28544,1.88532,0.4656,0.54889,0.68568,0
131.01,0.70451,0.57452,0.57243,0.68513,1.44567,1.76023,0.57315,,,5.14586,,0.55296,0.59953,4.13976,0.25155,,,,1.3957,3.14303,,0.94878,0.28081,1.8876,0.45902,0.55007,0.68513,0
132.01,0.70267,0.57377,0.57253,0.6846,1.44534,1.74694,0.5728,,,5.13263,,0.5548,0.60266,4.14444,0.25002,,,,1.39606,3.16526,,0.94914,0.27616,1.88978,0.4524,0.55127,0.6846,0
133.01,0.70089,0.57306,0.57265,0.68408,1.44492,1.73415,0.57246,,,5.11844,,0.55662,0.60578,4.14806,0.24846,,,,1.39633,3.18737,,0.94944,0.27147,1.89186,0.44576,0.55247,0.68408,0
134.01,0.69918,0.57236,0.57279,0.68359,1.44441,1.72185,0.57214,,,5.10332,,0.55843,0.60891,4.15064,0.24685,,,,1.39653,3.20937,,0.94966,0.26677,1.89384,0.43911,0.55369,0.68359,0
135.01,0.69753,0.57169,0.57294,0.68312,1.44382,1.71004,0.57183,,,5.0873,,0.56023,0.61204,4.15219,0.2452,,,,1.39666,3.23122,,0.94981,0.26205,1.89572,0.43244,0.55492,0.68312,0
136.01,0.69594,0.57104,0.57311,0.68267,1.44313,1.69871,0.57153,,,5.07041,,0.56202,0.61517,4.15271,0.24352,,,,1.39671,3.2529,,0.9499,0.25732,1.89751,0.42577,0.55615,0.68267,0
137.01,0.69442,0.57042,0.57329,0.68224,1.44236,1.68784,0.57124,,,5.05271,,0.56378,0.61831,4.15221,0.2418,,,,1.3967,3.2744,,0.94991,0.25258,1.89921,0.41909,0.5574,0.68224,0
138.01,0.69295,0.56981,0.57349,0.68182,1.44152,1.67742,0.57096,,,5.0342,,0.56554,0.62144,4.15072,0.24004,,,,1.39661,3.29569,,0.94986,0.24784,1.90081,0.41242,0.55865,0.68182,0
139.01,0.69155,0.56923,0.5737,0.68142,1.4406,1.66744,0.5707,,,5.01495,,0.56728,0.62458,4.14823,0.23824,,,,1.39646,3.31676,,0.94974,0.2431,1.90231,0.40577,0.55992,0.68142,0
140.01,0.6902,0.56866,0.57393,0.68104,1.4396,1.65788,0.57044,,,4.99497,,0.569,0.62773,4.14476,0.23641,,,,1.39625,3.33759,,0.94955,0.23837,1.90373,0.39912,0.56119,0.68104,0
141.01,0.68891,0.56811,0.57417,0.68068,1.43854,1.64874,0.57019,,,4.9743,,0.57071,0.63087,4.14032,0.23455,,,,1.39598,3.35817,,0.94929,0.23364,1.90506,0.39249,0.56247,0.68068,0
142.01,0.68767,0.56757,0.57443,0.68032,1.43741,1.64,0.56995,,,4.953,,0.57241,0.63402,4.13492,0.23265,,,,1.39565,3.37848,,0.94897,0.22893,1.9063,0.38589,0.56376,0.68032,0
143.01,0.68649,0.56705,0.57469,0.67999,1.43621,1.63164,0.56972,,,4.93109,,0.57408,0.63717,4.12858,0.23072,,,,1.39526,3.39853,,0.94858,0.22424,1.90745,0.37932,0.56506,0.67999,0
144.01,0.68535,0.56655,0.57497,0.67967,1.43495,1.62366,0.56951,,,4.90862,,0.57575,0.64032,4.1213,0.22876,,,,1.39481,3.4183,,0.94812,0.21957,1.90852,0.37277,0.56637,0.67967,0
145.01,0.68427,0.56607,0.57527,0.67937,1.43363,1.61604,0.56929,,,4.88563,,0.5774,0.64347,4.11311,0.22676,,,,1.39431,3.4378,,0.9476,0.21493,1.90951,0.36627,0.56769,0.67937,0
146.01,0.68324,0.56559,0.57558,0.67908,1.43225,1.60877,0.56909,,,4.86216,,0.57903,0.64662,4.10401,0.22474,,,,1.39375,3.45702,,0.94701,0.21031,1.91041,0.3598,0.56901,0.67908,0
147.01,0.68225,0.56513,0.5759,0.6788,1.43081,1.60184,0.5689,,,4.83825,,0.58065,0.64978,4.09401,0.22269,,,,1.39314,3.47596,,0.94636,0.20573,1.91123,0.35337,0.57035,0.6788,0
148.01,0.68131,0.56469,0.57623,0.67854,1.42932,1.59523,0.56871,,,4.81394,,0.58225,0.65294,4.08313,0.22062,,,,1.39248,3.49463,,0.94564,0.20118,1.91196,0.34699,0.57169,0.67854,0
149.01,0.68042,0.56425,0.57657,0.67828,1.42778,1.58894,0.56853,,,4.78927,,0.58384,0.6561,4.07139,0.21851,,,,1.39177,3.51302,,0.94485,0.19666,1.91262,0.34065,0.57303,0.67828,0
150.01,0.67957,0.56383,0.57692,0.67805,1.42618,1.58296,0.56836,,,4.76428,,0.58542,0.65926,4.05878,0.21639,,,,1.39101,3.53113,,0.944,0.19219,1.9132,0.33437,0.57439,0.67805,0
151.01,0.67875,0.56341,0.57729,0.67782,1.42454,1.57726,0.5682,,,4.73902,,0.58698,0.66243,4.04533,0.21423,,,,1.3902,3.54896,,0.94309,0.18776,1.91371,0.32814,0.57575,0.67782,0
152.01,0.67798,0.56301,0.57766,0.6776,1.42286,1.57185,0.56804,,,4.71352,,0.58852,0.66559,4.03105,0.21206,,,,1.38935,3.5665,,0.94211,0.18338,1.91414,0.32197,0.57712,0.6776,0
153.01,0.67725,0.56261,0.57805,0.6774,1.42114,1.56672,0.56789,,,4.68782,,0.59005,0.66876,4.01595,0.20986,,,,1.38845,3.58374,,0.94107,0.17904,1.9145,0.31586,0.5785,0.6774,0
154.01,0.67655,0.56223,0.57845,0.67721,1.41937,1.56184,0.56774,,,4.66195,,0.59157,0.67193,4.00004,0.20765,,,,1.38751,3.60067,,0.93997,0.17476,1.91479,0.30981,0.57988,0.67721,0
155.01,0.67589,0.56185,0.57886,0.67702,1.41757,1.55722,0.5676,,,4.63596,,0.59307,0.67509,3.98333,0.20541,,,,1.38653,3.61726,,0.9388,0.17052,1.91501,0.30382,0.58127,0.67702,0
156.01,0.67526,0.56148,0.57928,0.67685,1.41573,1.55285,0.56747,,,4.60987,,0.59456,0.67826,3.96584,0.20316,,,,1.38551,3.6335,,0.93757,0.16635,1.91516,0.2979,0.58267,0.67685,0
157.01,0.67466,0.56111,0.5797,0.6767,1.41386,1.54872,0.56734,,,4.58373,,0.59604,0.68143,3.94758,0.20089,,,,1.38445,3.64934,,0.93628,0.16222,1.91525,0.29205,0.58407,0.6767,0
158.01,0.6741,0.56076,0.58014,0.67655,1.41195,1.54481,0.56722,,,4.55755,,0.59751,0.6846,3.92855,0.1986,,,,1.38335,3.66476,,0.93493,0.15816,1.91527,0.28626,0.58548,0.67655,0
159.01,0.67356,0.5604,0.58059,0.67641,1.41001,1.54113,0.5671,,,4.53137,,0.59896,0.68777,3.90877,0.1963,,,,1.38221,3.67971,,0.93351,0.15415,1.91524,0.28054,0.58689,0.67641,0
160.01,0.67306,0.56006,0.58105,0.67628,1.40803,1.53766,0.56699,,,4.50521,,0.60039,0.69094,3.88825,0.19398,,,,1.38104,3.69417,,0.93204,0.15021,1.91514,0.2749,0.58831,0.67628,0
161.01,0.67258,0.55971,0.58152,0.67616,1.40603,1.5344,0.56688,,,4.47909,,0.60182,0.69411,3.867,0.19165,,,,1.37983,3.70806,,0.9305,0.14632,1.91499,0.26933,0.58973,0.67616,0
162.01,0.67212,0.55937,0.58199,0.67605,1.40401,1.53133,0.56678,,,4.45303,,0.60324,0.69728,3.84504,0.18931,,,,1.37859,3.72136,,0.9289,0.1425,1.91478,0.26383,0.59116,0.67605,0
163.01,0.67169,0.55904,0.58247,0.67595,1.40195,1.52846,0.56669,,,4.42706,,0.60464,0.70044,3.82236,0.18697,,,,1.37731,3.734,,0.92724,0.13875,1.91452,0.2584,0.5926,0.67595,0
164.01,0.67129,0.55871,0.58296,0.67586,1.39988,1.52578,0.5666,,,4.40119,,0.60603,0.70361,3.79899,0.18461,,,,1.376,3.74593,,0.92552,0.13506,1.91421,0.25305,0.59404,0.67586,0
165.01,0.67091,0.55838,0.58346,0.67578,1.39778,1.52327,0.56651,,,4.37543,,0.60741,0.70677,3.77493,0.18224,,,,1.37465,3.75709,,0.92374,0.13143,1.91385,0.24778,0.59548,0.67578,0
166.01,0.67055,0.55806,0.58397,0.67571,1.39566,1.52094,0.56643,,,4.34978,,0.60878,0.70993,3.7502,0.17987,,,,1.37327,3.76744,,0.9219,0.12787,1.91345,0.24258,0.59693,0.67571,0
167.01,0.67021,0.55773,0.58449,0.67564,1.39353,1.51878,0.56636,,,4.32427,,0.61013,0.71309,3.72481,0.17749,,,,1.37187,3.77692,,0.92,0.12438,1.913,0.23746,0.59838,0.67564,0
168.01,0.66989,0.55741,0.58501,0.67559,1.39137,1.51679,0.56629,,,4.2989,,0.61148,0.71625,3.69876,0.17511,,,,1.37044,3.78548,,0.91805,0.12096,1.91251,0.23242,0.59983,0.67559,0
169.01,0.66958,0.55709,0.58554,0.67554,1.3892,1.51495,0.56622,,,4.27366,,0.61282,0.7194,3.67207,0.17273,,,,1.36898,3.79308,,0.91603,0.1176,1.91198,0.22746,0.6013,0.67554,0
170.01,0.6693,0.55677,0.58607,0.6755,1.38701,1.51326,0.56616,,,4.24856,,0.61415,0.72255,3.64475,0.17034,,,,1.36749,3.79968,,0.91396,0.11432,1.91141,0.22257,0.60276,0.6755,0
171.01,0.66903,0.55645,0.58662,0.67547,1.38481,1.51172,0.5661,,,4.22361,,0.61546,0.7257,3.61681,0.16795,,,,1.36598,3.80526,,0.91183,0.1111,1.9108,0.21776,0.60423,0.67547,0
172.01,0.66878,0.55613,0.58717,0.67545,1.38259,1.51033,0.56605,,,4.19879,,0.61677,0.72884,3.58827,0.16556,,,,1.36444,3.80979,,0.90965,0.10795,1.91017,0.21303,0.6057,0.67545,0
173.01,0.66855,0.55581,0.58773,0.67544,1.38036,1.50907,0.566,,,4.1741,,0.61807,0.73198,3.55914,0.16318,,,,1.36289,3.81326,,0.9074,0.10487,1.9095,0.20838,0.60717,0.67544,0
174.01,0.66832,0.55549,0.58829,0.67543,1.37811,1.50795,0.56596,,,4.14955,,0.61936,0.73511,3.52942,0.16079,,,,1.36131,3.81566,,0.90511,0.10186,1.90879,0.20381,0.60865,0.67543,0
175.01,0.66811,0.55517,0.58886,0.67543,1.37585,1.50696,0.56592,,,4.12511,,0.62064,0.73824,3.49914,0.15841,,,,1.35971,3.81701,,0.90275,0.09891,1.90807,0.19931,0.61013,0.67543,0
176.01,0.66792,0.55484,0.58944,0.67545,1.37358,1.50609,0.56588,,,4.1008,,0.62191,0.74136,3.46831,0.15603,,,,1.35808,3.81732,,0.90034,0.09604,1.90731,0.19489,0.61161,0.67545,0
177.01,0.66774,0.55452,0.59002,0.67546,1.3713,1.50535,0.56585,,,4.07659,,0.62318,0.74448,3.43693,0.15366,,,,1.35644,3.81661,,0.89788,0.09323,1.90653,0.19055,0.61309,0.67546,0
178.01,0.66757,0.55419,0.59061,0.67549,1.36902,1.50472,0.56583,,,4.05248,,0.62443,0.74759,3.40503,0.1513,,,,1.35477,3.81492,,0.89536,0.09049,1.90573,0.18629,0.61458,0.67549,0
179.01,0.6674,0.55386,0.59121,0.67553,1.36672,1.50421,0.5658,,,4.02845,,0.62568,0.75069,3.37263,0.14894,,,,1.35308,3.81228,,0.89279,0.08781,1.90491,0.1821,0.61607,0.67553,0
180.01,0.66725,0.55353,0.59181,0.67557,1.36442,1.50381,0.56578,,,4.00451,,0.62692,0.75379,3.33973,0.14659,,,,1.35138,3.80874,,0.89016,0.08521,1.90406,0.17799,0.61756,0.67557,0
181.01,0.66711,0.55319,0.59242,0.67562,1.36211,1.50352,0.56577,,,3.98064,,0.62815,0.75687,3.30636,0.14425,,,,1.34965,3.80436,,0.88749,0.08266,1.9032,0.17395,0.61905,0.67562,0
182.01,0.66698,0.55285,0.59303,0.67567,1.3598,1.50334,0.56576,,,3.95682,,0.62938,0.75995,3.27253,0.14192,,,,1.34791,3.79918,,0.88476,0.08019,1.90231,0.16999,0.62054,0.67567,0
183.01,0.66686,0.5525,0.59365,0.67574,1.35748,1.50326,0.56575,,,3.93305,,0.6306,0.76302,3.23825,0.1396,,,,1.34615,3.79326,,0.88198,0.07778,1.90141,0.16611,0.62204,0.67574,0
184.01,0.66674,0.55215,0.59427,0.67581,1.35516,1.50327,0.56575,,,3.90932,,0.63181,0.76608,3.20356,0.1373,,,,1.34437,3.78665,,0.87914,0.07543,1.90049,0.16229,0.62353,0.67581,0
185.01,0.66664,0.5518,0.5949,0.67589,1.35283,1.50338,0.56575,,,3.88562,,0.63302,0.76913,3.16846,0.135,,,,1.34257,3.77942,,0.87626,0.07314,1.89955,0.15856,0.62503,0.67589,0
186.01,0.66654,0.55143,0.59553,0.67597,1.3505,1.50359,0.56576,,,3.86193,,0.63422,0.77217,3.13299,0.13272,,,,1.34076,3.77161,,0.87333,0.07092,1.8986,0.15489,0.62653,0.67597,0
187.01,0.66644,0.55107,0.59617,0.67606,1.34817,1.50388,0.56576,,,3.83825,,0.63541,0.7752,3.09715,0.13046,,,,1.33893,3.76329,,0.87035,0.06876,1.89764,0.15129,0.62803,0.67606,0
188.01,0.66636,0.55069,0.59681,0.67616,1.34583,1.50427,0.56578,,,3.81457,,0.6366,0.77821,3.06097,0.1282,,,,1.33709,3.75451,,0.86732,0.06665,1.89666,0.14777,0.62952,0.67616,0
189.01,0.66628,0.55031,0.59746,0.67627,1.34349,1.50474,0.56579,,,3.79088,,0.63779,0.78122,3.02448,0.12597,,,,1.33523,3.74531,,0.86424,0.06461,1.89567,0.14432,0.63102,0.67627,0
190.01,0.6662,0.54992,0.59811,0.67638,1.34114,1.50529,0.56581,,,3.76716,,0.63896,0.78421,2.98769,0.12375,,,,1.33336,3.73575,,0.86111,0.06263,1.89467,0.14093,0.63252,0.67638,0
191.01,0.66613,0.54952,0.59876,0.6765,1.33879,1.50592,0.56584,,,3.74342,,0.64013,0.78719,2.95063,0.12155,,,,1.33148,3.72587,,0.85794,0.0607,1.89365,0.13762,0.63402,0.6765,0
192.01,0.66607,0.54911,0.59943,0.67663,1.33644,1.50663,0.56587,,,3.71965,,0.6413,0.79016,2.91333,0.11937,,,,1.32958,3.71572,,0.85472,0.05883,1.89263,0.13437,0.63552,0.67663,0
193.01,0.66601,0.54869,0.60009,0.67676,1.33409,1.50742,0.5659,,,3.69583,,0.64246,0.79311,2.87581,0.11721,,,,1.32767,3.70533,,0.85145,0.05701,1.89159,0.13119,0.63702,0.67676,0
194.01,0.66595,0.54826,0.60076,0.6769,1.33173,1.50828,0.56593,,,3.67196,,0.64362,0.79604,2.8381,0.11507,,,,1.32575,3.69474,,0.84814,0.05525,1.89054,0.12807,0.63852,0.6769,0
195.01,0.6659,0.54782,0.60143,0.67704,1.32938,1.50921,0.56597,,,3.64803,,0.64477,0.79896,2.80022,0.11294,,,,1.32382,3.68399,,0.84479,0.05354,1.88949,0.12502,0.64001,0.67704,0
196.01,0.66585,0.54736,0.60211,0.6772,1.32702,1.51022,0.56601,,,3.62404,,0.64592,0.80187,2.7622,0.11084,,,,1.32187,3.6731,,0.84139,0.05188,1.88842,0.12203,0.64151,0.6772,0
197.01,0.66581,0.5469,0.60279,0.67736,1.32466,1.51129,0.56606,,,3.59999,,0.64706,0.80475,2.72407,0.10876,,,,1.31992,3.66211,,0.83795,0.05027,1.88735,0.11911,0.643,0.67736,0
198.01,0.66577,0.54642,0.60347,0.67752,1.3223,1.51243,0.56611,,,3.57587,,0.6482,0.80762,2.68586,0.1067,,,,1.31795,3.65104,,0.83446,0.04872,1.88627,0.11625,0.6445,0.67752,0
199.01,0.66573,0.54592,0.60416,0.67769,1.31995,1.51363,0.56616,,,3.55167,,0.64934,0.81048,2.64759,0.10466,,,,1.31597,3.63992,,0.83094,0.04721,1.88519,0.11345,0.64599,0.67769,0
200.01,0.66569,0.54541,0.60485,0.67787,1.31759,1.5149,0.56622,,,3.5274,,0.65047,0.81331,2.6093,0.10265,,,,1.31399,3.62877,,0.82737,0.04575,1.8841,0.11071,0.64748,0.67787,0
201.01,0.66566,0.54488,0.60555,0.67805,1.31523,1.51622,0.56628,,,3.50304,,0.6516,0.81613,2.57101,0.10066,,,,1.31199,3.61761,,0.82376,0.04433,1.883,0.10803,0.64896,0.67805,0
202.01,0.66563,0.54433,0.60624,0.67824,1.31287,1.51761,0.56635,,,3.4786,,0.65272,0.81892,2.53275,0.09869,,,,1.30999,3.60645,,0.82011,0.04296,1.8819,0.10541,0.65045,0.67824,0
203.01,0.6656,0.54377,0.60694,0.67844,1.31051,1.51905,0.56642,,,3.45408,,0.65384,0.8217,2.49456,0.09675,,,,1.30798,3.59532,,0.81642,0.04163,1.8808,0.10285,0.65193,0.67844,0
204.01,0.66557,0.54318,0.60764,0.67864,1.30816,1.52055,0.56649,,,3.42947,,0.65496,0.82445,2.45645,0.09483,,,,1.30595,3.58423,,0.8127,0.04035,1.87969,0.10035,0.65341,0.67864,0
205.01,0.66555,0.54257,0.60835,0.67885,1.3058,1.52211,0.56657,,,3.40478,,0.65608,0.82719,2.41847,0.09294,,,,1.30392,3.57319,,0.80893,0.03911,1.87857,0.0979,0.65489,0.67885,0
206.01,0.66552,0.54194,0.60905,0.67906,1.30345,1.52372,0.56664,,,3.38,,0.65719,0.8299,2.38064,0.09108,,,,1.30188,3.56222,,0.80513,0.0379,1.87746,0.0955,0.65637,0.67906,0
207.01,0.6655,0.54128,0.60976,0.67928,1.3011,1.52538,0.56673,,,3.35514,,0.6583,0.83258,2.34299,0.08923,,,,1.29984,3.55133,,0.80129,0.03674,1.87634,0.09316,0.65784,0.67928,0
208.01,0.66548,0.5406,0.61047,0.6795,1.29874,1.52709,0.56681,,,3.33019,,0.6594,0.83525,2.30554,0.08742,,,,1.29778,3.54052,,0.79742,0.03562,1.87522,0.09088,0.65931,0.6795,0
209.01,0.66546,0.5399,0.61119,0.67973,1.29639,1.52885,0.5669,,,3.30516,,0.6605,0.83789,2.26833,0.08563,,,,1.29572,3.52981,,0.79351,0.03453,1.8741,0.08864,0.66077,0.67973,0
210.01,0.66545,0.53916,0.6119,0.67997,1.29404,1.53065,0.567,,,3.28005,,0.6616,0.8405,2.23138,0.08387,,,,1.29365,3.51921,,0.78957,0.03348,1.87298,0.08646,0.66223,0.67997,0
211.01,0.66543,0.5384,0.61261,0.68021,1.2917,1.53251,0.56709,,,3.25486,,0.6627,0.8431,2.19472,0.08213,,,,1.29157,3.50871,,0.78559,0.03246,1.87185,0.08433,0.66369,0.68021,0
212.01,0.66541,0.53762,0.61333,0.68045,1.28935,1.53441,0.56719,,,3.22958,,0.66379,0.84566,2.15837,0.08042,,,,1.28949,3.49834,,0.78158,0.03148,1.87073,0.08224,0.66515,0.68045,0
213.01,0.66539,0.53681,0.61405,0.6807,1.28701,1.53635,0.5673,,,3.20423,,0.66488,0.8482,2.12237,0.07874,,,,1.28739,3.48809,,0.77753,0.03053,1.86961,0.08021,0.6666,0.6807,0
214.01,0.66538,0.53597,0.61476,0.68096,1.28466,1.53834,0.5674,,,3.17881,,0.66597,0.85071,2.08672,0.07708,,,,1.2853,3.47796,,0.77346,0.02962,1.86849,0.07822,0.66804,0.68096,0
215.01,0.66536,0.53512,0.61548,0.68122,1.28232,1.54037,0.56751,,,3.15332,,0.66706,0.85319,2.05147,0.07546,,,,1.28319,3.46797,,0.76935,0.02873,1.86737,0.07628,0.66948,0.68122,0
216.01,0.66534,0.53424,0.6162,0.68149,1.27998,1.54244,0.56763,,,3.12775,,0.66815,0.85565,2.01662,0.07386,,,,1.28108,3.45811,,0.76521,0.02787,1.86625,0.07439,0.67092,0.68149,0
217.01,0.66533,0.53335,0.61691,0.68176,1.27764,1.54455,0.56775,,,3.10212,,0.66923,0.85807,1.9822,0.07228,,,,1.27895,3.44839,,0.76104,0.02705,1.86514,0.07254,0.67235,0.68176,0
218.01,0.66531,0.53246,0.61763,0.68204,1.2753,1.54669,0.56787,,,3.07643,,0.67031,0.86047,1.94822,0.07074,,,,1.27683,3.43881,,0.75684,0.02625,1.86402,0.07074,0.67378,0.68204,0
219.01,0.6653,0.53155,0.61834,0.68232,1.27297,1.54888,0.56799,,,3.05068,,0.67139,0.86283,1.91472,0.06922,,,,1.27469,3.42937,,0.75262,0.02548,1.86291,0.06898,0.6752,0.68232,0
220.01,0.66528,0.53065,0.61905,0.6826,1.27063,1.5511,0.56812,,,3.02487,,0.67246,0.86517,1.8817,0.06773,,,,1.27255,3.42008,,0.74836,0.02473,1.8618,0.06726,0.67662,0.6826,0
221.01,0.66526,0.52975,0.61976,0.68289,1.2683,1.55336,0.56825,,,2.99901,,0.67354,0.86747,1.84918,0.06627,,,,1.2704,3.41093,,0.74408,0.02401,1.8607,0.06558,0.67803,0.68289,0
222.01,0.66524,0.52886,0.62047,0.68319,1.26597,1.55565,0.56839,,,2.9731,,0.67461,0.86974,1.81717,0.06483,,,,1.26824,3.40192,,0.73977,0.02332,1.8596,0.06395,0.67943,0.68319,0
223.01,0.66522,0.52798,0.62118,0.68349,1.26363,1.55797,0.56853,,,2.94715,,0.67568,0.87197,1.78568,0.06342,,,,1.26608,3.39305,,0.73544,0.02264,1.8585,0.06236,0.68083,0.68349,0
224.01,0.6652,0.5271,0.62189,0.6838,1.2613,1.56033,0.56867,,,2.92117,,0.67675,0.87418,1.75474,0.06204,,,,1.26391,3.38433,,0.73107,0.02199,1.85741,0.0608,0.68222,0.6838,0
225.01,0.66518,0.52624,0.6226,0.68411,1.25897,1.56272,0.56881,,,2.89515,,0.67781,0.87635,1.72434,0.06069,,,,1.26173,3.37575,,0.72669,0.02137,1.85632,0.05928,0.68361,0.68411,0
226.01,0.66516,0.52539,0.62331,0.68442,1.25664,1.56514,0.56896,,,2.8691,,0.67888,0.87848,1.6945,0.05936,,,,1.25954,3.36731,,0.72228,0.02076,1.85524,0.05781,0.68499,0.68442,0
227.01,0.66514,0.52455,0.62403,0.68474,1.25431,1.5676,0.56911,,,2.84303,,0.67994,0.88058,1.66522,0.05806,,,,1.25735,3.359,,0.71785,0.02018,1.85416,0.05637,0.68636,0.68474,0
228.01,0.66512,0.52371,0.62476,0.68506,1.25198,1.57008,0.56927,,,2.81695,,0.681,0.88264,1.63652,0.05679,,,,1.25514,3.35082,,0.71339,0.01961,1.85309,0.05496,0.68772,0.68506,0
229.01,0.66509,0.52288,0.62549,0.68539,1.24964,1.57258,0.56943,,,2.79085,,0.68206,0.88467,1.60839,0.05554,,,,1.25293,3.34278,,0.70891,0.01907,1.85203,0.05359,0.68908,0.68539,0
230.01,0.66506,0.52205,0.62624,0.68573,1.24731,1.57512,0.56959,,,2.76475,,0.68312,0.88666,1.58084,0.05432,,,,1.25071,3.33486,,0.70441,0.01854,1.85097,0.05226,0.69044,0.68573,0
231.01,0.66504,0.52122,0.62699,0.68607,1.24498,1.57769,0.56976,,,2.73865,,0.68417,0.88861,1.55387,0.05313,,,,1.24849,3.32706,,0.69989,0.01803,1.84992,0.05096,0.69178,0.68607,0
232.01,0.66501,0.52039,0.62776,0.68641,1.24265,1.58028,0.56992,,,2.71256,,0.68523,0.89052,1.52748,0.05196,,,,1.24625,3.31938,,0.69534,0.01754,1.84887,0.04969,0.69312,0.68641,0
233.01,0.66497,0.51956,0.62855,0.68675,1.24031,1.58289,0.5701,,,2.68649,,0.68628,0.89239,1.50167,0.05082,,,,1.24401,3.3118,,0.69078,0.01707,1.84783,0.04845,0.69445,0.68675,0
234.01,0.66494,0.51875,0.62935,0.6871,1.23798,1.58553,0.57027,,,2.66043,,0.68733,0.89423,1.47645,0.04971,,,,1.24176,3.30433,,0.6862,0.01661,1.8468,0.04725,0.69577,0.6871,0
235.01,0.6649,0.51794,0.63016,0.68745,1.23564,1.5882,0.57045,,,2.63441,,0.68838,0.89602,1.45181,0.04861,,,,1.2395,3.29695,,0.68159,0.01616,1.84578,0.04608,0.69708,0.68745,0
236.01,0.66486,0.51716,0.63098,0.68781,1.2333,1.59089,0.57063,,,2.60843,,0.68943,0.89777,1.42775,0.04755,,,,1.23722,3.28966,,0.67697,0.01573,1.84476,0.04494,0.69838,0.68781,0
237.01,0.66482,0.5164,0.63182,0.68818,1.23096,1.5936,0.57081,,,2.58249,,0.69048,0.89948,1.40426,0.04651,,,,1.23494,3.28245,,0.67234,0.01532,1.84375,0.04383,0.69968,0.68818,0
238.01,0.66478,0.51567,0.63267,0.68854,1.22862,1.59633,0.571,,,2.5566,,0.69152,0.90115,1.38134,0.04549,,,,1.23265,3.27531,,0.66768,0.01492,1.84274,0.04275,0.70097,0.68854,0
239.01,0.66473,0.51497,0.63354,0.68891,1.22627,1.59908,0.57119,,,2.53076,,0.69256,0.90278,1.35899,0.0445,,,,1.23036,3.26823,,0.66301,0.01453,1.84174,0.04169,0.70225,0.68891,0
240.01,0.66468,0.51431,0.63442,0.68929,1.22392,1.60186,0.57138,,,2.505,,0.69361,0.90436,1.33719,0.04353,,,,1.22805,3.2612,,0.65832,0.01415,1.84075,0.04067,0.70352,0.68929,0
241.01,0.66463,0.51368,0.63531,0.68966,1.22157,1.60465,0.57158,,,2.47931,,0.69465,0.9059,1.31595,0.04259,,,,1.22573,3.25421,,0.65362,0.01379,1.83977,0.03967,0.70478,0.68966,0
242.01,0.66457,0.51309,0.63621,0.69004,1.21922,1.60747,0.57178,,,2.4537,,0.69569,0.90739,1.29526,0.04167,,,,1.22341,3.24724,,0.6489,0.01344,1.83879,0.0387,0.70603,0.69004,0
243.01,0.66452,0.51255,0.63713,0.69043,1.21686,1.6103,0.57198,,,2.42818,,0.69672,0.90884,1.27511,0.04077,,,,1.22107,3.24029,,0.64417,0.0131,1.83783,0.03775,0.70727,0.69043,0
244.01,0.66446,0.51204,0.63805,0.69082,1.21449,1.61316,0.57219,,,2.40276,,0.69776,0.91025,1.25548,0.0399,,,,1.21872,3.23333,,0.63942,0.01277,1.83686,0.03683,0.70851,0.69082,0
245.01,0.66439,0.51156,0.63899,0.69121,1.21213,1.61603,0.5724,,,2.37743,,0.69879,0.91161,1.23639,0.03904,,,,1.21637,3.22635,,0.63466,0.01245,1.83591,0.03593,0.70973,0.69121,0
246.01,0.66432,0.51112,0.63993,0.6916,1.20976,1.61892,0.57261,,,2.35222,,0.69983,0.91292,1.2178,0.03821,,,,1.214,3.21935,,0.62988,0.01214,1.83496,0.03506,0.71094,0.6916,0
247.01,0.66425,0.51071,0.64089,0.692,1.20738,1.62182,0.57282,,,2.32712,,0.70086,0.91419,1.19972,0.0374,,,,1.21162,3.21229,,0.6251,0.01184,1.83402,0.03421,0.71215,0.692,0
248.01,0.66417,0.51034,0.64184,0.6924,1.205,1.62474,0.57304,,,2.30215,,0.70189,0.91541,1.18215,0.03661,,,,1.20923,3.20517,,0.6203,0.01155,1.83309,0.03339,0.71334,0.6924,0
249.01,0.66409,0.50999,0.64281,0.69281,1.20261,1.62768,0.57326,,,2.27732,,0.70292,0.91658,1.16505,0.03584,,,,1.20683,3.19797,,0.61549,0.01127,1.83217,0.03258,0.71452,0.69281,0
250.01,0.664,0.50968,0.64378,0.69322,1.20022,1.63063,0.57348,,,2.25261,,0.70394,0.91771,1.14844,0.0351,,,,1.20442,3.19065,,0.61066,0.011,1.83125,0.0318,0.7157,0.69322,0
251.01,0.66391,0.50939,0.64476,0.69363,1.19782,1.6336,0.57371,,,2.22805,,0.70497,0.91878,1.1323,0.03437,,,,1.202,3.18321,,0.60583,0.01074,1.83034,0.03104,0.71686,0.69363,0
252.01,0.66381,0.50913,0.64574,0.69405,1.19541,1.63658,0.57393,,,2.20364,,0.70599,0.91981,1.11662,0.03366,,,,1.19956,3.17561,,0.60099,0.01048,1.82944,0.0303,0.71801,0.69405,0
253.01,0.66371,0.5089,0.64672,0.69446,1.193,1.63958,0.57416,,,2.17938,,0.70702,0.92079,1.10139,0.03297,,,,1.19712,3.16783,,0.59614,0.01023,1.82855,0.02958,0.71915,0.69446,0
254.01,0.6636,0.50869,0.64771,0.69488,1.19058,1.64259,0.5744,,,2.15529,,0.70804,0.92172,1.08661,0.0323,,,,1.19466,3.15984,,0.59128,0.00999,1.82767,0.02888,0.72028,0.69488,0
255.01,0.66349,0.50851,0.6487,0.69531,1.18816,1.64561,0.57463,,,2.13136,,0.70906,0.92259,1.07225,0.03165,,,,1.19219,3.15161,,0.5864,0.00976,1.82679,0.0282,0.7214,0.69531,0
256.01,0.66337,0.50836,0.6497,0.69573,1.18573,1.64865,0.57487,,,2.1076,,0.71007,0.92342,1.05832,0.03102,,,,1.1897,3.14311,,0.58153,0.00953,1.82592,0.02754,0.72251,0.69573,0
257.01,0.66324,0.50824,0.65069,0.69617,1.18328,1.6517,0.57511,,,2.08401,,0.71109,0.9242,1.0448,0.0304,,,,1.18721,3.13432,,0.57664,0.00931,1.82507,0.02689,0.7236,0.69617,0
258.01,0.66311,0.50814,0.65169,0.6966,1.18084,1.65476,0.57536,,,2.0606,,0.71211,0.92493,1.03169,0.0298,,,,1.1847,3.12522,,0.57174,0.0091,1.82422,0.02627,0.72469,0.6966,0
259.01,0.66297,0.50806,0.6527,0.69703,1.17838,1.65783,0.5756,,,2.03737,,0.71312,0.9256,1.01897,0.02922,,,,1.18218,3.1158,,0.56684,0.00889,1.82337,0.02566,0.72576,0.69703,0
260.01,0.66282,0.50801,0.6537,0.69747,1.17592,1.66091,0.57585,,,2.01433,,0.71413,0.92623,1.00664,0.02865,,,,1.17964,3.10606,,0.56193,0.00869,1.82254,0.02506,0.72682,0.69747,0
261.01,0.66266,0.50799,0.65471,0.69791,1.17345,1.66401,0.5761,,,1.99147,,0.71514,0.9268,0.99469,0.0281,,,,1.17709,3.09598,,0.55702,0.00849,1.82172,0.02449,0.72787,0.69791,0
262.01,0.66249,0.508,0.65571,0.69835,1.17096,1.66711,0.57635,,,1.9688,,0.71615,0.92732,0.9831,0.02757,,,,1.17453,3.08558,,0.5521,0.0083,1.8209,0.02392,0.72891,0.69835,0
263.01,0.66232,0.50803,0.65672,0.6988,1.16847,1.67022,0.5766,,,1.9463,,0.71716,0.92778,0.97187,0.02705,,,,1.17195,3.07485,,0.54718,0.00812,1.8201,0.02338,0.72994,0.6988,0
264.01,0.66214,0.50809,0.65773,0.69925,1.16597,1.67335,0.57686,,,1.92399,,0.71816,0.9282,0.961,0.02655,,,,1.16936,3.06378,,0.54225,0.00793,1.8193,0.02285,0.73095,0.69925,0
265.01,0.66195,0.50817,0.65874,0.6997,1.16346,1.67648,0.57712,,,1.90184,,0.71917,0.92856,0.95046,0.02606,,,,1.16676,3.05236,,0.53731,0.00776,1.81851,0.02233,0.73195,0.6997,0
266.01,0.66174,0.50829,0.65975,0.70016,1.16095,1.67963,0.57738,,,1.87986,,0.72017,0.92887,0.94027,0.02558,,,,1.16414,3.04058,,0.53238,0.00759,1.81773,0.02183,0.73294,0.70016,0
267.01,0.66153,0.50842,0.66076,0.70061,1.15842,1.68278,0.57764,,,1.85805,,0.72117,0.92912,0.93039,0.02512,,,,1.1615,3.02844,,0.52744,0.00742,1.81696,0.02134,0.73392,0.70061,0
268.01,0.66131,0.50859,0.66178,0.70107,1.15588,1.68594,0.5779,,,1.83643,,0.72217,0.92932,0.92084,0.02467,,,,1.15886,3.01595,,0.52249,0.00726,1.81621,0.02086,0.73488,0.70107,0
269.01,0.66108,0.50878,0.66279,0.70153,1.15332,1.68911,0.57817,,,1.815,,0.72317,0.92947,0.91159,0.02423,,,,1.15619,3.00314,,0.51755,0.0071,1.81546,0.0204,0.73584,0.70153,0
270.01,0.66084,0.50899,0.6638,0.70199,1.15076,1.69229,0.57844,,,1.79379,,0.72416,0.92956,0.90265,0.02381,,,,1.15351,2.99007,,0.5126,0.0068,1.81471,0.01995,0.73678,0.70199,0
271.01,0.66059,0.50923,0.66481,0.70246,1.14819,1.69547,0.57871,,,1.77282,,0.72516,0.9296,0.894,0.0234,,,,1.15082,2.9768,,0.50765,0.00627,1.81398,0.01951,0.7377,0.70246,0
272.01,0.66033,0.5095,0.66583,0.70293,1.1456,1.69866,0.57897,,,1.75211,,0.72615,0.92958,0.88564,0.023,,,,1.14811,2.96337,,0.5027,0.00559,1.81326,0.01908,0.73862,0.70293,0
273.01,0.66007,0.50979,0.66684,0.70339,1.14301,1.70186,0.57924,,,1.73167,,0.72714,0.92951,0.87755,0.02261,,,,1.14538,2.9498,,0.49775,0.00484,1.81255,0.01866,0.73952,0.70339,0
274.01,0.6598,0.51011,0.66786,0.70386,1.1404,1.70507,0.57952,,,1.71153,,0.72813,0.92939,0.86974,0.02223,,,,1.14264,2.93606,,0.4928,0.0041,1.81184,0.01826,0.74041,0.70386,0
275.01,0.65952,0.51045,0.66887,0.70434,1.13778,1.70828,0.57979,,,1.69167,,0.72911,0.92921,0.8622,0.02187,,,,1.13989,2.92209,,0.48785,0.0034,1.81115,0.01786,0.74128,0.70434,0
276.01,0.65925,0.51081,0.66988,0.70481,1.13515,1.7115,0.58007,,,1.6721,,0.7301,0.92898,0.85491,0.02151,,,,1.13711,2.90778,,0.4829,0.00279,1.81046,0.01748,0.74214,0.70481,0
277.01,0.65897,0.5112,0.6709,0.70529,1.1325,1.71473,0.58034,,,1.65282,,0.73108,0.92869,0.84788,0.02117,,,,1.13432,2.89303,,0.47796,0.00229,1.80979,0.0171,0.74299,0.70529,0
278.01,0.65869,0.51161,0.67191,0.70577,1.12984,1.71796,0.58062,,,1.63382,,0.73206,0.92835,0.84109,0.02083,,,,1.13152,2.87775,,0.47301,0.00193,1.80912,0.01674,0.74383,0.70577,0
279.01,0.65841,0.51204,0.67292,0.70624,1.12717,1.7212,0.58089,,,1.61511,,0.73304,0.92795,0.83453,0.0205,,,,1.1287,2.86191,,0.46807,0.00168,1.80846,0.01639,0.74465,0.70624,0
280.01,0.65814,0.5125,0.67393,0.70672,1.12449,1.72445,0.58117,,,1.59669,,0.73402,0.9275,0.82821,0.02019,,,,1.12586,2.84553,,0.46313,0.00151,1.80781,0.01604,0.74546,0.70672,0
281.01,0.65787,0.51297,0.67494,0.70721,1.12179,1.7277,0.58145,,,1.57855,,0.735,0.92699,0.82212,0.01988,,,,1.12301,2.82872,,0.4582,0.00139,1.80717,0.0157,0.74625,0.70721,0
282.01,0.65761,0.51347,0.67595,0.70769,1.11907,1.73095,0.58173,,,1.56072,,0.73597,0.92643,0.81624,0.01958,,,,1.12013,2.81161,,0.45327,0.0013,1.80654,0.01537,0.74703,0.70769,0
283.01,0.65736,0.51399,0.67696,0.70818,1.11634,1.73421,0.582,,,1.54317,,0.73695,0.92582,0.81058,0.01929,,,,1.11724,2.79433,,0.44834,0.00124,1.80591,0.01505,0.7478,0.70818,0
284.01,0.65711,0.51453,0.67797,0.70866,1.1136,1.73747,0.58228,,,1.52592,,0.73792,0.92515,0.80512,0.019,,,,1.11434,2.77698,,0.44342,0.00119,1.8053,0.01474,0.74855,0.70866,0
285.01,0.65687,0.51509,0.67897,0.70915,1.11085,1.74074,0.58256,,,1.50896,,0.73889,0.92442,0.79986,0.01873,,,,1.11141,2.75957,,0.4385,0.00115,1.80469,0.01444,0.74929,0.70915,0
286.01,0.65664,0.51566,0.67998,0.70964,1.10808,1.74402,0.58283,,,1.49228,,0.73985,0.92364,0.7948,0.01846,,,,1.10847,2.74204,,0.43359,0.00111,1.80409,0.01414,0.75002,0.70964,0
287.01,0.65641,0.51626,0.68098,0.71013,1.10529,1.7473,0.58311,,,1.47588,,0.74082,0.92281,0.78992,0.0182,,,,1.10552,2.72427,,0.42868,0.00108,1.8035,0.01385,0.75073,0.71013,0
288.01,0.65618,0.51687,0.68198,0.71062,1.10249,1.75058,0.58338,,,1.45976,,0.74178,0.92192,0.78523,0.01794,,,,1.10254,2.70605,,0.42379,0.00105,1.80291,0.01357,0.75143,0.71062,0
289.01,0.65596,0.51751,0.68298,0.71112,1.09968,1.75386,0.58365,,,1.4439,,0.74274,0.92098,0.78072,0.01769,,,,1.09954,2.68721,,0.4189,0.00103,1.80234,0.01329,0.75212,0.71112,0
290.01,0.65574,0.51815,0.68398,0.71161,1.09685,1.75715,0.58393,,,1.42831,,0.7437,0.91998,0.77637,0.01745,,,,1.09653,2.66755,,0.41401,0.001,1.80177,0.01303,0.75279,0.71161,0
291.01,0.65553,0.51882,0.68498,0.71211,1.094,1.76045,0.58419,,,1.41297,,0.74466,0.91893,0.7722,0.01722,,,,1.0935,2.647,,0.40914,0.00098,1.80121,0.01276,0.75345,0.71211,0
292.01,0.65532,0.5195,0.68597,0.7126,1.09114,1.76374,0.58446,,,1.39787,,0.74561,0.91783,0.76818,0.01699,,,,1.09045,2.62553,,0.40428,0.00096,1.80066,0.01251,0.75409,0.7126,0
293.01,0.65512,0.5202,0.68697,0.7131,1.08826,1.76704,0.58472,,,1.383,,0.74657,0.91667,0.76432,0.01677,,,,1.08738,2.60326,,0.39942,0.00094,1.80011,0.01226,0.75472,0.7131,0
294.01,0.65493,0.52091,0.68796,0.71359,1.08537,1.77034,0.58499,,,1.36837,,0.74752,0.91546,0.76061,0.01655,,,,1.0843,2.58031,,0.39458,0.00092,1.79957,0.01201,0.75533,0.71359,0
295.01,0.65475,0.52163,0.68895,0.71409,1.08246,1.77365,0.58525,,,1.35397,,0.74847,0.9142,0.75704,0.01634,,,,1.0812,2.5568,,0.38974,0.0009,1.79904,0.01177,0.75593,0.71409,0
296.01,0.65459,0.52238,0.68993,0.71459,1.07953,1.77696,0.5855,,,1.33979,,0.74941,0.91289,0.75362,0.01613,,,,1.07807,2.53276,,0.38492,0.00088,1.79852,0.01154,0.75652,0.71459,0
297.01,0.65445,0.52313,0.69092,0.71509,1.07659,1.78027,0.58576,,,1.32582,,0.75036,0.91152,0.75033,0.01593,,,,1.07493,2.50807,,0.38011,0.00086,1.798,0.01131,0.75709,0.71509,0
298.01,0.65432,0.52389,0.6919,0.7156,1.07363,1.78358,0.58601,,,1.31206,,0.7513,0.9101,0.74716,0.01573,,,,1.07177,2.48249,,0.37531,0.00084,1.79749,0.01109,0.75765,0.7156,0
299.01,0.65422,0.52467,0.69288,0.7161,1.07066,1.7869,0.58626,,,1.29851,,0.75224,0.90863,0.74413,0.01554,,,,1.06859,2.45566,,0.37053,0.00082,1.79698,0.01087,0.7582,0.7161,0
300.01,0.65413,0.52546,0.69385,0.7166,1.06766,1.79021,0.58651,,,1.28516,,0.75318,0.9071,0.74121,0.01535,,,,1.06539,2.42718,,0.36576,0.00081,1.79648,0.01064,0.75872,0.7166,0
301.01,0.65407,0.52627,0.69483,0.7171,1.06465,1.79353,0.58675,,,1.272,,0.75412,0.90553,0.73841,0.01516,,,,1.06218,2.39666,,0.361,0.00079,1.79599,0.01021,0.75924,0.7171,0
302.01,0.65402,0.52708,0.6958,0.7176,1.06163,1.79685,0.587,,,1.25905,,0.75505,0.9039,0.73571,0.01498,,,,1.05894,2.36385,,0.35626,0.00077,1.79551,0.0095,0.75974,0.7176,0
303.01,0.654,0.52791,0.69676,0.71811,1.05858,1.80018,0.58725,,,1.24629,,0.75598,0.90223,0.73313,0.0148,,,,1.05568,2.32872,,0.35153,0.00076,1.79503,0.00859,0.76023,0.71811,0
304.01,0.654,0.52874,0.69773,0.71861,1.05552,1.8035,0.5875,,,1.23371,,0.75691,0.9005,0.73064,0.01463,,,,1.05241,2.29142,,0.34682,0.00074,1.79456,0.0076,0.7607,0.71861,0
305.01,0.65401,0.52959,0.69869,0.71911,1.05244,1.80683,0.58776,,,1.22132,,0.75784,0.89872,0.72825,0.0144,,,,1.04911,2.25221,,0.34213,0.00073,1.79409,0.00659,0.76116,0.71911,0
306.01,0.65405,0.53044,0.69964,0.71962,1.04934,1.81015,0.58802,,,1.20911,,0.75877,0.8969,0.72595,0.01409,,,,1.0458,2.21125,,0.33745,0.00071,1.79363,0.00563,0.7616,0.71962,0
307.01,0.6541,0.53131,0.7006,0.72012,1.04623,1.81348,0.58829,,,1.19708,,0.75969,0.89502,0.72374,0.01371,,,,1.04247,2.1685,,0.33279,0.0007,1.79317,0.00476,0.76203,0.72012,0
308.01,0.65417,0.53218,0.70155,0.72062,1.0431,1.81681,0.58857,,,1.18523,,0.76061,0.89309,0.72161,0.01329,,,,1.03912,2.12364,,0.32815,0.00068,1.79272,0.00405,0.76245,0.72062,0
309.01,0.65425,0.53306,0.70249,0.72113,1.03994,1.82014,0.58886,,,1.17355,,0.76153,0.89112,0.71956,0.01285,,,,1.03574,2.0762,,0.32353,0.00067,1.79228,0.00354,0.76285,0.72113,0
310.01,0.65435,0.53395,0.70344,0.72163,1.03677,1.82347,0.58916,,,1.16205,,0.76245,0.8891,0.71758,0.01239,,,,1.03235,2.0258,,0.31893,0.00066,1.79184,0.00318,0.76324,0.72163,0
311.01,0.65447,0.53485,0.70437,0.72213,1.03359,1.8268,0.58948,,,1.15072,,0.76336,0.88703,0.71567,0.01193,,,,1.02894,1.97247,,0.31434,0.00064,1.79141,0.00293,0.76361,0.72213,0
312.01,0.6546,0.53575,0.70531,0.72264,1.03038,1.83014,0.5898,,,1.13955,,0.76428,0.88491,0.71383,0.01151,,,,1.02551,1.9169,,0.30978,0.00063,1.79097,0.00276,0.76397,0.72264,0
313.01,0.65474,0.53666,0.70624,0.72314,1.02716,1.83347,0.59014,,,1.12854,,0.76519,0.88275,0.71205,0.01118,,,,1.02206,1.86051,,0.30524,0.00062,1.79055,0.00262,0.76431,0.72314,0
314.01,0.6549,0.53758,0.70717,0.72364,1.02391,1.8368,0.59049,,,1.1177,,0.7661,0.88054,0.71033,0.01091,,,,1.01859,1.80509,,0.30073,0.0006,1.79013,0.00252,0.76464,0.72364,0
315.01,0.65508,0.53851,0.70809,0.72415,1.02065,1.84013,0.59086,,,1.10701,,0.767,0.87828,0.70866,0.0107,,,,1.0151,1.75241,,0.29623,0.00059,1.78971,0.00244,0.76495,0.72415,0
316.01,0.65527,0.53944,0.70901,0.72465,1.01737,1.84346,0.59124,,,1.09648,,0.7679,0.87598,0.70704,0.01052,,,,1.01159,1.70384,,0.29176,0.00058,1.7893,0.00237,0.76526,0.72465,0
317.01,0.65547,0.54038,0.70992,0.72515,1.01407,1.8468,0.59163,,,1.08611,,0.76881,0.87363,0.70547,0.01036,,,,1.00806,1.66016,,0.28732,0.00057,1.78889,0.00231,0.76554,0.72515,0
318.01,0.65568,0.54132,0.71083,0.72565,1.01075,1.85013,0.59204,,,1.07588,,0.7697,0.87124,0.70394,0.01021,,,,1.00451,1.62166,,0.2829,0.00056,1.78848,0.00225,0.76581,0.72565,0
319.01,0.65591,0.54227,0.71174,0.72615,1.00742,1.85346,0.59247,,,1.06581,,0.7706,0.8688,0.70245,0.01008,,,,1.00094,1.58822,,0.2785,0.00055,1.78808,0.00221,0.76607,0.72615,0
320.01,0.65616,0.54322,0.71264,0.72665,1.00406,1.85679,0.59291,,,1.05588,,0.7715,0.86632,0.70099,0.00996,,,,0.99735,1.55945,,0.27413,0.00054,1.78768,0.00216,0.76631,0.72665,0
321.01,0.65641,0.54418,0.71353,0.72715,1.00069,1.86012,0.59336,,,1.04609,,0.77239,0.8638,0.69956,0.00984,,,,0.99374,1.53484,,0.26979,0.00053,1.78729,0.00211,0.76654,0.72715,0
322.01,0.65669,0.54514,0.71442,0.72765,0.99729,1.86345,0.59384,,,1.03645,,0.77328,0.86123,0.69817,0.00972,,,,0.99011,1.51385,,0.26548,0.00051,1.7869,0.00207,0.76676,0.72765,0
323.01,0.65697,0.54611,0.71531,0.72815,0.99388,1.86677,0.59433,,,1.02694,,0.77416,0.85862,0.69679,0.00961,,,,0.98645,1.49596,,0.26119,0.0005,1.78651,0.00203,0.76696,0.72815,0
324.01,0.65727,0.54708,0.71619,0.72864,0.99045,1.8701,0.59483,,,1.01757,,0.77505,0.85597,0.69544,0.0095,,,,0.98276,1.48068,,0.25693,0.00049,1.78612,0.00199,0.76715,0.72864,0
325.01,0.65759,0.54806,0.71706,0.72914,0.987,1.87342,0.59534,,,1.00833,,0.77593,0.85328,0.69411,0.00939,,,,0.97906,1.4676,,0.2527,0.00048,1.78573,0.00195,0.76732,0.72914,0
326.01,0.65792,0.54904,0.71793,0.72963,0.98353,1.87675,0.59588,,,0.99922,,0.77681,0.85054,0.69279,0.00928,,,,0.97533,1.45635,,0.2485,0.00047,1.78535,0.00192,0.76748,0.72963,0
327.01,0.65826,0.55002,0.7188,0.73013,0.98003,1.88007,0.59642,,,0.99025,,0.77769,0.84777,0.69148,0.00917,,,,0.97159,1.44665,,0.24433,0.00047,1.78497,0.00188,0.76762,0.73013,0
328.01,0.65862,0.55101,0.71966,0.73062,0.97652,1.88339,0.59698,,,0.9814,,0.77857,0.84496,0.69018,0.00907,,,,0.96784,1.43823,,0.2402,0.00046,1.78459,0.00185,0.76775,0.73062,0
329.01,0.65899,0.552,0.72051,0.73111,0.97299,1.8867,0.59755,,,0.97268,,0.77944,0.84211,0.68889,0.00896,,,,0.9641,1.4309,,0.23609,0.00045,1.78422,0.00181,0.76786,0.73111,0
330.01,0.65938,0.55299,0.72136,0.7316,0.96943,1.89002,0.59813,,,0.96407,,0.78031,0.83921,0.68759,0.00886,,,,0.96039,1.42449,,0.23202,0.00044,1.78384,0.00178,0.76797,0.7316,0
331.01,0.65978,0.55399,0.7222,0.73209,0.96586,1.89333,0.59873,,,0.95559,,0.78118,0.83628,0.6863,0.00876,,,,0.9567,1.41886,,0.22798,0.00043,1.78347,0.00174,0.76805,0.73209,0
332.01,0.66019,0.55499,0.72304,0.73258,0.96226,1.89664,0.59933,,,0.94722,,0.78204,0.83332,0.68501,0.00866,,,,0.95307,1.41391,,0.22397,0.00042,1.78309,0.00171,0.76813,0.73258,0
333.01,0.66062,0.55599,0.72387,0.73307,0.95864,1.89994,0.59995,,,0.93897,,0.78291,0.83031,0.68371,0.00856,,,,0.94949,1.40952,,0.22,0.00041,1.78272,0.00168,0.76818,0.73307,0
334.01,0.66107,0.55699,0.72469,0.73355,0.955,1.90325,0.60057,,,0.93083,,0.78377,0.82727,0.6824,0.00846,,,,0.94596,1.40564,,0.21606,0.0004,1.78235,0.00165,0.76823,0.73355,0
335.01,0.66153,0.558,0.72551,0.73404,0.95133,1.90655,0.6012,,,0.92281,,0.78463,0.82419,0.68109,0.00836,,,,0.94248,1.4022,,0.21216,0.00039,1.78198,0.00162,0.76826,0.73404,0
336.01,0.662,0.55901,0.72632,0.73452,0.94767,1.90984,0.60184,,,0.91489,,0.78548,0.82108,0.67976,0.00826,,,,0.93905,1.39914,,0.2083,0.00038,1.78161,0.00159,0.76828,0.73452,0
337.01,0.66249,0.56002,0.72713,0.735,0.94401,1.91313,0.60249,,,0.90708,,0.78634,0.81793,0.67841,0.00817,,,,0.93566,1.39642,,0.20447,0.00038,1.78125,0.00156,0.76828,0.735,0
338.01,0.66299,0.56103,0.72793,0.73548,0.94037,1.91642,0.60315,,,0.89937,,0.78719,0.81475,0.67705,0.00807,,,,0.93231,1.39399,,0.20068,0.00037,1.78088,0.00153,0.76827,0.73548,0
339.01,0.66351,0.56204,0.72872,0.73596,0.93677,1.9197,0.60381,,,0.89176,,0.78804,0.81153,0.67567,0.00798,,,,0.92899,1.39184,,0.19692,0.00036,1.78051,0.00151,0.76825,0.73596,0
340.01,0.66404,0.56306,0.72951,0.73643,0.93321,1.92298,0.60448,,,0.88425,,0.78888,0.80828,0.67426,0.00788,,,,0.9257,1.38992,,0.19321,0.00035,1.78014,0.00148,0.76821,0.73643,0
341.01,0.66459,0.56408,0.73029,0.7369,0.92971,1.92626,0.60516,,,0.87685,,0.78973,0.805,0.67283,0.00779,,,,0.92241,1.38822,,0.18953,0.00034,1.77977,0.00145,0.76816,0.7369,0
342.01,0.66515,0.5651,0.73106,0.73738,0.92626,1.92952,0.60585,,,0.86953,,0.79057,0.80169,0.67138,0.0077,,,,0.91914,1.38671,,0.18589,0.00034,1.7794,0.00143,0.76809,0.73738,0
343.01,0.66572,0.56612,0.73183,0.73785,0.92286,1.93279,0.60654,,,0.86231,,0.79141,0.79834,0.6699,0.0076,,,,0.91587,1.38538,,0.18229,0.00033,1.77903,0.0014,0.76801,0.73785,0
344.01,0.66631,0.56714,0.73259,0.73831,0.91952,1.93604,0.60723,,,0.85519,,0.79224,0.79496,0.66839,0.00751,,,,0.9126,1.3842,,0.17873,0.00032,1.77866,0.00137,0.76792,0.73831,0
345.01,0.66691,0.56816,0.73334,0.73878,0.91622,1.93929,0.60793,,,0.84814,,0.79308,0.79155,0.66685,0.00742,,,,0.90932,1.38318,,0.17521,0.00031,1.77828,0.00135,0.76781,0.73878,0
346.01,0.66752,0.56918,0.73409,0.73924,0.91296,1.94254,0.60864,,,0.84119,,0.79391,0.78811,0.66527,0.00733,,,,0.90604,1.38229,,0.17174,0.0003,1.77791,0.00133,0.76769,0.73924,0
347.01,0.66815,0.57021,0.73483,0.7397,0.90972,1.94577,0.60936,,,0.83432,,0.79474,0.78465,0.66367,0.00724,,,,0.90274,1.38153,,0.1683,0.0003,1.77753,0.0013,0.76755,0.7397,0
348.01,0.66879,0.57123,0.73556,0.74016,0.90651,1.949,0.61008,,,0.82754,,0.79556,0.78115,0.66202,0.00715,,,,0.89943,1.38088,,0.1649,0.00029,1.77715,0.00128,0.76741,0.74016,0
349.01,0.66945,0.57226,0.73629,0.74061,0.90332,1.95222,0.6108,,,0.82083,,0.79639,0.77762,0.66034,0.00706,,,,0.8961,1.38034,,0.16155,0.00028,1.77677,0.00125,0.76724,0.74061,0
350.01,0.67011,0.57329,0.737,0.74107,0.90014,1.95543,0.61153,,,0.8142,,0.79721,0.77407,0.65862,0.00698,,,,0.89276,1.3799,,0.15824,0.00027,1.77639,0.00123,0.76707,0.74107,0
351.01,0.67079,0.57432,0.73772,0.74152,0.89696,1.95864,0.61226,,,0.80765,,0.79803,0.77049,0.65686,0.00689,,,,0.8894,1.37956,,0.15497,0.00027,1.776,0.00121,0.76688,0.74152,0
352.01,0.67148,0.57534,0.73842,0.74196,0.89379,1.96183,0.613,,,0.80117,,0.79884,0.76688,0.65507,0.00681,,,,0.88603,1.37931,,0.15174,0.00026,1.77561,0.00119,0.76668,0.74196,0
353.01,0.67219,0.57637,0.73911,0.74241,0.8906,1.96502,0.61375,,,0.79476,,0.79966,0.76324,0.65322,0.00672,,,,0.88265,1.37915,,0.14856,0.00025,1.77522,0.00117,0.76646,0.74241,0
354.01,0.67291,0.5774,0.7398,0.74285,0.88741,1.96819,0.6145,,,0.78843,,0.80047,0.75958,0.65134,0.00664,,,,0.87924,1.37906,,0.14542,0.00025,1.77483,0.00114,0.76623,0.74285,0
355.01,0.67363,0.57843,0.74048,0.74329,0.8842,1.97136,0.61525,,,0.78216,,0.80127,0.7559,0.64941,0.00655,,,,0.87582,1.37906,,0.14233,0.00024,1.77443,0.00112,0.76599,0.74329,0
356.01,0.67437,0.57946,0.74115,0.74372,0.88098,1.97451,0.61601,,,0.77596,,0.80208,0.75219,0.64744,0.00647,,,,0.87238,1.37913,,0.13927,0.00023,1.77403,0.0011,0.76574,0.74372,0
357.01,0.67513,0.58049,0.74182,0.74416,0.87775,1.97765,0.61678,,,0.76982,,0.80288,0.74845,0.64542,0.00639,,,,0.86893,1.37927,,0.13627,0.00022,1.77362,0.00108,0.76547,0.74416,0
358.01,0.67589,0.58152,0.74248,0.74458,0.87451,1.98078,0.61754,,,0.76374,,0.80368,0.74469,0.64336,0.0063,,,,0.86547,1.37948,,0.1333,0.00019,1.77321,0.00106,0.76519,0.74458,0
359.01,0.67666,0.58255,0.74313,0.74501,0.87125,1.98389,0.61832,,,0.75772,,0.80448,0.74091,0.64125,0.00622,,,,0.86199,1.37976,,0.13038,0.00015,1.77279,0.00104,0.76489,0.74501,0
360.01,0.67745,0.58358,0.74377,0.74543,0.86797,1.98699,0.61909,,,0.75176,,0.80528,0.73711,0.63909,0.00614,,,,0.85849,1.38011,,0.12751,0.00012,1.77237,0.00102,0.76458,0.74543,0
361.01,0.67824,0.58461,0.7444,0.74585,0.86467,1.99007,0.61987,,,0.74585,,0.80607,0.73328,0.63689,0.00606,,,,0.85498,1.38051,,0.12468,9e-05,1.77195,0.001,0.76426,0.74585,0
362.01,0.67905,0.58564,0.74502,0.74627,0.86136,1.99314,0.62066,,,0.74,,0.80686,0.72943,0.63463,0.00598,,,,0.85146,1.38098,,0.12189,6e-05,1.77152,0.00098,0.76393,0.74627,0
363.01,0.67986,0.58667,0.74564,0.74668,0.85803,1.99619,0.62145,,,0.7342,,0.80765,0.72556,0.63233,0.0059,,,,0.84792,1.38151,,0.11915,4e-05,1.77109,0.00097,0.76358,0.74668,0
364.01,0.68069,0.5877,0.74625,0.74709,0.85469,1.99923,0.62224,,,0.72844,,0.80843,0.72167,0.62998,0.00583,,,,0.84437,1.3821,,0.11646,3e-05,1.77065,0.00095,0.76322,0.74709,0
365.01,0.68152,0.58873,0.74685,0.7475,0.85133,2.00224,0.62304,,,0.72274,,0.80921,0.71776,0.62757,0.00575,,,,0.84081,1.38275,,0.11381,2e-05,1.7702,0.00093,0.76284,0.7475,0
366.01,0.68237,0.58976,0.74744,0.74791,0.84796,2.00523,0.62384,,,0.71708,,0.80999,0.71383,0.62512,0.00567,,,,0.83723,1.38345,,0.1112,2e-05,1.76975,0.00091,0.76246,0.74791,0
367.01,0.68322,0.59079,0.74803,0.74831,0.84457,2.00821,0.62464,,,0.71146,,0.81077,0.70988,0.62262,0.0056,,,,0.83364,1.3842,,0.10864,1e-05,1.7693,0.00089,0.76206,0.74831,0
368.01,0.68409,0.59182,0.7486,0.74872,0.84117,2.01116,0.62545,,,0.70588,,0.81154,0.70592,0.62007,0.00552,,,,0.83003,1.385,,0.10612,1e-05,1.76883,0.00087,0.76165,0.74872,0
369.01,0.68496,0.59285,0.74917,0.74912,0.83775,2.01409,0.62626,,,0.70035,,0.81232,0.70193,0.61747,0.00545,,,,0.82642,1.38586,,0.10365,1e-05,1.76837,0.00085,0.76122,0.74912,0
370.01,0.68584,0.59388,0.74972,0.74953,0.83432,2.01699,0.62708,,,0.69485,,0.81308,0.69793,0.61482,0.00537,,,,0.82278,1.38676,,0.10122,1e-05,1.76789,0.00084,0.76078,0.74953,0
371.01,0.68673,0.59491,0.75027,0.74994,0.83088,2.01986,0.62789,,,0.68939,,0.81385,0.69391,0.61212,0.0053,,,,0.81914,1.38771,,0.09884,1e-05,1.76741,0.00082,0.76033,0.74994,0
372.01,0.68763,0.59593,0.75081,0.75035,0.82742,2.02271,0.62872,,,0.68396,,0.81461,0.68987,0.60937,0.00523,,,,0.81549,1.38871,,0.0965,1e-05,1.76692,0.0008,0.75987,0.75035,0
373.01,0.68853,0.59696,0.75135,0.75076,0.82395,2.02553,0.62954,,,0.67857,,0.81538,0.68582,0.60658,0.00515,,,,0.81182,1.38975,,0.0942,0.0,1.76643,0.00078,0.75939,0.75076,0
374.01,0.68944,0.59799,0.75187,0.75117,0.82046,2.02831,0.63037,,,0.67321,,0.81613,0.68175,0.60373,0.00508,,,,0.80813,1.39083,,0.09195,0.0,1.76592,0.00077,0.75891,0.75117,0
375.01,0.69036,0.59902,0.75238,0.75159,0.81696,2.03106,0.6312,,,0.66787,,0.81689,0.67766,0.60083,0.00501,,,,0.80444,1.39195,,0.08974,0.0,1.76541,0.00075,0.7584,0.75159,0
376.01,0.69129,0.60004,0.75289,0.75201,0.81345,2.03378,0.63203,,,0.66257,,0.81764,0.67357,0.59789,0.00494,,,,0.80073,1.39311,,0.08758,0.0,1.7649,0.00073,0.75789,0.75201,0
377.01,0.69223,0.60107,0.75338,0.75244,0.80992,2.03645,0.63287,,,0.65729,,0.81839,0.66945,0.59489,0.00487,,,,0.797,1.3943,,0.08546,0.0,1.76437,0.00072,0.75736,0.75244,0
378.01,0.69317,0.60209,0.75387,0.75287,0.80639,2.03909,0.63371,,,0.65203,,0.81914,0.66533,0.59185,0.0048,,,,0.79327,1.39553,,0.08338,0.0,1.76384,0.0007,0.75683,0.75287,0
379.01,0.69411,0.60311,0.75435,0.7533,0.80283,2.04168,0.63455,,,0.6468,,0.81988,0.66118,0.58876,0.00473,,,,0.78952,1.39679,,0.08134,0.0,1.7633,0.00068,0.75628,0.7533,0
380.01,0.69507,0.60414,0.75482,0.75374,0.79926,2.04422,0.63539,,,0.64159,,0.82063,0.65703,0.58563,0.00466,,,,0.78576,1.39809,,0.07935,0.0,1.76275,0.00067,0.75571,0.75374,0
381.01,0.69603,0.60516,0.75528,0.75418,0.79568,2.04672,0.63624,,,0.6364,,0.82137,0.65286,0.58244,0.0046,,,,0.78199,1.39941,,0.0774,0.0,1.76219,0.00065,0.75514,0.75418,0
382.01,0.697,0.60618,0.75573,0.75462,0.79209,2.04916,0.63709,,,0.63123,,0.8221,0.64869,0.57922,0.00453,,,,0.7782,1.40076,,0.07549,0.0,1.76162,0.00063,0.75455,0.75462,0
383.01,0.69797,0.6072,0.75617,0.75507,0.78848,2.05154,0.63794,,,0.62608,,0.82284,0.64449,0.57595,0.00446,,,,0.7744,1.40213,,0.07362,0.0,1.76104,0.00062,0.75395,0.75507,0
384.01,0.69895,0.60822,0.7566,0.75552,0.78486,2.05386,0.6388,,,0.62095,,0.82357,0.64029,0.57263,0.0044,,,,0.77059,1.40353,,0.0718,0.0,1.76045,0.0006,0.75334,0.75552,0
385.01,0.69993,0.60924,0.75702,0.75597,0.78123,2.05612,0.63965,,,0.61583,,0.8243,0.63608,0.56927,0.00433,,,,0.76677,1.40494,,0.07001,0.0,1.75986,0.00058,0.75271,0.75597,0
386.01,0.70092,0.61026,0.75743,0.75643,0.77758,2.0583,0.64051,,,0.61073,,0.82502,0.63185,0.56587,0.00427,,,,0.76293,1.40638,,0.06827,0.0,1.75925,0.00057,0.75208,0.75643,0
387.01,0.70191,0.61128,0.75784,0.75688,0.77392,2.06041,0.64137,,,0.60564,,0.82575,0.62762,0.56242,0.00421,,,,0.75908,1.40783,,0.06656,0.0,1.75863,0.00055,0.75143,0.75688,0
388.01,0.70291,0.6123,0.75823,0.75735,0.77024,2.06244,0.64223,,,0.60056,,0.82647,0.62338,0.55893,0.00414,,,,0.75522,1.40929,,0.06489,0.0,1.75801,0.00051,0.75077,0.75735,0
389.01,0.70392,0.61331,0.75862,0.75781,0.76656,2.06437,0.6431,,,0.59549,,0.82718,0.61912,0.55541,0.00408,,,,0.75134,1.41077,,0.06327,0.0,1.75737,0.00044,0.75009,0.75781,0
390.01,0.70493,0.61433,0.75899,0.75827,0.76286,2.06622,0.64396,,,0.59044,,0.8279,0.61486,0.55184,0.00402,,,,0.74746,1.41226,,0.06168,0.0,1.75672,0.00036,0.74941,0.75827,0
391.01,0.70594,0.61534,0.75936,0.75874,0.75914,2.06796,0.64483,,,0.58539,,0.82861,0.61059,0.54823,0.00396,,,,0.74356,1.41375,,0.06013,0.0,1.75606,0.00028,0.74871,0.75874,0
392.01,0.70695,0.61636,0.75971,0.7592,0.75542,2.06959,0.6457,,,0.58035,,0.82932,0.60631,0.54459,0.00383,,,,0.73964,1.41525,,0.05861,0.0,1.75539,0.00021,0.74801,0.7592,0
393.01,0.70797,0.61737,0.76006,0.75967,0.75168,2.0711,0.64657,,,0.57533,,0.83003,0.60202,0.54091,0.00359,,,,0.73572,1.41676,,0.05714,0.0,1.75471,0.00015,0.74729,0.75967,0
394.01,0.709,0.61838,0.7604,0.76013,0.74792,2.07247,0.64744,,,0.57031,,0.83073,0.59773,0.53719,0.00325,,,,0.73178,1.41826,,0.0557,0.0,1.75402,0.00011,0.74655,0.76013,0
395.01,0.71003,0.61939,0.76072,0.7606,0.74416,2.07371,0.64831,,,0.5653,,0.83143,0.59343,0.53344,0.00286,,,,0.72783,1.41977,,0.05429,0.0,1.75332,8e-05,0.74581,0.7606,0
396.01,0.71106,0.6204,0.76104,0.76106,0.74038,2.0748,0.64919,,,0.56029,,0.83213,0.58912,0.52965,0.00247,,,,0.72386,1.42127,,0.05292,0.0,1.7526,5e-05,0.74505,0.76106,0
397.01,0.71209,0.62141,0.76135,0.76153,0.73659,2.07572,0.65006,,,0.55529,,0.83283,0.58481,0.52583,0.0021,,,,0.71989,1.42277,,0.05159,0.0,1.75187,4e-05,0.74429,0.76153,0
398.01,0.71313,0.62242,0.76164,0.76199,0.73278,2.07647,0.65094,,,0.55029,,0.83352,0.58049,0.52197,0.00177,,,,0.7159,1.42427,,0.05029,0.0,1.75113,3e-05,0.74351,0.76199,0
399.01,0.71417,0.62342,0.76193,0.76246,0.72896,2.07702,0.65182,,,0.54531,,0.83421,0.57616,0.51809,0.0015,,,,0.7119,1.42575,,0.04903,0.0,1.75038,3e-05,0.74272,0.76246,0
400.01,0.71522,0.62443,0.76221,0.76292,0.72513,2.07736,0.6527,,,0.54032,,0.8349,0.57184,0.51417,0.00131,,,,0.70788,1.42723,,0.04779,0.0,1.74962,2e-05,0.74192,0.76292,0
401.01,0.71626,0.62544,0.76248,0.76338,0.72128,2.07748,0.65358,,,0.53534,,0.83558,0.5675,0.51023,0.00119,,,,0.70385,1.4287,,0.04659,0.0,1.74884,2e-05,0.7411,0.76338,0
402.01,0.71731,0.62644,0.76273,0.76384,0.71742,2.07735,0.65446,,,0.53037,,0.83626,0.56316,0.50625,0.0011,,,,0.69981,1.43015,,0.04543,0.0,1.74806,2e-05,0.74028,0.76384,0
403.01,0.71837,0.62744,0.76298,0.76429,0.71355,2.07696,0.65534,,,0.5254,,0.83694,0.55882,0.50225,0.00104,,,,0.69576,1.43159,,0.04429,0.0,1.74725,1e-05,0.73944,0.76429,0
404.01,0.71942,0.62844,0.76322,0.76475,0.70967,2.0763,0.65622,,,0.52043,,0.83762,0.55448,0.49823,0.00099,,,,0.6917,1.43301,,0.04319,0.0,1.74644,1e-05,0.73859,0.76475,0
405.01,0.72048,0.62944,0.76345,0.7652,0.70577,2.07533,0.65711,,,0.51547,,0.83829,0.55013,0.49417,0.00096,,,,0.68762,1.43441,,0.04211,0.0,1.74561,1e-05,0.73773,0.7652,0
406.01,0.72154,0.63044,0.76366,0.76565,0.70186,2.07405,0.65799,,,0.51051,,0.83896,0.54578,0.4901,0.00093,,,,0.68353,1.4358,,0.04107,0.0,1.74477,1e-05,0.73686,0.76565,0
407.01,0.7226,0.63144,0.76387,0.7661,0.69793,2.07243,0.65888,,,0.50554,,0.83963,0.54142,0.486,0.00091,,,,0.67943,1.43716,,0.04005,0.0,1.74392,1e-05,0.73598,0.7661,0
408.01,0.72366,0.63244,0.76407,0.76655,0.69399,2.07046,0.65976,,,0.50058,,0.8403,0.53707,0.48188,0.0009,,,,0.67532,1.4385,,0.03906,0.0,1.74305,1e-05,0.73509,0.76655,0
409.01,0.72472,0.63343,0.76425,0.76699,0.69004,2.06812,0.66065,,,0.49562,,0.84096,0.53271,0.47774,0.00088,,,,0.67119,1.43982,,0.0381,0.0,1.74217,1e-05,0.73418,0.76699,0
410.01,0.72579,0.63443,0.76443,0.76743,0.68607,2.06539,0.66153,,,0.49066,,0.84162,0.52836,0.47358,0.00087,,,,0.66705,1.44111,,0.03717,0.0,1.74127,1e-05,0.73326,0.76743,0
411.01,0.72686,0.63542,0.7646,0.76787,0.6821,2.06225,0.66242,,,0.4857,,0.84228,0.524,0.4694,0.00086,,,,0.6629,1.44238,,0.03627,0.0,1.74036,1e-05,0.73234,0.76787,0
412.01,0.72792,0.63641,0.76475,0.76831,0.67811,2.0587,0.6633,,,0.48075,,0.84293,0.51964,0.4652,0.00085,,,,0.65874,1.44361,,0.03539,0.0,1.73943,1e-05,0.7314,0.76831,0
413.01,0.729,0.6374,0.7649,0.76874,0.6741,2.05472,0.66419,,,0.47581,,0.84358,0.51528,0.46099,0.00083,,,,0.65456,1.44482,,0.03453,0.0,1.73849,1e-05,0.73045,0.76874,0
414.01,0.73007,0.63839,0.76503,0.76917,0.67008,2.0503,0.66508,,,0.47087,,0.84423,0.51092,0.45676,0.00082,,,,0.65038,1.446,,0.03371,0.0,1.73754,1e-05,0.72949,0.76917,0
415.01,0.73114,0.63938,0.76516,0.7696,0.66605,2.04544,0.66597,,,0.46593,,0.84487,0.50657,0.45252,0.00081,,,,0.64618,1.44715,,0.0329,0.0,1.73657,1e-05,0.72852,0.7696,0
416.01,0.73221,0.64037,0.76527,0.77002,0.66201,2.04011,0.66685,,,0.461,,0.84552,0.50221,0.44826,0.0008,,,,0.64197,1.44826,,0.03212,0.0,1.73558,1e-05,0.72753,0.77002,0
417.01,0.73329,0.64136,0.76538,0.77045,0.65795,2.03431,0.66774,,,0.45607,,0.84616,0.49786,0.444,0.00079,,,,0.63775,1.44935,,0.03136,0.0,1.73458,1e-05,0.72654,0.77045,0
418.01,0.73436,0.64234,0.76547,0.77087,0.65388,2.02803,0.66862,,,0.45115,,0.84679,0.49351,0.43972,0.00079,,,,0.63351,1.4504,,0.03063,0.0,1.73356,1e-05,0.72554,0.77087,0
419.01,0.73544,0.64332,0.76556,0.77128,0.6498,2.02127,0.66951,,,0.44624,,0.84743,0.48916,0.43544,0.00078,,,,0.62927,1.45141,,0.02991,0.0,1.73253,1e-05,0.72452,0.77128,0
420.01,0.73651,0.64431,0.76563,0.7717,0.64571,2.01402,0.67039,,,0.44133,,0.84806,0.48481,0.43114,0.00077,,,,0.62501,1.45239,,0.02922,0.0,1.73148,1e-05,0.72349,0.7717,0
421.01,0.73759,0.64529,0.76569,0.77211,0.6416,2.00627,0.67128,,,0.43644,,0.84869,0.48047,0.42684,0.00076,,,,0.62074,1.45333,,0.02855,0.0,1.73042,1e-05,0.72246,0.77211,0
422.01,0.73867,0.64627,0.76574,0.77252,0.63748,1.99803,0.67216,,,0.43155,,0.84931,0.47612,0.42254,0.00075,,,,0.61646,1.45424,,0.0279,0.0,1.72934,1e-05,0.72141,0.77252,0
423.01,0.73975,0.64724,0.76579,0.77292,0.63335,1.98929,0.67305,,,0.42667,,0.84994,0.47179,0.41822,0.00074,,,,0.61217,1.45511,,0.02727,0.0,1.72824,1e-05,0.72035,0.77292,0
424.01,0.74082,0.64822,0.76582,0.77332,0.6292,1.98005,0.67393,,,0.4218,,0.85056,0.46746,0.41391,0.00073,,,,0.60786,1.45594,,0.02666,0.0,1.72712,1e-05,0.71928,0.77332,0
425.01,0.7419,0.6492,0.76584,0.77372,0.62505,1.97033,0.67481,,,0.41695,,0.85117,0.46313,0.40959,0.00072,,,,0.60354,1.45673,,0.02606,0.0,1.72599,1e-05,0.7182,0.77372,0
426.01,0.74298,0.65017,0.76585,0.77412,0.62088,1.96012,0.67569,,,0.4121,,0.85179,0.4588,0.40527,0.00072,,,,0.59921,1.45749,,0.02549,0.0,1.72484,1e-05,0.71711,0.77412,0
427.01,0.74406,0.65114,0.76585,0.77451,0.6167,1.94942,0.67657,,,0.40727,,0.8524,0.45449,0.40096,0.00071,,,,0.59487,1.4582,,0.02493,0.0,1.72368,1e-05,0.71601,0.77451,0
428.01,0.74514,0.65211,0.76584,0.7749,0.6125,1.93826,0.67745,,,0.40245,,0.85301,0.45017,0.39664,0.0007,,,,0.59052,1.45888,,0.02439,0.0,1.7225,1e-05,0.7149,0.7749,0
429.01,0.74621,0.65308,0.76582,0.77529,0.6083,1.92663,0.67833,,,0.39765,,0.85362,0.44587,0.39232,0.00069,,,,0.58616,1.45951,,0.02386,0.0,1.7213,1e-05,0.71377,0.77529,0
430.01,0.74729,0.65405,0.76579,0.77567,0.60408,1.91454,0.67921,,,0.39285,,0.85422,0.44157,0.38801,0.00068,,,,0.58179,1.46011,,0.02335,0.0,1.72008,0.0,0.71264,0.77567,0
431.01,0.74837,0.65502,0.76574,0.77605,0.59984,1.90199,0.68009,,,0.38808,,0.85482,0.43728,0.3837,0.00068,,,,0.57741,1.46066,,0.02286,0.0,1.71885,0.0,0.71149,0.77605,0
432.01,0.74944,0.65598,0.76569,0.77642,0.5956,1.88899,0.68096,,,0.38332,,0.85542,0.43299,0.37939,0.00067,,,,0.57303,1.46118,,0.02238,0.0,1.7176,0.0,0.71034,0.77642,0
433.01,0.75052,0.65695,0.76563,0.7768,0.59134,1.87555,0.68184,,,0.37858,,0.85601,0.42871,0.37509,0.00066,,,,0.56863,1.46165,,0.02191,0.0,1.71633,0.0,0.70917,0.7768,0
434.01,0.7516,0.65791,0.76555,0.77717,0.58707,1.86165,0.68271,,,0.37385,,0.8566,0.42444,0.3708,0.00065,,,,0.56422,1.46208,,0.02146,0.0,1.71504,0.0,0.708,0.77717,0
435.01,0.75267,0.65887,0.76547,0.77753,0.58279,1.8473,0.68359,,,0.36915,,0.85719,0.42018,0.36652,0.00065,,,,0.55981,1.46248,,0.02102,0.0,1.71374,0.0,0.70681,0.77753,0
436.01,0.75375,0.65983,0.76537,0.7779,0.5785,1.83249,0.68446,,,0.36446,,0.85778,0.41593,0.36224,0.00064,,,,0.55539,1.46283,,0.0206,0.0,1.71241,0.0,0.70562,0.7779,0
437.01,0.75482,0.66079,0.76527,0.77826,0.5742,1.81724,0.68533,,,0.35979,,0.85836,0.41169,0.35797,0.00063,,,,0.55096,1.46314,,0.02018,0.0,1.71107,0.0,0.70441,0.77826,0
438.01,0.7559,0.66175,0.76515,0.77861,0.56989,1.80155,0.68619,,,0.35514,,0.85894,0.40745,0.35372,0.00063,,,,0.54653,1.46341,,0.01978,0.0,1.70971,0.0,0.70319,0.77861,0
439.01,0.75697,0.6627,0.76502,0.77897,0.56557,1.78542,0.68706,,,0.35052,,0.85952,0.40323,0.34947,0.00062,,,,0.54208,1.46364,,0.0194,0.0,1.70833,0.0,0.70197,0.77897,0
440.01,0.75804,0.66366,0.76488,0.77931,0.56124,1.76884,0.68793,,,0.34591,,0.86009,0.39901,0.34524,0.00061,,,,0.53764,1.46383,,0.01902,0.0,1.70693,0.0,0.70073,0.77931,0
441.01,0.75911,0.66461,0.76474,0.77966,0.5569,1.75181,0.68879,,,0.34133,,0.86066,0.39481,0.34103,0.0006,,,,0.53318,1.46398,,0.01865,0.0,1.70552,0.0,0.69948,0.77966,0
442.01,0.76018,0.66556,0.76458,0.78,0.55256,1.73432,0.68966,,,0.33678,,0.86123,0.39062,0.33682,0.0006,,,,0.52872,1.46409,,0.01829,0.0,1.70408,0.0,0.69822,0.78,0
443.01,0.76125,0.66651,0.76441,0.78034,0.5482,1.71633,0.69052,,,0.33224,,0.8618,0.38644,0.33263,0.00059,,,,0.52426,1.46416,,0.01795,0.0,1.70263,0.0,0.69695,0.78034,0
444.01,0.76232,0.66746,0.76423,0.78068,0.54384,1.69781,0.69138,,,0.32774,,0.86236,0.38227,0.32846,0.00058,,,,0.51979,1.4642,,0.01761,0.0,1.70115,0.0,0.69568,0.78068,0
445.01,0.76339,0.6684,0.76403,0.78101,0.53947,1.67873,0.69223,,,0.32325,,0.86292,0.37811,0.3243,0.00058,,,,0.51531,1.46419,,0.01728,0.0,1.69966,0.0,0.69439,0.78101,0
446.01,0.76446,0.66935,0.76383,0.78134,0.53509,1.65906,0.69309,,,0.3188,,0.86348,0.37397,0.32017,0.00057,,,,0.51084,1.46415,,0.01696,0.0,1.69815,0.0,0.69309,0.78134,0
447.01,0.76552,0.67029,0.76362,0.78166,0.5307,1.63877,0.69394,,,0.31437,,0.86404,0.36984,0.31605,0.00056,,,,0.50636,1.46407,,0.01665,0.0,1.69661,0.0,0.69178,0.78166,0
448.01,0.76659,0.67123,0.76339,0.78198,0.52631,1.61783,0.6948,,,0.30997,,0.86459,0.36572,0.31195,0.00056,,,,0.50187,1.46395,,0.01635,0.0,1.69506,0.0,0.69046,0.78198,0
449.01,0.76765,0.67217,0.76316,0.7823,0.52192,1.59621,0.69565,,,0.30561,,0.86514,0.36162,0.30786,0.00055,,,,0.49739,1.46379,,0.01606,0.0,1.69349,0.0,0.68913,0.7823,0
450.01,0.76871,0.67311,0.76291,0.78261,0.51751,1.57388,0.6965,,,0.30127,,0.86568,0.35753,0.3038,0.00055,,,,0.4929,1.4636,,0.01577,0.0,1.6919,0.0,0.68779,0.78261,0
451.01,0.76977,0.67405,0.76266,0.78292,0.51311,1.55077,0.69734,,,0.29696,,0.86622,0.35345,0.29977,0.00054,,,,0.48841,1.46337,,0.01549,0.0,1.69028,0.0,0.68644,0.78292,0
452.01,0.77083,0.67498,0.76239,0.78323,0.50869,1.52682,0.69819,,,0.29268,,0.86677,0.34939,0.29575,0.00053,,,,0.48392,1.46311,,0.01522,0.0,1.68865,0.0,0.68508,0.78323,0
453.01,0.77189,0.67592,0.76211,0.78353,0.50427,1.50194,0.69903,,,0.28843,,0.8673,0.34535,0.29175,0.00053,,,,0.47943,1.46281,,0.01496,0.0,1.68699,0.0,0.68371,0.78353,0
454.01,0.77295,0.67685,0.76182,0.78383,0.49985,1.47607,0.69987,,,0.28422,,0.86784,0.34132,0.28778,0.00052,,,,0.47494,1.46247,,0.0147,0.0,1.68532,0.0,0.68233,0.78383,0
455.01,0.774,0.67778,0.76152,0.78412,0.49543,1.44911,0.70071,,,0.28004,,0.86837,0.33731,0.28384,0.00051,,,,0.47045,1.46211,,0.01445,0.0,1.68363,0.0,0.68095,0.78412,0
456.01,0.77505,0.67871,0.76121,0.78441,0.491,1.42103,0.70155,,,0.27589,,0.8689,0.33331,0.27991,0.00051,,,,0.46596,1.46171,,0.0142,0.0,1.68191,0.0,0.67955,0.78441,0
457.01,0.77611,0.67963,0.76089,0.7847,0.48658,1.39181,0.70238,,,0.27178,,0.86942,0.32933,0.27602,0.0005,,,,0.46148,1.46128,,0.01396,0.0,1.68017,0.0,0.67814,0.7847,0
458.01,0.77716,0.68056,0.76056,0.78498,0.48214,1.36145,0.70321,,,0.2677,,0.86995,0.32537,0.27214,0.00049,,,,0.45699,1.46081,,0.01372,0.0,1.67842,0.0,0.67672,0.78498,0
459.01,0.77821,0.68148,0.76022,0.78525,0.47771,1.32999,0.70404,,,0.26365,,0.87047,0.32142,0.2683,0.00049,,,,0.45251,1.46032,,0.0135,0.0,1.67664,0.0,0.67529,0.78525,0
460.01,0.77925,0.6824,0.75987,0.78553,0.47328,1.29747,0.70487,,,0.25965,,0.87098,0.3175,0.26448,0.00048,,,,0.44803,1.45979,,0.01327,0.0,1.67484,0.0,0.67385,0.78553,0
461.01,0.7803,0.68333,0.7595,0.7858,0.46885,1.26392,0.70569,,,0.25568,,0.8715,0.31359,0.26069,0.00047,,,,0.44356,1.45923,,0.01305,0.0,1.67302,0.0,0.6724,0.7858,0
462.01,0.78135,0.68424,0.75913,0.78607,0.46442,1.22935,0.70652,,,0.25174,,0.87201,0.3097,0.25693,0.00047,,,,0.43909,1.45865,,0.01284,0.0,1.67118,0.0,0.67095,0.78607,0
463.01,0.78239,0.68516,0.75874,0.78633,0.45999,1.19373,0.70734,,,0.24785,,0.87252,0.30583,0.25319,0.00046,,,,0.43462,1.45804,,0.01263,0.0,1.66932,0.0,0.66948,0.78633,0
464.01,0.78343,0.68607,0.75835,0.78658,0.45555,1.15702,0.70816,,,0.24399,,0.87302,0.30198,0.24949,0.00045,,,,0.43017,1.45739,,0.01242,0.0,1.66743,0.0,0.668,0.78658,0
465.01,0.78447,0.68699,0.75794,0.78684,0.45113,1.11917,0.70897,,,0.24017,,0.87353,0.29815,0.24581,0.00045,,,,0.42571,1.45673,,0.01222,0.0,1.66553,0.0,0.66651,0.78684,0
466.01,0.78551,0.6879,0.75752,0.78709,0.4467,1.0802,0.70978,,,0.23639,,0.87403,0.29434,0.24217,0.00044,,,,0.42127,1.45603,,0.01202,0.0,1.6636,0.0,0.66502,0.78709,0
467.01,0.78654,0.68881,0.75709,0.78733,0.44228,1.04017,0.71059,,,0.23265,,0.87452,0.29055,0.23855,0.00043,,,,0.41683,1.45531,,0.01183,0.0,1.66165,0.0,0.66351,0.78733,0
468.01,0.78758,0.68972,0.75665,0.78757,0.43786,0.99931,0.7114,,,0.22895,,0.87502,0.28678,0.23496,0.00043,,,,0.4124,1.45456,,0.01163,0.0,1.65968,0.0,0.66199,0.78757,0
469.01,0.78861,0.69062,0.7562,0.78781,0.43345,0.95793,0.71221,,,0.22529,,0.87551,0.28304,0.23141,0.00042,,,,0.40797,1.45379,,0.01131,0.0,1.65769,0.0,0.66047,0.78781,0
470.01,0.78964,0.69153,0.75574,0.78804,0.42904,0.9165,0.71301,,,0.22167,,0.876,0.27931,0.22789,0.00041,,,,0.40356,1.453,,0.01075,0.0,1.65568,0.0,0.65893,0.78804,0
471.01,0.79067,0.69243,0.75527,0.78827,0.42463,0.87557,0.71381,,,0.21809,,0.87648,0.27561,0.2244,0.00041,,,,0.39916,1.45218,,0.01,0.0,1.65364,0.0,0.65738,0.78827,0
472.01,0.79169,0.69333,0.75478,0.78849,0.42023,0.83572,0.71461,,,0.21455,,0.87697,0.27193,0.22094,0.0004,,,,0.39476,1.45135,,0.00911,0.0,1.65159,0.0,0.65583,0.78849,0
473.01,0.79272,0.69423,0.75429,0.78871,0.41584,0.79749,0.71541,,,0.21106,,0.87745,0.26827,0.21751,0.00039,,,,0.39038,1.45049,,0.00816,0.0,1.64951,0.0,0.65426,0.78871,0
474.01,0.79374,0.69513,0.75378,0.78893,0.41145,0.76137,0.7162,,,0.2076,,0.87792,0.26463,0.21412,0.00038,,,,0.38601,1.44961,,0.0072,0.0,1.64741,0.0,0.65269,0.78893,0
475.01,0.79476,0.69602,0.75327,0.78914,0.40708,0.72771,0.71699,,,0.20419,,0.8784,0.26102,0.21076,0.00038,,,,0.38165,1.4487,,0.00627,0.0,1.64528,0.0,0.65111,0.78914,0
476.01,0.79578,0.69692,0.75274,0.78935,0.40271,0.69674,0.71778,,,0.20081,,0.87887,0.25744,0.20743,0.00037,,,,0.37731,1.44778,,0.00547,0.0,1.64314,0.0,0.64951,0.78935,0
477.01,0.7968,0.69781,0.75221,0.78955,0.39835,0.66858,0.71856,,,0.19748,,0.87934,0.25387,0.20414,0.00036,,,,0.37297,1.44685,,0.00489,0.0,1.64097,0.0,0.64791,0.78955,0
478.01,0.79781,0.6987,0.75166,0.78974,0.394,0.64323,0.71934,,,0.1942,,0.8798,0.25033,0.20088,0.00036,,,,0.36865,1.44589,,0.00447,0.0,1.63878,0.0,0.6463,0.78974,0
479.01,0.79883,0.69959,0.7511,0.78994,0.38966,0.62061,0.72012,,,0.19095,,0.88027,0.24682,0.19765,0.00034,,,,0.36435,1.44492,,0.00418,0.0,1.63657,0.0,0.64468,0.78994,0
480.01,0.79984,0.70047,0.75053,0.79013,0.38532,0.60057,0.7209,,,0.18775,,0.88073,0.24333,0.19446,0.00031,,,,0.36006,1.44392,,0.00397,0.0,1.63433,0.0,0.64304,0.79013,0
481.01,0.80085,0.70136,0.74995,0.79031,0.38101,0.58293,0.72167,,,0.18459,,0.88118,0.23987,0.1913,0.00026,,,,0.35579,1.44292,,0.0038,0.0,1.63208,0.0,0.6414,0.79031,0
482.01,0.80185,0.70224,0.74936,0.79049,0.3767,0.5675,0.72245,,,0.18147,,0.88164,0.23643,0.18818,0.00021,,,,0.35153,1.4419,,0.00368,0.0,1.62979,0.0,0.63975,0.79049,0
483.01,0.80286,0.70312,0.74875,0.79067,0.3724,0.55405,0.72321,,,0.17839,,0.88209,0.23302,0.18509,0.00017,,,,0.34729,1.44086,,0.00357,0.0,1.62749,0.0,0.63809,0.79067,0
484.01,0.80386,0.704,0.74814,0.79083,0.36812,0.54237,0.72398,,,0.17536,,0.88254,0.22963,0.18204,0.00013,,,,0.34307,1.43981,,0.00348,0.0,1.62517,0.0,0.63642,0.79083,0
485.01,0.80486,0.70488,0.74752,0.791,0.36386,0.53228,0.72474,,,0.17237,,0.88298,0.22627,0.17902,0.0001,,,,0.33886,1.43875,,0.0034,0.0,1.62282,0.0,0.63474,0.791,0
486.01,0.80586,0.70575,0.74688,0.79116,0.3596,0.52356,0.7255,,,0.16942,,0.88343,0.22294,0.17604,7e-05,,,,0.33468,1.43767,,0.00333,0.0,1.62045,0.0,0.63306,0.79116,0
487.01,0.80686,0.70663,0.74624,0.79132,0.35537,0.51607,0.72626,,,0.16652,,0.88387,0.21963,0.17309,6e-05,,,,0.33051,1.43659,,0.00326,0.0,1.61805,0.0,0.63136,0.79132,0
488.01,0.80785,0.7075,0.74558,0.79147,0.35114,0.50962,0.72701,,,0.16366,,0.8843,0.21636,0.17018,5e-05,,,,0.32636,1.43549,,0.0032,0.0,1.61564,0.0,0.62965,0.79147,0
489.01,0.80885,0.70837,0.74491,0.79162,0.34694,0.5041,0.72776,,,0.16084,,0.88474,0.21311,0.1673,4e-05,,,,0.32223,1.43438,,0.00314,0.0,1.6132,0.0,0.62793,0.79162,0
490.01,0.80984,0.70924,0.74423,0.79176,0.34275,0.49936,0.72851,,,0.15806,,0.88517,0.20988,0.16446,4e-05,,,,0.31813,1.43326,,0.00308,0.0,1.61073,0.0,0.62621,0.79176,0
491.01,0.81082,0.7101,0.74355,0.79189,0.33858,0.4953,0.72925,,,0.15532,,0.8856,0.20669,0.16165,3e-05,,,,0.31404,1.43213,,0.00302,0.0,1.60825,0.0,0.62447,0.79189,0
492.01,0.81181,0.71096,0.74285,0.79203,0.33442,0.49182,0.72999,,,0.15263,,0.88602,0.20352,0.15888,3e-05,,,,0.30998,1.43099,,0.00297,0.0,1.60574,0.0,0.62273,0.79203,0
493.01,0.81279,0.71183,0.74213,0.79216,0.33029,0.48884,0.73073,,,0.14998,,0.88644,0.20039,0.15615,3e-05,,,,0.30594,1.42985,,0.00291,0.0,1.60321,0.0,0.62097,0.79216,0
494.01,0.81377,0.71269,0.74141,0.79228,0.32617,0.48627,0.73147,,,0.14736,,0.88686,0.19728,0.15345,3e-05,,,,0.30192,1.4287,,0.00286,0.0,1.60066,0.0,0.61921,0.79228,0
495.01,0.81475,0.71355,0.74068,0.7924,0.32208,0.48406,0.7322,,,0.14479,,0.88728,0.1942,0.15078,3e-05,,,,0.29792,1.42754,,0.00281,0.0,1.59808,0.0,0.61744,0.7924,0
496.01,0.81573,0.7144,0.73994,0.79251,0.318,0.48214,0.73293,,,0.14226,,0.88769,0.19115,0.14815,2e-05,,,,0.29395,1.42637,,0.00276,0.0,1.59548,0.0,0.61566,0.79251,0
497.01,0.81671,0.71526,0.73919,0.79262,0.31394,0.48048,0.73366,,,0.13978,,0.88811,0.18813,0.14556,2e-05,,,,0.29001,1.4252,,0.00271,0.0,1.59286,0.0,0.61387,0.79262,0
498.01,0.81768,0.71611,0.73842,0.79272,0.30991,0.47902,0.73438,,,0.13733,,0.88851,0.18514,0.143,2e-05,,,,0.28609,1.42402,,0.00266,0.0,1.59021,0.0,0.61207,0.79272,0
499.01,0.81865,0.71696,0.73765,0.79282,0.30589,0.47773,0.7351,,,0.13492,,0.88892,0.18218,0.14048,2e-05,,,,0.2822,1.42283,,0.00262,0.0,1.58755,0.0,0.61026,0.79282,0
500.01,0.81962,0.71781,0.73686,0.79291,0.3019,0.47657,0.73582,,,0.13255,,0.88932,0.17925,0.13799,2e-05,,,,0.27833,1.42165,,0.00257,0.0,1.58486,0.0,0.60844,0.79291,0
