time,Muttonpulao_02_hunger,Cholebhature_01_hunger,Curdrice_01_hunger,Lemonrice_01_hunger,Pasta_01_hunger,Masaladosa_01_hunger,Vegetable_Biryani_01_hunger,Rapid_starch_01_hunger,Chickenbreast_01_hunger,Rice_01_hunger,Eggwhite_01_hunger,Paneer_01_hunger,Milk_Chocolate_01_hunger,Peanuts_01_hunger,Curd_01_hunger,Glucose_01_hunger,Biscuit_01_hunger,Glucose_02_hunger,Bread_Meal_01_100_hunger,Chickensandwich_01_hunger,Ghee_01_hunger,Apple_Pineapplesalad_01_hunger,Spinach_01_hunger,Bread_meal_02_hunger,Orange_01_hunger,Omelette_01_hunger,Muttonpulao_01_hunger,Arabinose_01_hunger
1.01,7.34572,7.29952,7.37796,7.42167,7.78566,7.46456,7.32967,7.88451,7.91751,7.81996,7.91742,7.49861,7.90441,7.87049,7.86542,5.76435,7.91697,5.76435,7.77912,7.39284,7.91742,7.63142,7.91134,7.77912,7.81519,7.59618,7.42167,7.91659
2.01,6.79112,6.66396,6.852,6.94245,7.20665,7.10668,6.73064,7.26618,7.91823,7.29748,7.91814,7.01388,7.75156,7.76105,7.72927,5.2199,7.90793,5.21968,7.16416,6.92379,7.91814,7.21427,7.8932,7.16416,7.62952,7.1783,6.94245,7.91657
3.01,6.4191,6.26496,6.50428,6.61695,6.89343,6.93327,6.34201,6.75784,7.91899,6.94583,7.91887,6.74153,7.52649,7.64547,7.6486,4.75784,7.86936,4.74403,6.78579,6.68038,7.91887,6.91197,7.8731,6.78579,7.49186,6.91493,6.61695,7.91668
4.01,6.14274,5.96009,6.20547,6.37192,6.60291,6.82722,6.02053,6.26044,7.91974,6.64147,7.9196,6.57233,7.28287,7.52653,7.62181,4.47767,7.80332,4.44569,6.41763,6.54144,7.9196,6.70865,7.8517,6.41763,7.39151,6.73157,6.37192,7.91709
5.01,5.94755,5.76976,5.91774,6.15186,6.33345,6.71118,5.75707,5.87469,7.92048,6.3632,7.92033,6.49897,7.06721,7.41808,7.62205,4.29222,7.71095,4.2347,6.11924,6.43472,7.92033,6.55663,7.82868,6.11924,7.3066,6.59871,6.15186,7.91765
6.01,5.83683,5.76922,5.67616,5.95622,6.10513,6.62068,5.59983,5.54839,7.92122,6.11261,7.92106,6.46407,6.8953,7.32365,7.61833,4.1272,7.59165,4.02708,5.88363,6.33935,7.92106,6.43635,7.80467,5.88363,7.23349,6.53419,5.95622,7.91821
7.01,5.75894,5.8059,5.49167,5.78568,5.91779,6.56455,5.56595,5.2679,7.92195,5.88808,7.92179,6.4417,6.77092,7.2451,7.60838,3.96536,7.44691,3.81426,5.68922,6.25916,7.92179,6.33982,7.78063,5.68922,7.17172,6.56932,5.78568,7.91874
8.01,5.68706,5.86502,5.37755,5.63645,5.76581,6.52848,5.56933,5.03946,7.92268,5.68423,7.92252,6.42456,6.69082,7.1823,7.59076,3.80988,7.29024,3.6153,5.5231,6.19736,7.92252,6.2614,7.7575,5.5231,7.12045,6.6308,5.63645,7.9193
9.01,5.63031,5.93612,5.32697,5.51316,5.63935,6.49889,5.58727,4.85682,7.92341,5.49643,7.92325,6.40926,6.64811,7.13269,7.56464,3.66796,7.12579,3.44862,5.3781,6.15106,7.92325,6.19761,7.73611,5.3781,7.07448,6.67292,5.51316,7.91983
10.01,5.58933,5.99141,5.30396,5.41748,5.53235,6.47238,5.62883,4.70865,7.92414,5.32227,7.92397,6.39352,6.63083,7.09332,7.53995,3.54509,6.95444,3.31741,5.25217,6.11691,7.92397,6.14631,7.71725,5.25217,7.03491,6.68844,5.41748,7.92027
11.01,5.56262,6.02434,5.32785,5.3291,5.44153,6.45004,5.6853,4.58475,7.92486,5.16185,7.92469,6.37615,6.62842,7.06059,7.51861,3.44302,6.77592,3.21189,5.14368,6.09082,7.92469,6.10634,7.70071,5.14368,7.00238,6.68329,5.3291,7.92058
12.01,5.54678,6.03259,5.37861,5.24514,5.36678,6.43309,5.74541,4.47767,7.92557,5.01398,7.92541,6.35724,6.63255,7.03122,7.49896,3.3602,6.59699,3.12011,5.05242,6.06909,7.92541,6.07701,7.68623,5.05242,6.97703,6.66641,5.24514,7.92093
13.01,5.53612,6.01324,5.43636,5.17015,5.3076,6.42147,5.78944,4.37947,7.92629,4.87678,7.92612,6.33769,6.6382,7.00312,7.48087,3.29335,6.41974,3.03404,4.97672,6.04939,7.92612,6.05761,7.67372,4.97672,6.9585,6.64613,5.17015,7.92122
14.01,5.52454,5.97115,5.49804,5.10534,5.2621,6.4137,5.80193,4.28624,7.92699,4.74824,7.92683,6.31859,6.64173,6.97532,7.46401,3.23988,6.24337,2.94991,4.91458,6.03061,7.92683,6.0473,7.66325,4.91458,6.94563,6.62716,5.10534,7.92149
15.01,5.50917,5.92052,5.56683,5.05182,5.22894,6.40775,5.78994,4.20234,7.9277,4.62827,7.92754,6.3009,6.64192,6.94744,7.44812,4.38263,6.07148,2.86681,4.8654,6.01245,7.92754,6.04496,7.65474,4.8654,6.93726,6.61102,5.05182,7.92177
16.01,5.49189,5.87385,5.64127,5.01114,5.20817,6.40203,5.76854,4.12327,7.92839,4.51705,7.92824,6.28541,6.64076,6.91939,7.4333,4.3478,5.90543,2.78532,4.82838,5.99506,7.92824,6.04914,7.6477,4.82838,6.93307,6.59786,5.01114,7.92201
17.01,5.47644,5.83676,5.70852,4.98511,5.19826,6.39581,5.74759,4.0481,7.92909,4.41491,7.92893,6.27276,6.64081,6.89151,7.41988,4.24689,5.74404,2.70672,4.80236,5.9789,7.92893,6.05818,7.64167,4.80236,6.93323,6.58745,4.98511,7.9222
18.01,5.46675,5.81092,5.75397,4.97547,5.19757,6.38929,5.73198,3.97348,7.92977,4.32239,7.92962,6.26342,6.64259,6.8642,7.40894,3.13554,5.58769,3.10392,4.78626,5.96462,7.92962,6.07041,7.63647,4.78626,6.93786,6.57936,4.97547,7.92238
19.01,5.46564,5.79685,5.77929,4.98393,5.20439,6.38325,5.72389,3.89984,7.93045,4.24031,7.9303,6.2574,6.64515,6.83811,7.40215,3.11252,5.43749,3.4255,4.77873,5.95299,7.9303,6.0844,7.63206,4.77873,6.94718,6.57298,4.98393,7.92255
20.01,5.47469,5.79488,5.79242,5.01178,5.21728,6.37887,5.72378,3.84402,7.93113,4.16976,7.93098,6.2538,6.64694,6.81405,7.40181,,5.29336,2.86854,4.77918,5.94484,7.93098,6.0989,7.62852,4.77918,6.96182,6.56765,5.01178,7.9227
21.01,5.49359,5.80438,5.79749,5.05852,5.23448,6.37703,5.73015,3.79568,7.9318,4.11205,7.93165,6.25048,6.64597,6.79215,7.40892,,5.15367,2.73787,4.78646,5.94034,7.93165,6.11282,7.62587,4.78646,6.98209,6.5626,5.05852,7.92287
22.01,5.51902,5.82288,5.79664,5.11922,5.2539,6.37721,5.73989,3.7504,7.93246,4.06809,7.93232,6.24425,6.64116,6.77074,7.41916,,5.01885,2.40582,4.79968,5.93756,7.93232,6.12535,7.62392,4.79968,7.0057,6.55706,5.11922,7.92306
23.01,5.5378,5.83872,5.79035,5.18259,5.27399,6.37915,5.74675,3.70209,7.93312,4.03583,7.93298,6.23334,6.63182,6.74853,7.43065,,4.88977,3.55207,4.81785,5.93555,7.93298,6.13584,7.62249,4.81801,7.0315,6.55055,5.18259,7.92323
24.01,5.53212,5.83303,5.77862,5.23565,5.29367,6.382,5.7447,3.65123,7.93377,4.00911,7.93363,6.22086,6.61784,6.72355,7.44047,,4.76567,2.45944,4.83958,5.93287,7.93363,6.14394,7.62142,4.8412,7.05752,6.54271,5.23565,7.92338
25.01,5.52268,5.81763,5.76218,5.27197,5.31159,6.38434,5.73147,3.60268,7.93442,3.98204,7.93428,6.21307,6.59989,6.69331,7.44497,,4.64623,2.51883,4.86561,5.92773,7.93428,6.1496,7.62046,4.86884,7.08067,6.53316,5.27197,7.92354
26.01,5.53115,5.80988,5.74458,5.2925,5.3268,6.38432,5.7089,3.56156,7.93507,3.95395,7.93493,6.20865,6.57971,6.6555,7.43915,,4.53287,3.48571,4.89832,5.91802,7.93493,6.15301,7.61929,4.89987,7.09592,6.52199,5.2925,7.92372
27.01,5.53147,5.79253,5.72949,5.30547,5.34062,6.38345,5.68482,3.51438,7.9357,3.92587,7.93557,6.20307,6.55911,6.6146,7.42941,,4.42448,2.29444,4.93812,5.90675,7.93557,6.15431,7.61825,4.93215,7.10846,6.51108,5.30547,7.92382
28.01,5.51889,5.76442,5.71697,5.31493,5.35569,6.38249,5.66198,3.46571,7.93634,3.89878,7.9362,6.19572,6.53879,6.57248,7.41916,,4.31973,3.48383,4.98437,5.89532,7.9362,6.15381,7.61749,4.96325,7.12101,6.50098,5.31493,7.92386
29.01,5.49909,5.73241,5.70692,5.32328,5.37461,6.38147,5.64192,3.41474,7.93697,3.8737,7.93683,6.18691,6.51928,6.5294,7.40862,,4.21847,3.50199,5.03645,5.88382,7.93683,6.15193,7.61703,4.99231,7.13351,6.4918,5.32328,7.92388
30.01,5.47872,5.70264,5.69924,5.3325,5.39846,6.38053,5.62562,3.36376,7.93759,3.85158,7.93746,6.17748,6.50085,6.48587,7.39797,,4.11979,3.50476,5.09305,5.87231,7.93746,6.14903,7.61685,5.0183,7.146,6.48364,5.3325,7.92387
31.01,5.46183,5.67829,5.6938,5.34404,5.42677,6.37986,5.61364,3.32104,7.93821,3.83348,7.93808,6.16841,6.48368,6.44275,7.38745,,4.02321,4.22939,5.15282,5.86092,7.93808,6.14542,7.61699,5.03982,7.1586,6.47656,5.34404,7.92383
32.01,5.45036,5.66051,5.69054,5.35863,5.45731,6.37962,5.60617,3.28393,7.93882,3.8207,7.93869,6.16055,6.46779,6.40127,7.37734,,3.93012,4.58047,5.21496,5.84981,7.93869,6.14136,7.61742,5.05764,7.17147,6.47057,5.35863,7.92376
33.01,5.44496,5.64955,5.68934,5.37636,5.48678,6.3799,5.60337,3.25079,7.93943,3.81467,7.9393,6.15454,6.45302,6.36299,7.36814,,3.8418,4.39805,5.27959,5.83924,7.9393,6.13709,7.61815,5.07185,7.18487,6.46565,5.37636,7.92369
34.01,5.44598,5.64552,5.69004,5.39687,5.51218,6.38078,5.60538,3.22055,7.94003,3.81671,7.9399,6.15073,6.43915,6.32983,7.36046,,3.75911,4.27574,5.34663,5.82956,7.9399,6.13274,7.61921,5.0826,7.1993,6.4618,5.39687,7.92361
35.01,5.45388,5.64875,5.69237,5.41959,5.53163,6.38228,5.61234,3.19802,7.94062,3.82797,7.9405,6.14912,6.42589,6.30371,7.3551,,3.68241,4.19163,5.41363,5.8212,7.9405,6.12844,7.62062,5.08951,7.21516,6.45896,5.41959,7.92353
36.01,5.46929,5.65978,5.6959,5.44369,5.5444,6.38447,5.62421,3.18504,7.94122,3.84917,7.94109,6.14924,6.41281,6.28617,7.35318,,3.61175,4.11173,5.47347,5.81477,7.94109,6.12426,7.62237,5.09223,7.23309,6.457,5.44369,7.92344
37.01,5.49274,5.679,5.69995,5.46797,5.5504,6.38754,5.64034,3.18248,7.9418,3.88006,7.94168,6.15011,6.3993,6.27776,7.35616,,3.54725,4.02743,5.51797,5.81098,7.94168,6.12028,7.62453,5.09098,7.25413,6.45573,5.46797,7.92332
38.01,5.52326,5.70533,5.70365,5.49064,5.54991,6.39153,5.65876,3.19389,7.94238,3.91933,7.94226,6.1503,6.3848,6.27619,7.36448,,3.48896,3.94332,5.54342,5.81005,7.94226,6.11654,7.62709,5.08549,7.27861,6.45479,5.49064,7.92317
39.01,5.55658,5.7348,5.70671,5.50974,5.54413,6.39562,5.67664,3.21017,7.94295,3.96602,7.94283,6.14849,6.36938,6.2759,7.37461,,3.43645,3.86428,5.55192,5.81044,7.94283,6.11315,7.62989,5.07592,7.30392,6.45367,5.50974,7.92307
40.01,5.5795,5.75619,5.70824,5.52329,5.53387,6.39961,5.68948,3.22793,7.94352,4.01914,7.9434,6.14497,6.35291,6.27206,7.38536,,3.38852,2.30323,5.5469,5.8115,7.9434,6.11012,7.63284,5.06218,7.32915,6.45199,5.52329,7.92297
41.01,5.5814,5.76083,5.70746,5.52944,5.52016,6.40319,5.69276,3.25251,7.94408,4.07834,7.94396,6.14183,6.33556,6.26075,7.39474,,3.34398,3.5528,5.53199,5.81214,7.94396,6.10746,7.63584,5.04542,7.35271,6.44938,5.52944,7.92287
42.01,5.58324,5.75817,5.70428,5.52751,5.5044,6.40576,5.68405,3.2943,7.94463,4.14172,7.94452,6.14042,6.31795,6.24073,7.39993,,3.30173,3.55468,5.51106,5.81076,7.94452,6.10522,7.63875,5.02684,7.37227,6.44556,5.52751,7.92279
43.01,5.58322,5.74478,5.70065,5.52001,5.48849,6.40628,5.66713,3.18209,7.94517,4.20006,7.94507,6.13853,6.30138,6.2116,7.3967,,3.26213,3.54019,5.48842,5.80522,7.94507,6.10345,7.64133,5.00806,7.38421,6.44064,5.52001,7.92272
44.01,5.56821,5.72157,5.69816,5.51296,5.47259,6.40632,5.65105,3.11912,7.94571,4.24138,7.94561,6.13521,6.28625,6.1781,7.39041,,3.22431,3.5176,5.46632,5.79825,7.94561,6.10204,7.64382,4.98895,7.39331,6.43603,5.51296,7.92258
45.01,5.54577,5.6962,5.69645,5.50754,5.45666,6.40663,5.63773,3.05046,7.94625,4.26372,7.94614,6.13103,6.2724,6.14181,7.38388,,3.1874,3.49749,5.44489,5.79119,7.94614,6.10089,7.64635,4.96911,7.40207,6.4321,5.50754,7.92235
46.01,5.52316,5.67347,5.69533,5.50384,5.44105,6.40721,5.62763,2.96376,7.94677,4.27513,7.94667,6.12654,6.2598,6.10326,7.37727,,3.1513,3.49184,5.42432,5.78405,7.94667,6.10004,7.64899,4.94822,7.41072,6.42885,5.50384,7.92209
47.01,5.50435,5.65559,5.69468,5.50189,5.4259,6.40801,5.62087,2.87704,7.94729,4.28167,7.94719,6.1223,6.24833,6.06392,7.37067,,3.11663,3.52015,5.40473,5.77684,7.94719,6.09947,7.65175,4.927,7.41923,6.4263,5.50189,7.92183
48.01,5.49085,5.64319,5.69441,5.50175,5.41131,6.40896,5.61742,2.79485,7.9478,4.2863,7.9477,6.1188,6.23787,6.02594,7.36429,,3.08401,,5.38621,5.7696,7.9477,6.09915,7.65461,4.90718,7.42763,6.42443,5.50175,7.92156
49.01,5.48307,5.63628,5.69451,5.50353,5.39742,6.41,5.61723,2.69868,7.9483,4.29077,7.9482,6.11639,6.22835,5.99176,7.35832,,3.05368,,5.36883,5.76239,7.9482,6.09906,7.65755,4.88956,7.43611,6.42328,5.50353,7.92128
50.01,5.48108,5.63483,5.69499,5.50732,5.38428,6.41115,5.6203,2.62364,7.94879,4.29626,7.9487,6.11523,6.21964,5.9637,7.3531,,3.02552,,5.35257,5.75541,7.9487,6.09919,7.66057,4.8744,7.44488,6.42284,5.50732,7.92098
51.01,5.48502,5.6389,5.69591,5.51322,5.37188,6.41257,5.62666,2.5477,7.94928,4.30357,7.94918,6.11536,6.21158,5.94362,7.34904,,2.99936,,5.3374,5.74894,7.94918,6.09956,7.66368,4.86162,7.4542,6.42306,5.51322,7.92007
52.01,5.49524,5.64878,5.69725,5.52125,5.36008,6.41435,5.63626,2.47547,7.94975,4.31318,7.94966,6.11663,6.20391,5.93262,7.34674,,2.97627,,5.32312,5.74341,7.94966,6.10024,7.66689,4.85093,7.46449,6.42382,5.52125,7.91937
53.01,5.51231,5.66486,5.69889,5.53125,5.3486,6.41659,5.64884,2.40824,7.95022,4.32496,7.95013,6.11865,6.19623,5.9311,7.34703,,2.95656,,5.30947,5.73935,7.95013,6.10122,7.67024,4.84182,7.47633,6.425,5.53125,7.91874
54.01,5.5364,5.68702,5.7005,5.54275,5.33702,6.41957,5.66352,2.34594,7.95068,4.33765,7.95059,6.12084,6.18804,5.93814,7.351,,2.93957,,5.29592,5.73743,7.95059,6.10245,7.67377,4.83356,7.49014,6.42646,5.54275,7.91812
55.01,5.56593,5.7135,5.7017,5.55472,5.3249,6.42339,5.67848,2.27361,7.95113,4.34877,7.95105,6.12254,6.1789,5.9503,7.35899,,2.92294,,5.28202,5.73788,7.95105,6.10387,7.67743,4.8256,7.50584,6.42799,5.55472,7.9175
56.01,5.59617,5.74021,5.7027,5.566,5.31264,6.42742,5.69165,2.25122,7.95157,4.35601,7.95149,6.12321,6.16904,5.96169,7.36829,,2.90561,,5.26814,5.73933,7.95149,6.1055,7.68114,4.81798,7.52161,6.42929,5.566,7.91693
57.01,5.61688,5.75934,5.70311,5.575,5.30023,6.43148,5.69985,3.09172,7.952,4.35716,7.95192,6.12311,6.15845,5.96823,7.37797,,2.88762,,5.25432,5.74123,7.95192,6.10727,7.68484,4.81031,7.53686,6.4301,5.575,7.91637
58.01,5.62311,5.76567,5.7026,5.58008,5.28786,6.43523,5.69989,3.1364,7.95243,4.35081,7.95235,6.1229,6.14734,5.96732,7.38658,,2.86735,,5.2408,5.74265,7.95235,6.10914,7.68847,4.80254,7.55066,6.43014,5.58008,7.91583
59.01,5.62089,5.75841,5.70128,5.58058,5.27597,6.43809,5.69065,3.12003,7.95284,4.33766,7.95277,6.12251,6.13621,5.95812,7.39203,,2.84574,,5.22811,5.74214,7.95277,6.11108,7.69196,4.79503,7.56171,6.42917,5.58058,7.91534
60.01,5.605,5.73752,5.70048,5.57818,5.26564,6.4391,5.6765,2.51106,7.95324,4.32189,7.95317,6.12072,6.12611,5.93997,7.39107,,2.82616,,5.21743,5.73761,7.95317,6.11305,7.69519,4.78881,7.56827,6.42731,5.57818,7.9149
61.01,5.58174,5.71413,5.70051,5.57648,5.25663,6.43954,5.66455,1.82838,7.95364,4.30955,7.95357,6.118,6.11705,5.91837,7.38782,,2.81606,,5.20852,5.73165,7.95357,6.115,7.69828,4.78365,7.57327,6.42557,5.57648,7.9144
62.01,5.55867,5.69338,5.70086,5.57583,5.24854,6.43997,5.65561,2.9026,7.95403,4.30147,7.95396,6.115,6.10876,5.89579,7.38443,,2.81887,,5.20092,5.72552,7.95396,6.11693,7.70128,4.77914,7.5781,6.42426,5.57583,7.91382
63.01,5.53941,5.6771,5.70139,5.57608,5.24145,6.44036,5.64958,2.82981,7.9544,4.29766,7.95434,6.11207,6.10126,5.87333,7.38107,,2.83185,,5.19462,5.71925,7.95434,6.1189,7.70427,4.77527,7.5828,6.42343,5.57608,7.91324
64.01,5.52532,5.6658,5.702,5.57708,5.23532,6.44072,5.64627,2.77296,7.95477,4.29824,7.95471,6.10949,6.09453,5.85237,7.37781,,2.85212,,5.18956,5.71287,7.95471,6.12093,7.70723,4.77193,7.58746,6.42307,5.57708,7.91265
65.01,5.51668,5.65942,5.70264,5.57875,5.23015,6.44106,5.64543,2.72182,7.95513,4.30334,7.95507,6.10751,6.08854,5.83431,7.37474,,2.87247,,5.18567,5.70644,7.95507,6.12305,7.71017,4.7691,7.59219,6.42312,5.57875,7.91206
66.01,5.51335,5.65769,5.7033,5.58108,5.22583,6.44141,5.64688,2.67372,7.95547,4.31312,7.95542,6.10631,6.08318,5.82042,7.37205,,2.8925,,5.18285,5.7001,7.95542,6.12526,7.71309,4.76673,7.59709,6.42353,5.58108,7.91148
67.01,5.51524,5.66047,5.70402,5.5841,5.22221,6.4419,5.65051,2.62811,7.95581,4.32766,7.95576,6.106,6.07833,5.81179,7.36994,,2.91607,,5.18095,5.69405,7.95576,6.12758,7.716,4.76471,7.60225,6.4243,5.5841,7.91092
68.01,5.5224,5.66776,5.7048,5.58788,5.21912,6.4426,5.65623,2.58541,7.95614,4.34695,7.95609,6.10655,6.07382,5.80922,7.36871,,2.94395,,5.17975,5.68852,7.95609,6.13,7.71892,4.76289,7.60777,6.4254,5.58788,7.91038
69.01,5.53507,5.67971,5.70564,5.59247,5.21638,6.44364,5.6639,2.54687,7.95646,4.37069,7.95641,6.10781,6.06946,5.81311,7.36876,,2.98212,,5.17888,5.6839,7.95641,6.13254,7.72183,4.76103,7.61386,6.42681,5.59247,7.90984
70.01,5.5535,5.69636,5.70646,5.59781,5.21367,6.4452,5.67317,2.51453,7.95677,4.39799,7.95672,6.10951,6.06495,5.82338,7.37073,,3.03091,,5.17802,5.68066,7.95672,6.1352,7.72473,4.75877,7.62075,6.42849,5.59781,7.9093
71.01,5.57728,5.71707,5.70706,5.60365,5.21043,6.44751,5.68324,2.49143,10.0,4.42701,10.0,6.11129,6.0599,5.8391,7.37543,,3.09027,,5.17662,5.67941,10.0,6.138,7.72766,4.75556,7.62867,6.43032,5.60365,10.0
72.01,5.60415,5.73963,5.70721,5.60942,5.20615,6.45064,5.69265,2.48343,,4.45458,,6.11281,6.05397,5.85772,7.38304,,3.17408,,5.17408,5.68036,,6.14096,7.73061,4.75089,7.63752,6.4321,5.60942,10.0
73.01,5.62987,5.76063,5.70736,5.61472,5.20095,6.45403,5.70017,2.50172,,4.47772,,6.11373,6.04742,5.87508,7.39157,,3.26745,,5.17052,5.68223,,6.14412,7.73357,4.74499,7.64635,6.4336,5.61472,10.0
74.01,5.64782,5.77485,5.70735,5.61882,5.19467,6.45745,5.70386,1.37766,,4.49355,,6.11416,6.04023,5.88873,7.40031,,3.36257,,5.16582,5.68451,,6.14742,7.73648,4.73776,7.65479,6.43463,5.61882,10.0
75.01,5.65381,5.77771,5.70709,5.62093,5.18748,6.46056,5.70198,2.58021,,4.50011,,6.11426,6.03262,5.89681,7.40821,,3.409,,5.1601,5.68629,,6.15084,7.73931,4.72936,7.6624,6.435,5.62093,10.0
76.01,5.64611,5.76685,5.70679,5.62071,5.17999,6.46279,5.69423,2.58475,,4.49784,,6.11369,6.02509,5.8981,7.41379,,3.41967,,5.15391,5.68621,,6.15434,7.74202,4.7204,7.66861,6.4346,5.62071,10.0
77.01,5.62611,5.74659,5.70748,5.61927,5.1735,6.46328,5.68406,2.61109,,4.49136,,6.11169,6.01867,5.89171,7.41468,,3.42095,,5.1486,5.68228,,6.15789,7.74456,4.7122,7.67256,6.43356,5.61927,10.0
78.01,5.60514,5.72782,5.70869,5.61844,5.16813,6.46318,5.6762,2.6353,,4.48792,,6.10911,6.01319,5.88285,7.41391,,3.39488,,5.14433,5.67699,,6.16145,7.74696,4.70499,7.67574,6.43264,5.61844,7.94156
79.01,5.58738,5.71294,5.70988,5.6182,5.16361,6.46306,5.67083,2.62444,,4.48873,,6.10647,6.00833,5.87371,7.4131,,3.30905,,5.14081,5.6716,,6.16505,7.74925,4.69857,7.67888,6.43199,5.6182,7.94182
80.01,5.57411,5.70239,5.71099,5.6184,5.15992,6.46297,5.66771,2.56604,,4.49384,,6.10402,6.00408,5.86492,7.41236,,2.91694,,5.13802,5.66614,,6.16876,7.75151,4.69297,7.68205,6.43166,5.6184,7.94207
81.01,5.56563,5.69607,5.71197,5.61893,5.157,6.46293,5.66656,2.49548,,4.50323,,6.10196,6.00039,5.85724,7.41173,,3.21781,,5.13591,5.66064,,6.17257,7.75374,4.68821,7.68526,6.43163,5.61893,7.94229
82.01,5.56185,5.69373,5.71281,5.61975,5.15486,6.46297,5.66716,2.43113,,4.51694,,6.10043,5.99722,5.85147,7.41125,,3.9296,,5.1344,5.65517,,6.17647,7.75593,4.68424,7.68851,6.43191,5.61975,7.9425
83.01,5.56258,5.69514,5.71349,5.62087,5.15348,6.46313,5.66933,2.37345,,4.53498,,6.09952,5.99452,5.84848,7.41104,,3.43838,,5.13341,5.64986,,6.18046,7.75808,4.68098,7.69186,6.43252,5.62087,7.94271
84.01,5.56772,5.70013,5.71406,5.62231,5.15275,6.46352,5.67293,2.32053,,4.55729,,6.09924,5.99222,5.849,7.41126,,3.44295,,5.13289,5.64488,,6.18455,7.76019,4.67836,7.69536,6.43344,5.62231,7.94289
85.01,5.57722,5.70862,5.71454,5.62416,5.15249,6.46422,5.67782,1.17614,,4.58376,,6.09957,5.99017,5.8535,7.41215,,3.43811,,5.13265,5.64047,,6.18876,7.76227,4.67628,7.69908,6.43462,5.62416,7.94303
86.01,5.59112,5.72052,5.71494,5.62644,5.1524,6.46537,5.68382,2.2239,,4.61408,,6.10039,5.98816,5.86236,7.41402,,3.43479,,5.13246,5.63698,,6.19309,7.76434,4.67452,7.70309,6.436,5.62644,7.94306
87.01,5.60931,5.73559,5.71519,5.62915,5.1521,6.46709,5.69058,2.17624,,4.64731,,6.10153,5.98589,5.87552,7.41724,,2.56586,,5.1319,5.63483,,6.19752,7.76639,4.67269,7.70748,6.43752,5.62915,7.9431
88.01,5.63094,5.75289,5.71513,5.63211,5.15096,6.46955,5.69746,2.13288,,4.6815,,6.1028,5.98301,5.89237,7.4223,,2.56958,,5.1304,5.63454,,6.20208,7.76844,4.67023,7.71232,6.43911,5.63211,7.94317
89.01,5.65364,5.77037,5.71462,5.635,5.14851,6.47274,5.70342,2.0918,,4.71327,,6.104,5.97924,5.91104,7.42933,,2.15056,,5.12747,5.63629,,6.20677,7.77047,4.66652,7.71757,6.44064,5.635,7.94317
90.01,5.67409,5.78544,5.7142,5.63776,5.14497,6.47614,5.70783,2.05243,,4.7396,,6.10476,5.97493,5.92828,7.43694,,3.24603,,5.1234,5.63886,,6.2116,7.7725,4.66158,7.72276,6.44195,5.63776,7.94325
91.01,5.68769,5.79438,5.71385,5.63997,5.14024,6.47952,5.70946,2.01453,,4.75782,,6.10503,5.97014,5.9423,7.44462,,3.09137,,5.11821,5.64179,,6.21653,7.77451,4.65533,7.72776,6.44291,5.63997,7.94332
92.01,5.69043,5.7937,5.7136,5.64121,5.1345,6.48258,5.70727,1.97793,,4.76641,,6.10476,5.96509,5.95155,7.45172,,,,5.11215,5.64426,,6.22154,7.77647,4.64795,7.73237,6.44334,5.64121,7.94334
93.01,5.68036,5.78229,5.71374,5.64133,5.12835,6.48485,5.70135,1.94255,,4.76628,,6.10362,5.96025,5.95496,7.45721,,,,5.10588,5.64501,,6.22659,7.77836,4.64001,7.73633,6.44316,5.64133,7.9433
94.01,5.66181,5.76512,5.71513,5.6411,5.12311,6.48562,5.6943,1.9083,,4.76205,,6.10111,5.95656,5.95174,7.4595,,,,5.10059,5.64211,,6.23161,7.78016,4.63287,7.73919,6.44248,5.6411,7.94327
95.01,5.6448,5.75057,5.71689,5.64124,5.11898,6.4859,5.68918,1.81631,,4.76061,,6.09814,5.95366,5.94647,7.46063,,,,5.09626,5.63796,,6.23659,7.78186,4.62694,7.74166,6.44187,5.64124,7.94319
96.01,5.63155,5.73977,5.71844,5.64155,5.11572,6.48622,5.68596,1.85012,,4.76289,,6.09521,5.95119,5.9411,7.46169,,,,5.09264,5.63376,,6.24156,7.78348,4.622,7.74409,6.4415,5.64155,7.94311
97.01,5.62241,5.73265,5.71977,5.64195,5.11335,6.48663,5.68439,1.81493,,4.76898,,6.09246,5.94921,5.93609,7.46279,,,,5.08975,5.62954,,6.24658,7.78506,4.61803,7.74655,6.44141,5.64195,7.94303
98.01,5.61733,5.72896,5.72087,5.64237,5.11184,6.4872,5.68421,1.78384,,4.77889,,6.09003,5.94769,5.93191,7.46397,,,,5.08758,5.62528,,6.25167,7.78661,4.61503,7.74902,6.44159,5.64237,7.94291
99.01,5.6161,5.72839,5.72175,5.6428,5.11108,6.48796,5.68522,1.75504,,4.79267,,6.08802,5.94658,5.92922,7.46533,,,,5.08607,5.62104,,6.25684,7.78814,4.61299,7.75152,6.44201,5.6428,7.94277
100.01,5.61853,5.7307,5.72245,5.64327,5.11094,6.48901,5.68728,1.72809,,4.81029,,6.08653,5.94579,5.92873,7.46692,,,,5.08511,5.61691,,6.26208,7.78964,4.61185,7.75406,6.44265,5.64327,7.94264
101.01,5.62448,5.7357,5.72298,5.64384,5.11128,6.49042,5.69026,1.70287,,4.83172,,6.08558,5.94523,5.9311,7.4688,,,,5.08458,5.61304,,6.26738,7.79112,4.61148,7.75668,6.44352,5.64384,7.94252
102.01,5.63388,5.74326,5.72334,5.64458,5.11198,6.49221,5.69404,1.43166,,4.85675,,6.08513,5.94478,5.93687,7.47109,,,,5.08424,5.60968,,6.27275,7.79257,4.61171,7.75939,6.44459,5.64458,7.94239
103.01,5.64662,5.7532,5.72352,5.64555,5.1128,6.49449,5.69847,1.66269,,4.88489,,6.08509,5.94428,5.94638,7.47399,,,,5.08392,5.60713,,6.2782,7.79401,4.61226,7.76221,6.44584,5.64555,7.94225
104.01,5.66234,5.76513,5.72347,5.64675,5.11339,6.49734,5.70328,1.6382,,4.91518,,6.08532,5.94352,5.9596,7.47775,,,,5.08331,5.60578,,6.28373,7.79543,4.61268,7.76517,6.44723,5.64675,7.9421
105.01,5.67996,5.77805,5.72303,5.64805,5.11323,6.50092,5.70786,1.61871,,4.94578,,6.08572,5.94216,5.97602,7.48273,,,,5.08194,5.60611,,6.2894,7.79683,4.6124,7.76832,6.44866,5.64805,7.94195
106.01,5.69729,5.79024,5.72215,5.64928,5.11174,6.50521,5.7115,1.60182,,4.97379,,6.08612,5.93992,5.99407,7.48901,,,,5.07936,5.60827,,6.29519,7.79823,4.61077,7.77165,6.44999,5.64928,7.9418
107.01,5.71185,5.79995,5.72142,5.6506,5.10913,6.50972,5.71392,0.44401,,4.99665,,6.08626,5.93718,6.01102,7.49564,,,,5.07588,5.61112,,6.30111,7.79964,4.60785,7.77496,6.45112,5.6506,7.94167
108.01,5.72028,5.80469,5.72084,5.6518,5.10538,6.51421,5.71439,1.58504,,5.01222,,6.08606,5.93398,6.02538,7.50224,,,,5.0715,5.61418,,6.30709,7.80104,4.60348,7.77814,6.45192,5.6518,7.94155
109.01,5.71957,5.80222,5.72053,5.65264,5.10077,6.51838,5.71233,1.56357,,5.01928,,6.08538,5.93057,6.03585,7.50839,,,,5.06646,5.61672,,6.31309,7.80241,4.59779,7.78113,6.4523,5.65264,7.94142
110.01,5.70881,5.79221,5.72078,5.65309,5.09595,6.52179,5.70793,1.55093,,5.01872,,6.08385,5.92744,6.04136,7.51346,,,,5.06142,5.61756,,6.31906,7.80375,4.59137,7.78379,6.45224,5.65309,7.94129
111.01,5.6926,5.7788,5.7224,5.65377,5.09215,6.52379,5.70319,1.54124,,5.01486,,6.08111,5.92554,6.04107,7.51648,,,,5.05755,5.61494,,6.32491,7.80505,4.58558,7.78595,6.45183,5.65377,7.94118
112.01,5.67874,5.76799,5.72433,5.65466,5.08942,6.52533,5.70001,,,5.01379,,6.07808,5.92438,6.03907,7.51875,,,,5.05468,5.61119,,6.3307,7.80628,4.58097,7.7879,6.4515,5.65466,7.94103
113.01,5.66841,5.76033,5.72601,5.65547,5.08741,6.52687,5.69818,,,5.01634,,6.07521,5.92354,6.0371,7.52098,,,,5.05243,5.60744,,6.33647,7.80742,4.57735,7.78979,6.45133,5.65547,7.94084
114.01,5.6616,5.7556,5.72746,5.65615,5.08607,6.52844,5.69753,,,5.02244,,6.07264,5.92304,6.03563,7.52324,,,,5.0508,5.60373,,6.34229,7.80854,4.57473,7.79166,6.45139,5.65615,7.94065
115.01,5.65813,5.75354,5.72867,5.6567,5.08541,6.53,5.69786,,,5.03202,,6.07047,5.92287,6.03517,7.52554,,,,5.04972,5.60008,,6.34815,7.80964,4.57305,7.79352,6.45166,5.6567,7.94046
116.01,5.6578,5.7539,5.72963,5.65711,5.08539,6.53156,5.69901,,,5.04498,,6.06873,5.92299,6.0363,7.52794,,,,5.04912,5.59656,,6.35404,7.81072,4.57222,7.79538,6.45217,5.65711,7.94025
117.01,5.66043,5.75647,5.73038,5.65744,5.08593,6.53315,5.70088,,,5.06117,,6.06746,5.92337,6.03958,7.53047,,,,5.04895,5.59328,,6.35999,7.81178,4.57216,7.79724,6.45291,5.65744,7.94003
118.01,5.66582,5.76107,5.73093,5.65773,5.08689,6.53478,5.70334,,,5.08044,,6.06666,5.92393,6.04544,7.5332,,,,5.04911,5.59038,,6.36602,7.81282,4.57278,7.79911,6.45384,5.65773,7.93981
119.01,5.67386,5.76751,5.73128,5.65805,5.0881,6.53651,5.70629,,,5.1026,,6.06631,5.92454,6.05428,7.53622,,,,5.04948,5.58807,,6.37212,7.81385,4.57392,7.801,6.45493,5.65805,7.93959
120.01,5.68432,5.77556,5.73144,5.65846,5.0893,6.53839,5.70957,,,5.12711,,6.06633,5.92502,6.06633,7.5396,,,,5.04979,5.58659,,6.3783,7.81486,4.57532,7.80292,6.45614,5.65846,7.93936
121.01,5.69678,5.78481,5.73132,5.65895,5.09006,6.54049,5.71296,,,5.15295,,6.06667,5.92516,6.08155,7.54347,,,,5.04969,5.58624,,6.38457,7.81585,4.57655,7.80489,6.45743,5.65895,7.93914
122.01,5.71022,5.7944,5.73074,5.65944,5.08999,6.54291,5.71602,,,5.17833,,6.06725,5.92465,6.09949,7.54803,,,,5.04877,5.58744,,6.39095,7.81682,4.57702,7.80691,6.45874,5.65944,7.9389
123.01,5.72283,5.80294,5.72966,5.65983,5.08868,6.54565,5.71822,,,5.20074,,6.0679,5.9233,6.11889,7.5533,,,,5.0467,5.59029,,6.39745,7.81779,4.576,7.80898,6.45998,5.65983,7.93866
124.01,5.7328,5.80927,5.7287,5.66042,5.08644,6.54832,5.7195,,,5.2183,,6.06835,5.92153,6.13738,7.55876,,,,5.0439,5.59371,,6.40406,7.81878,4.57363,7.81105,6.46106,5.66042,7.93843
125.01,5.73763,5.81163,5.7279,5.6611,5.08328,6.55076,5.71939,,,5.22966,,6.06849,5.9194,6.15369,7.56419,,,,5.04042,5.5973,,6.41073,7.81977,4.56982,7.81304,6.46186,5.6611,7.9382
126.01,5.73523,5.8086,5.72745,5.66177,5.07943,6.55281,5.7176,,,5.2344,,6.06814,5.91711,6.16673,7.56933,,,,5.03655,5.60035,,6.4174,7.82074,4.56475,7.81494,6.46231,5.66177,7.93798
127.01,5.72533,5.80023,5.7277,5.66247,5.07548,6.55413,5.71438,,,5.23359,,6.06701,5.91514,6.17551,7.57381,,,,5.03283,5.60176,,6.42398,7.8217,4.55901,7.81667,6.46238,5.66247,7.93777
128.01,5.71188,5.78985,5.7294,5.66376,5.0726,6.55422,5.71132,,,5.23076,,6.06482,5.91438,6.1792,7.57706,,,,5.03027,5.59989,,6.43034,7.82265,4.55396,7.81817,6.46217,5.66376,7.93757
129.01,5.70083,5.78183,5.7314,5.66519,5.07068,6.5539,5.70951,,,5.23036,,6.06244,5.91427,6.18152,7.57983,,,,5.02854,5.59692,,6.43657,7.82353,4.55003,7.81953,6.46205,5.66519,7.93734
130.01,5.69284,5.77638,5.73311,5.66639,5.06937,6.55356,5.7087,,,5.23294,,6.06024,5.91441,6.18403,7.58253,,,,5.02728,5.59393,,6.44275,7.82433,4.54695,7.8208,6.4621,5.66639,7.93706
131.01,5.6878,5.77328,5.73458,5.66738,5.06868,6.55325,5.70869,,,5.2384,,6.05831,5.91487,6.18711,7.58524,,,,5.02651,5.59096,,6.44898,7.82511,4.54479,7.82206,6.46237,5.66738,7.93677
132.01,5.68546,5.77226,5.73582,5.66813,5.06853,6.55299,5.70934,,,5.24666,,6.05672,5.91561,6.19112,7.588,,,,5.02618,5.58808,,6.45526,7.82588,4.54349,7.82329,6.46282,5.66813,7.93649
133.01,5.68565,5.7731,5.73684,5.66866,5.06882,6.55281,5.71053,,,5.25756,,6.05553,5.91657,6.19648,7.59081,,,,5.02624,5.58534,,6.4616,7.82663,4.54302,7.82451,6.46345,5.66866,7.9362
134.01,5.6882,5.7756,5.73768,5.66902,5.06944,6.55271,5.71218,,,5.27092,,6.05476,5.91769,6.20359,7.59368,,,,5.02658,5.58285,,6.46797,7.82736,4.54327,7.82571,6.46426,5.66902,7.93592
135.01,5.69295,5.77962,5.73832,5.66926,5.07031,6.55272,5.71421,,,5.28644,,6.05441,5.91892,6.21283,7.59663,,,,5.02704,5.58071,,6.4744,7.82808,4.54412,7.82689,6.46523,5.66926,7.93562
136.01,5.69973,5.78499,5.73873,5.66945,5.07131,6.55284,5.71654,,,5.3037,,6.05445,5.92014,6.22446,7.59972,,,,5.02752,5.57913,,6.48089,7.82878,4.54539,7.82806,6.46636,5.66945,7.93532
137.01,5.70833,5.79147,5.73888,5.66964,5.07223,6.55313,5.71906,,,5.32216,,6.05481,5.92125,6.23863,7.60301,,,,5.02787,5.57834,,6.48745,7.82947,4.54678,7.82923,6.46762,5.66964,7.93501
138.01,5.71826,5.79863,5.7387,5.66981,5.07277,6.55364,5.72151,,,5.34091,,6.05544,5.92204,6.25526,7.60656,,,,5.02782,5.57862,,6.49414,7.83016,4.54795,7.83039,6.46895,5.66981,7.93465
139.01,5.72857,5.80573,5.73803,5.66988,5.0725,6.5545,5.72355,,,5.35863,,6.05628,5.9222,6.27399,7.61047,,,,5.02703,5.58036,,6.501,7.83082,4.54833,7.83157,6.47027,5.66988,7.9343
140.01,5.73776,5.81168,5.73686,5.66979,5.07103,6.55567,5.72477,,,5.37351,,6.05723,5.92151,6.29379,7.61472,,,,5.02521,5.58363,,6.50801,7.83147,4.54736,7.83274,6.47149,5.66979,7.93394
141.01,5.74452,5.81573,5.7358,5.66993,5.06874,6.55683,5.72533,,,5.38457,,6.05804,5.92041,6.31268,7.61906,,,,5.02278,5.58742,,6.51512,7.83216,4.54514,7.83392,6.47255,5.66993,7.93361
142.01,5.74708,5.81673,5.73491,5.67027,5.06574,6.55783,5.72492,,,5.39106,,6.05857,5.91897,6.32968,7.62334,,,,5.01977,5.59133,,6.52224,7.83285,4.5416,7.83507,6.47338,5.67027,7.93329
143.01,5.74399,5.81379,5.73436,5.67078,5.06231,6.5585,5.72343,,,5.39296,,6.05862,5.91742,6.34383,7.62743,,,,5.01651,5.59471,,6.5293,7.83353,4.53691,7.83616,6.47392,5.67078,7.93298
144.01,5.7353,5.80709,5.73454,5.67161,5.05904,6.5586,5.72113,,,5.39147,,6.05793,5.91628,6.35422,7.63115,,,,5.01356,5.59655,,6.5362,7.83422,4.53168,7.83718,6.47419,5.67161,7.93268
145.01,5.72426,5.79926,5.73621,5.67328,5.05701,6.55774,5.71932,,,5.38937,,6.05623,5.9164,6.3601,7.63422,,,,5.01191,5.59535,,6.54278,7.8349,4.52722,7.8381,6.47424,5.67328,7.93239
146.01,5.71545,5.79346,5.73821,5.67508,5.0558,6.5566,5.7185,,,5.38945,,6.05437,5.91711,6.36478,7.63702,,,,5.01103,5.59317,,6.54923,7.83553,4.52383,7.83892,6.47435,5.67508,7.93209
147.01,5.70923,5.78971,5.73998,5.67656,5.05497,6.55551,5.71835,,,5.39182,,6.0527,5.91801,6.36963,7.63973,,,,5.01048,5.59101,,6.55561,7.83607,4.52128,7.83965,6.4746,5.67656,7.93175
148.01,5.70545,5.7878,5.74155,5.67777,5.05456,6.55449,5.71875,,,5.39631,,6.05131,5.91915,6.37496,7.64244,,,,5.01026,5.5889,,6.56202,7.8366,4.51957,7.84035,6.47502,5.67777,7.93143
149.01,5.70392,5.78751,5.7429,5.67869,5.05456,6.55356,5.71962,,,5.40272,,6.05023,5.92051,6.38107,7.64514,,,,5.0103,5.58689,,6.56846,7.83713,4.51859,7.84104,6.47563,5.67869,7.93109
150.01,5.70448,5.78867,5.74404,5.67938,5.05491,6.55272,5.72085,,,5.41082,,6.04948,5.92208,6.38827,7.64785,,,,5.01059,5.58504,,6.57494,7.83764,4.51831,7.8417,6.47644,5.67938,7.93075
151.01,5.70692,5.79108,5.74497,5.67986,5.05553,6.55198,5.72237,,,5.42042,,6.04907,5.92382,6.39679,7.6506,,,,5.01107,5.58344,,6.58149,7.83815,4.51864,7.84236,6.4774,5.67986,7.93042
152.01,5.71109,5.79459,5.7457,5.68018,5.05633,6.55138,5.72411,,,5.43132,,6.04902,5.92565,6.40687,7.6534,,,,5.01169,5.58222,,6.58813,7.83864,4.5195,7.84299,6.4785,5.68018,7.93009
153.01,5.71684,5.79904,5.74621,5.68038,5.05716,6.55094,5.72598,,,5.4432,,6.04931,5.92744,6.41871,7.65625,,,,5.01228,5.58153,,6.59483,7.83913,4.52071,7.8436,6.47972,5.68038,7.92977
154.01,5.7239,5.80423,5.74648,5.68048,5.05776,6.55068,5.7279,,,5.45555,,6.0499,5.92908,6.43239,7.65916,,,,5.01267,5.58154,,6.60163,7.8396,4.52202,7.8442,6.48103,5.68048,7.92946
155.01,5.73184,5.80978,5.74637,5.68048,5.05794,6.55062,5.7297,,,5.46766,,6.05076,5.93035,6.44786,7.66217,,,,5.01261,5.58252,,6.60854,7.84006,4.52308,7.84479,6.48239,5.68048,7.92914
156.01,5.73984,5.81508,5.74573,5.68029,5.05735,6.55084,5.73106,,,5.47848,,6.05182,5.93102,6.4649,7.66532,,,,5.01181,5.58478,,6.61563,7.84053,4.52327,7.84537,6.48376,5.68029,7.92882
157.01,5.74667,5.81926,5.74453,5.6799,5.05576,6.55132,5.73167,,,5.48688,,6.05299,5.9309,6.4827,7.66861,,,,5.01008,5.58839,,6.62291,7.84098,4.52211,7.84595,6.48504,5.6799,7.9285
158.01,5.75131,5.82187,5.74339,5.67976,5.05358,6.5518,5.73177,,,5.49268,,6.05402,5.93044,6.4996,7.67196,,,,5.00792,5.59243,,6.63033,7.84149,4.51985,7.84655,6.48619,5.67976,10.0
159.01,5.75252,5.82213,5.7424,5.67986,5.05086,6.55215,5.7312,,,5.49576,,6.05477,5.92968,6.51485,7.67525,,,,5.00543,5.59653,,6.63776,7.84199,4.51644,7.84714,6.48711,5.67986,10.0
160.01,5.74931,5.8195,5.74181,5.68025,5.04788,6.55226,5.72993,,,5.49641,,6.05507,5.92886,6.52765,7.67844,,,,5.00286,5.60008,,6.6451,7.84249,4.51209,7.84771,6.48778,5.68025,10.0
161.01,5.74189,5.81426,5.742,5.68111,5.04516,6.5519,5.72829,,,5.49557,,6.05469,5.92843,6.5372,7.68143,,,,5.00069,5.60213,,6.6522,7.843,4.50742,7.84825,6.48819,5.68111,10.0
162.01,5.73296,5.80857,5.74371,5.68297,5.04374,6.55076,5.72739,,,5.49513,,6.05339,5.92924,6.54281,7.68412,,,,4.99981,5.60132,,6.65883,7.84353,4.5036,7.84875,6.48845,5.68297,10.0
163.01,5.72605,5.80459,5.74576,5.68498,5.04307,6.54939,5.72733,,,5.49635,,6.05195,5.93065,6.5474,7.68663,,,,4.9996,5.59958,,6.66524,7.844,4.50073,7.84919,6.48881,5.68498,10.0
164.01,5.72134,5.80224,5.74757,5.68667,5.04274,6.54808,5.72771,,,5.49903,,6.05066,5.93224,6.55216,7.68906,,,,4.99961,5.59788,,6.67161,7.84441,4.49856,7.84955,6.48928,5.68667,10.0
165.01,5.71862,5.80128,5.74919,5.68806,5.04275,6.54685,5.72844,,,5.50313,,6.04962,5.93407,6.55731,7.69148,,,,4.99988,5.59626,,6.67804,7.84482,4.49711,7.84989,6.48991,5.68806,7.95671
166.01,5.71775,5.80155,5.75064,5.68917,5.04304,6.54574,5.72944,,,5.50854,,6.04886,5.93608,6.56305,7.69389,,,,5.00039,5.59479,,6.68452,7.84522,4.49633,7.85022,6.49069,5.68917,7.95687
167.01,5.71855,5.80289,5.75192,5.69001,5.04352,6.54475,5.73067,,,5.51508,,6.0484,5.93825,6.56958,7.69629,,,,5.00107,5.59349,,6.69103,7.84561,4.49615,7.85054,6.49162,5.69001,7.95702
168.01,5.72089,5.80518,5.75303,5.69062,5.04416,6.54387,5.73207,,,5.52256,,6.04828,5.94055,6.5771,7.69868,,,,5.00182,5.59247,,6.69759,7.846,4.49648,7.85085,6.49269,5.69062,7.95712
169.01,5.72461,5.80827,5.75392,5.69103,5.04487,6.54311,5.73359,,,5.53072,,6.04846,5.9429,6.58576,7.70107,,,,5.00257,5.59182,,6.70421,7.84639,4.49721,7.85115,6.49391,5.69103,7.95721
170.01,5.72957,5.81202,5.75458,5.6913,5.04557,6.54248,5.73519,,,5.53929,,6.04892,5.94525,6.59569,7.70347,,,,5.00326,5.59169,,6.71092,7.84679,4.49814,7.85145,6.49525,5.6913,7.95729
171.01,5.7355,5.81621,5.75494,5.69144,5.0461,6.542,5.73675,,,5.54789,,6.04965,5.94748,6.60693,7.70588,,,,5.00375,5.59225,,6.71776,7.84718,4.49906,7.85174,6.49668,5.69144,7.95734
172.01,5.74196,5.82054,5.75491,5.69142,5.04621,6.54173,5.73809,,,5.5561,,6.0506,5.94937,6.61943,7.70832,,,,5.00386,5.59374,,6.72479,7.84757,4.49966,7.85202,6.49814,5.69142,7.95733
173.01,5.74824,5.82447,5.75435,5.69113,5.04557,6.54168,5.73896,,,5.56327,,6.05177,5.95064,6.63306,7.7108,,,,5.00331,5.59644,,6.73203,7.84796,4.49948,7.8523,6.49957,5.69113,7.95721
174.01,5.75332,5.82734,5.75322,5.69056,5.04398,6.54184,5.73913,,,5.56872,,6.05307,5.95114,6.64725,7.71332,,,,5.00193,5.60036,,6.7395,7.84835,4.49804,7.85257,6.5009,5.69056,7.95719
175.01,5.75656,5.82898,5.75213,5.69021,5.04193,6.54198,5.73893,,,5.5726,,6.05425,5.95131,6.66067,7.71586,,,,5.00019,5.60464,,6.74707,7.84879,4.49561,7.85289,6.50212,5.69021,7.95712
176.01,5.75701,5.8289,5.75118,5.69012,5.03953,6.54198,5.73829,,,5.57486,,6.05517,5.95121,6.67272,7.71837,,,,4.99821,5.60893,,6.75462,7.84924,4.49217,7.85321,6.50315,5.69012,7.95703
177.01,5.754,5.82675,5.7506,5.69039,5.03708,6.54175,5.73724,,,5.57588,,6.05565,5.95111,6.68275,7.72082,,,,4.99626,5.61268,,6.76206,7.84971,4.48797,7.85353,6.50397,5.69039,7.95698
178.01,5.7478,5.82282,5.75079,5.69126,5.0351,6.54114,5.7361,,,5.57645,,6.05548,5.95146,6.69006,7.7232,,,,4.99484,5.61504,,6.76922,7.85019,4.4836,7.85386,6.50458,5.69126,7.95691
179.01,5.74069,5.81891,5.75254,5.69328,5.03445,6.53993,5.73586,,,5.57811,,6.05444,5.95306,6.69402,7.72545,,,,4.99477,5.61476,,6.77583,7.85069,4.48022,7.85419,6.50506,5.69328,7.95679
180.01,5.73535,5.81644,5.75467,5.69545,5.03442,6.53857,5.73631,,,5.58108,,6.05328,5.95519,6.6971,7.72759,,,,4.9953,5.61364,,6.78218,7.85114,4.47776,7.85446,6.5056,5.69545,7.95657
181.01,5.73184,5.81518,5.75661,5.69728,5.03457,6.53725,5.73703,,,5.58502,,6.0523,5.95746,6.70035,7.72963,,,,4.99596,5.61255,,6.78845,7.85155,4.4759,7.85467,6.50624,5.69728,7.95634
182.01,5.73001,5.81499,5.75838,5.69881,5.03495,6.53602,5.73798,,,5.58981,,6.05154,5.95993,6.70396,7.73166,,,,4.99678,5.61153,,6.79476,7.85196,4.47461,7.85488,6.50704,5.69881,7.95608
183.01,5.72971,5.81572,5.75999,5.70007,5.03554,6.53488,5.73913,,,5.59528,,6.05102,5.96261,6.70806,7.73367,,,,4.99775,5.61063,,6.80111,7.85237,4.47384,7.85509,6.50801,5.70007,7.95586
184.01,5.73076,5.81722,5.76143,5.70108,5.03631,6.53385,5.74041,,,5.60132,,6.05077,5.96546,6.71275,7.73567,,,,4.99882,5.60992,,6.80753,7.8528,4.47355,7.85531,6.50911,5.70108,7.95562
185.01,5.73303,5.81938,5.76268,5.70186,5.03719,6.53294,5.74175,,,5.60785,,6.05079,5.96843,6.71812,7.73765,,,,4.99999,5.60945,,6.81404,7.85323,4.47367,7.85553,6.51033,5.70186,7.95533
186.01,5.73639,5.82207,5.76375,5.70243,5.0381,6.53215,5.74314,,,5.61473,,6.05109,5.97145,6.7243,7.73962,,,,5.00117,5.60933,,6.82063,7.85366,4.47411,7.85575,6.51166,5.70243,7.95503
187.01,5.74069,5.82518,5.7646,5.70282,5.0389,6.53149,5.74451,,,5.62174,,6.05166,5.97443,6.73135,7.74157,,,,5.00224,5.60964,,6.8273,7.85409,4.47471,7.85596,6.51309,5.70282,7.95474
188.01,5.74568,5.82855,5.76515,5.70301,5.03946,6.53095,5.74578,,,5.62861,,6.05249,5.97725,6.73932,7.74352,,,,5.00309,5.61054,,6.8341,7.85453,4.47526,7.85619,6.51459,5.70301,7.95446
189.01,5.75101,5.8319,5.76529,5.70297,5.03963,6.53054,5.74683,,,5.63493,,6.05354,5.97976,6.7482,7.74546,,,,5.00353,5.61223,,6.84107,7.85499,4.4754,7.85642,6.51614,5.70297,7.95417
190.01,5.75604,5.8348,5.76485,5.70263,5.03916,6.53031,5.7474,,,5.64019,,6.05477,5.9817,6.75794,7.7474,,,,5.00335,5.61494,,6.84831,7.85545,4.47471,7.85666,6.51767,5.70263,7.95386
191.01,5.75988,5.8367,5.76379,5.70196,5.03789,6.53021,5.74729,,,5.64402,,6.05613,5.98291,6.76809,7.74934,,,,5.00245,5.61871,,6.85585,7.85592,4.47285,7.85691,6.5191,5.70196,7.95354
192.01,5.76213,5.83766,5.76275,5.70149,5.03633,6.53009,5.7469,,,5.64688,,6.05737,5.98384,6.77761,7.75131,,,,5.00136,5.62274,,6.86352,7.85643,4.47017,7.8572,6.52041,5.70149,7.95326
193.01,5.76212,5.83736,5.76185,5.70128,5.03454,6.52985,5.74619,,,5.64888,,6.05837,5.98451,6.78603,7.75326,,,,5.00014,5.62671,,6.87117,7.85696,4.4667,7.85751,6.52153,5.70128,7.95298
194.01,5.75941,5.83567,5.76135,5.70144,5.03278,6.52941,5.74526,,,5.65036,,6.05898,5.98516,6.79285,7.75519,,,,4.99902,5.63012,,6.87867,7.8575,4.46269,7.85783,6.52246,5.70144,7.9527
195.01,5.7543,5.83294,5.76164,5.70226,5.03155,6.52864,5.74447,,,5.65195,,6.05899,5.98625,6.7975,7.75708,,,,4.99845,5.6322,,6.88581,7.85805,4.4587,7.85816,6.52321,5.70226,7.95243
196.01,5.74876,5.83063,5.76349,5.70434,5.03165,6.5274,5.74472,,,5.65477,,6.05819,5.98858,6.79938,7.75893,,,,4.99918,5.63186,,6.89226,7.85863,4.45574,7.85852,6.5239,5.70434,7.95216
197.01,5.74477,5.82951,5.76571,5.70662,5.03235,6.52604,5.74558,,,5.65843,,6.05725,5.99147,6.80058,7.7607,,,,5.00043,5.63075,,6.89846,7.85919,4.45361,7.85885,6.52465,5.70662,7.95186
198.01,5.74227,5.82923,5.76774,5.70858,5.0332,6.52473,5.74657,,,5.66254,,6.05645,5.99449,6.80191,7.76239,,,,5.00177,5.62965,,6.90461,7.85971,4.45196,7.85913,6.52547,5.70858,7.95152
199.01,5.74114,5.82969,5.76964,5.71027,5.03421,6.52353,5.7477,,,5.66709,,6.05587,5.99768,6.80353,7.76406,,,,5.00326,5.62865,,6.9108,7.86023,4.45081,7.85941,6.52642,5.71027,7.95118
200.01,5.74124,5.83078,5.77141,5.71167,5.03533,6.52243,5.74891,,,5.67201,,6.05552,6.00104,6.80551,7.76571,,,,5.00487,5.62775,,6.91704,7.86075,4.45011,7.85969,6.5275,5.71167,7.95084
201.01,5.74245,5.83239,5.77304,5.71282,5.03654,6.52142,5.75018,,,5.6772,,6.05544,6.00453,6.80793,7.76735,,,,5.00652,5.627,,6.92331,7.86127,4.44981,7.85999,6.5287,5.71282,7.95049
202.01,5.74464,5.83443,5.77449,5.71373,5.03779,6.52052,5.75148,,,5.68253,,6.0556,6.00813,6.81087,7.76897,,,,5.00819,5.62647,,6.92965,7.86181,4.44981,7.8603,6.53003,5.71373,7.95013
203.01,5.74771,5.83679,5.77575,5.71444,5.03904,6.51971,5.7528,,,5.68787,,6.05601,6.0118,6.81438,7.77058,,,,5.00983,5.62624,,6.93608,7.86236,4.44999,7.86062,6.53149,5.71444,7.94977
204.01,5.75148,5.83936,5.77675,5.71495,5.04022,6.519,5.75405,,,5.69301,,6.05665,6.01547,6.81849,7.77217,,,,5.01137,5.62642,,6.94264,7.86291,4.45024,7.86095,6.53303,5.71495,7.9494
205.01,5.75573,5.84198,5.77744,5.71525,5.0412,6.51842,5.75515,,,5.69782,,6.05751,6.01899,6.82323,7.77375,,,,5.0127,5.62713,,6.94938,7.86347,4.45036,7.86129,6.53463,5.71525,7.94903
206.01,5.76013,5.84447,5.77773,5.71528,5.04178,6.51794,5.75596,,,5.70206,,6.05859,6.02219,6.82861,7.77531,,,,5.0137,5.62855,,6.95632,7.86402,4.45011,7.86163,6.53625,5.71528,7.94867
207.01,5.76413,5.84649,5.77743,5.71493,5.04175,6.51757,5.75628,,,5.70542,,6.05987,6.02482,6.83463,7.77687,,,,5.01414,5.63085,,6.96354,7.86459,4.44908,7.86198,6.53783,5.71493,7.9483
208.01,5.76703,5.84769,5.7765,5.71418,5.041,6.51727,5.75595,,,5.70765,,6.06128,6.02673,6.84104,7.77841,,,,5.01393,5.63408,,6.97106,7.86516,4.44698,7.86235,6.53931,5.71418,7.94792
209.01,5.76859,5.84829,5.77558,5.7136,5.04004,6.51691,5.75542,,,5.70923,,6.06259,6.02837,6.84699,7.77999,,,,5.01355,5.6375,,6.9787,7.86576,4.44416,7.86276,6.54071,5.7136,7.94755
210.01,5.76833,5.84813,5.77476,5.71327,5.03897,6.51642,5.7547,,,5.71026,,6.06366,6.02981,6.85212,7.78156,,,,5.0131,5.64084,,6.98633,7.86639,4.44068,7.86319,6.54196,5.71327,7.9472
211.01,5.76594,5.84721,5.7743,5.71337,5.03807,6.51574,5.75389,,,5.71106,,6.06435,6.03127,6.85604,7.78312,,,,5.01282,5.64366,,6.99383,7.86702,4.43683,7.86364,6.54302,5.71337,7.94684
212.01,5.76177,5.8459,5.77464,5.71418,5.03775,6.51483,5.75336,,,5.71224,,6.06447,6.03316,6.85827,7.78467,,,,5.01314,5.6453,,7.00096,7.86766,4.43316,7.86409,6.54392,5.71418,7.9465
213.01,5.75749,5.84543,5.77658,5.71632,5.03871,6.5136,5.75394,,,5.71472,,6.06382,6.03623,6.85827,7.78621,,,,5.01474,5.64477,,7.00733,7.86831,4.43068,7.86457,6.54475,5.71632,7.94617
214.01,5.75457,5.84593,5.77892,5.71867,5.04016,6.51228,5.75504,,,5.71787,,6.06307,6.03981,6.85773,7.78768,,,,5.01681,5.64356,,7.01338,7.86894,4.42897,7.86503,6.54564,5.71867,7.94582
215.01,5.7529,5.84701,5.78109,5.72071,5.04167,6.51101,5.75623,,,5.72116,,6.06246,6.04348,6.85735,7.78908,,,,5.0189,5.64239,,7.01935,7.86953,4.42761,7.86545,6.5466,5.72071,7.94541
216.01,5.75237,5.84857,5.78313,5.72249,5.0433,6.50982,5.75749,,,5.72458,,6.06204,6.04735,6.85724,7.79047,,,,5.02108,5.64131,,7.02537,7.87013,4.42661,7.86587,6.5477,5.72249,7.945
217.01,5.75282,5.85052,5.78505,5.72403,5.04504,6.50873,5.75879,,,5.72804,,6.06182,6.0514,6.85742,7.79184,,,,5.02333,5.64036,,7.03146,7.87073,4.42595,7.86631,6.54892,5.72403,7.94459
218.01,5.75413,5.85277,5.78683,5.72534,5.04686,6.50773,5.7601,,,5.73151,,6.06183,6.05558,6.85792,7.7932,,,,5.02565,5.63959,,7.03764,7.87134,4.42558,7.86676,6.55025,5.72534,7.94418
219.01,5.75623,5.85525,5.78847,5.72641,5.04872,6.50684,5.76138,,,5.73494,,6.06206,6.05986,6.85879,7.79454,,,,5.02799,5.63906,,7.04388,7.87193,4.42545,7.8672,6.55168,5.72641,7.94377
220.01,5.75899,5.8579,5.78996,5.72726,5.05052,6.50604,5.76261,,,5.73825,,6.06253,6.06417,6.86007,7.79587,,,,5.0303,5.63882,,7.0502,7.87253,4.42546,7.86765,6.5532,5.72726,7.94336
221.01,5.76228,5.86063,5.79125,5.72788,5.05221,6.50532,5.76373,,,5.74136,,6.06324,6.06845,6.8618,7.79719,,,,5.03249,5.63896,,7.05663,7.87313,4.4255,7.86812,6.55481,5.72788,7.94295
222.01,5.76592,5.86331,5.79226,5.72825,5.05369,6.50468,5.7647,,,5.7441,,6.06416,6.0726,6.86401,7.7985,,,,5.03448,5.6396,,7.06322,7.87374,4.42535,7.86859,6.55649,5.72825,7.94252
223.01,5.7696,5.86577,5.79286,5.72832,5.05484,6.50409,5.76537,,,5.74625,,6.06526,6.07646,6.86674,7.7998,,,,5.03613,5.64086,,7.07004,7.87435,4.42476,7.86907,6.55819,5.72832,7.9421
224.01,5.7728,5.86771,5.79286,5.72799,5.05545,6.50356,5.76554,,,5.74757,,6.06655,6.0798,6.86997,7.80109,,,,5.03727,5.64296,,7.07721,7.87496,4.42341,7.86956,6.55985,5.72799,7.94167
225.01,5.77493,5.86885,5.79223,5.72721,5.05545,6.50305,5.76506,,,5.74798,,6.06797,6.08245,6.87353,7.80237,,,,5.03786,5.64589,,7.08472,7.87557,4.42108,7.87005,6.56141,5.72721,7.94119
226.01,5.77595,5.86951,5.79162,5.72657,5.05532,6.50248,5.76441,,,5.74802,,6.06929,6.08484,6.87681,7.80367,,,,5.03837,5.649,,7.09235,7.8762,4.4182,7.87057,6.56288,5.72657,7.94076
227.01,5.7755,5.8696,5.79113,5.72616,5.05512,6.50178,5.76363,,,5.74781,,6.07041,6.087,6.87951,7.80498,,,,5.03886,5.65205,,7.09996,7.87683,4.41484,7.8711,6.56419,5.72616,7.94031
228.01,5.7734,5.86918,5.79101,5.72615,5.0551,6.50091,5.76286,,,5.74765,,6.07118,6.08916,6.88136,7.80628,,,,5.03954,5.65464,,7.10739,7.87748,4.41126,7.87165,6.56534,5.72615,7.93987
229.01,5.77003,5.8686,5.79168,5.7269,5.05567,6.49984,5.7625,,,5.74796,,6.07141,6.09175,6.88198,7.80759,,,,5.0408,5.6562,,7.11441,7.87813,4.40794,7.87221,6.56638,5.7269,7.93945
230.01,5.76685,5.86895,5.79392,5.72907,5.0575,6.49857,5.76333,,,5.74947,,6.0709,6.09552,6.88089,7.8089,,,,5.04327,5.65586,,7.12066,7.8788,4.40584,7.87279,6.56738,5.72907,7.93905
231.01,5.76483,5.87003,5.79655,5.73149,5.0598,6.49727,5.76464,,,5.75138,,6.07027,6.09977,6.87935,7.81015,,,,5.04617,5.65497,,7.1266,7.87944,4.40442,7.87336,6.56841,5.73149,7.93863
232.01,5.76381,5.87146,5.79902,5.73363,5.06213,6.49602,5.76595,,,5.75325,,6.06978,6.10409,6.87795,7.81133,,,,5.0491,5.65418,,7.13248,7.88004,4.40329,7.87387,6.56949,5.73363,7.93818
233.01,5.76368,5.87318,5.80138,5.73551,5.06455,6.49486,5.76727,,,5.75513,,6.06947,6.10857,6.87678,7.81249,,,,5.05212,5.65354,,7.13838,7.88063,4.40247,7.87438,6.57068,5.73551,7.93773
234.01,5.76436,5.87516,5.80363,5.73715,5.06702,6.49379,5.76859,,,5.757,,6.06937,6.11319,6.87587,7.81365,,,,5.05518,5.65308,,7.14432,7.88122,4.40192,7.8749,6.57198,5.73715,7.93728
235.01,5.76574,5.87732,5.80572,5.73855,5.06954,6.49281,5.76989,,,5.75883,,6.06948,6.11793,6.87525,7.8148,,,,5.05828,5.65285,,7.15032,7.88181,4.40159,7.87543,6.5734,5.73855,7.93683
236.01,5.76775,5.87962,5.80764,5.73973,5.07206,6.49191,5.77116,,,5.76054,,6.06979,6.12278,6.87494,7.81593,,,,5.06137,5.6529,,7.15639,7.8824,4.4014,7.87596,6.57493,5.73973,7.93638
237.01,5.77026,5.882,5.80934,5.74071,5.07457,6.49109,5.77236,,,5.76206,,6.07031,6.12771,6.87498,7.81706,,,,5.06443,5.65329,,7.16258,7.88299,4.40126,7.8765,6.57655,5.74071,7.93594
238.01,5.77313,5.88437,5.81078,5.74146,5.07698,6.49034,5.77342,,,5.76331,,6.07103,6.13261,6.87535,7.81818,,,,5.06739,5.65411,,7.16892,7.88356,4.40109,7.87703,6.57824,5.74146,7.93551
239.01,5.77621,5.88663,5.8119,5.74194,5.07921,6.48966,5.77427,,,5.76422,,6.07195,6.13736,6.87611,7.81928,,,,5.07018,5.65545,,7.17542,7.88413,4.40073,7.87755,6.57997,5.74194,7.93508
240.01,5.77921,5.88862,5.81257,5.74208,5.08111,6.489,5.7748,,,5.76467,,6.07307,6.14181,6.87728,7.82037,,,,5.07268,5.65742,,7.18213,7.8847,4.39997,7.87809,6.58171,5.74208,7.93466
241.01,5.78173,5.89009,5.8126,5.74174,5.08251,6.48833,5.77482,,,5.7645,,6.07439,6.14575,6.87892,7.82145,,,,5.07471,5.66019,,7.18916,7.88527,4.3985,7.87862,6.58343,5.74174,7.93424
242.01,5.78328,5.8908,5.81194,5.74091,5.08335,6.48761,5.77421,,,5.76365,,6.07582,6.14903,6.8809,7.82253,,,,5.07621,5.66376,,7.19653,7.88584,4.3961,7.87916,6.58505,5.74091,7.93382
243.01,5.78389,5.89113,5.81124,5.74021,5.08412,6.4868,5.77349,,,5.76259,,6.07717,6.15209,6.88274,7.82365,,,,5.07766,5.66757,,7.20405,7.88643,4.39324,7.87973,6.5866,5.74021,7.93342
244.01,5.78332,5.89096,5.81061,5.73974,5.08491,6.48586,5.77269,,,5.7614,,6.0783,6.15496,6.8842,7.82475,,,,5.07913,5.67137,,7.21157,7.88703,4.38999,7.88031,6.58801,5.73974,7.93304
245.01,5.78148,5.89034,5.81032,5.73969,5.08592,6.48478,5.77196,,,5.76031,,6.0791,6.15782,6.88504,7.82585,,,,5.08082,5.67484,,7.21896,7.88762,4.38665,7.88089,6.58927,5.73969,10.0
246.01,5.77875,5.8896,5.81085,5.74042,5.08751,6.48358,5.77169,,,5.75972,,6.07939,6.16106,6.88496,7.82696,,,,5.08311,5.67745,,7.22592,7.88821,4.38372,7.88147,6.5904,5.74042,10.0
247.01,5.77644,5.8897,5.81297,5.74261,5.09028,6.4823,5.77265,,,5.76023,,6.07902,6.16539,6.88355,7.82808,,,,5.08656,5.67846,,7.23207,7.88881,4.38206,7.88207,6.5915,5.74261,10.0
248.01,5.77518,5.89036,5.81551,5.74505,5.09347,6.48102,5.77406,,,5.76107,,6.07852,6.17016,6.88185,7.82914,,,,5.0904,5.67906,,7.23788,7.88939,4.38102,7.88264,6.59265,5.74505,10.0
249.01,5.77472,5.89121,5.81788,5.74723,5.09665,6.47978,5.77546,,,5.76182,,6.07814,6.17501,6.88029,7.83014,,,,5.09422,5.67982,,7.24361,7.88988,4.38015,7.88318,6.59386,5.74723,10.0
250.01,5.77496,5.89224,5.82016,5.7492,5.09992,6.47863,5.77685,,,5.76251,,6.07793,6.18004,6.87893,7.83114,,,,5.09811,5.68082,,7.24941,7.89036,4.37951,7.88372,6.59517,5.7492,10.0
251.01,5.77581,5.89338,5.82232,5.75095,5.10325,6.47757,5.77821,,,5.76313,,6.07789,6.18521,6.8778,7.83212,,,,5.10206,5.68208,,7.25528,7.89082,4.37905,7.88425,6.59658,5.75095,10.0
252.01,5.7772,5.89461,5.82435,5.75248,5.10664,6.4766,5.77951,,,5.76365,,6.07805,6.19049,6.87691,7.83308,,,,5.10605,5.68363,,7.2612,7.89126,4.37876,7.88478,6.59808,5.75248,7.9572
253.01,5.77905,5.8959,5.82626,5.75379,5.11003,6.47572,5.78074,,,5.76406,,6.0784,6.19584,6.87628,7.83404,,,,5.11004,5.68551,,7.26719,7.89171,4.37858,7.8853,6.59967,5.75379,7.95734
254.01,5.78127,5.89722,5.82799,5.75487,5.11337,6.47489,5.78188,,,5.76433,,6.07898,6.20123,6.87595,7.835,,,,5.114,5.68776,,7.27326,7.89217,4.37845,7.88582,6.60134,5.75487,7.95747
255.01,5.78375,5.89853,5.82947,5.75569,5.11661,6.47411,5.78287,,,5.76441,,6.07974,6.20659,6.87594,7.83594,,,,5.11786,5.69044,,7.27944,7.89264,4.37822,7.88635,6.60309,5.75569,7.95755
256.01,5.78635,5.89976,5.83061,5.75625,5.11968,6.47335,5.78365,,,5.76422,,6.08067,6.21185,6.87629,7.83688,,,,5.12155,5.69362,,7.28579,7.8931,4.37776,7.88687,6.6049,5.75625,7.9576
257.01,5.78879,5.90074,5.83129,5.75645,5.12247,6.47259,5.78411,,,5.76366,,6.08179,6.21685,6.87697,7.83781,,,,5.12495,5.69739,,7.29238,7.89356,4.37688,7.8874,6.60671,5.75645,7.95767
258.01,5.79069,5.90121,5.83132,5.75615,5.12482,6.47178,5.78403,,,5.76262,,6.08308,6.22135,6.87805,7.83873,,,,5.12795,5.70187,,7.29929,7.89402,4.37532,7.88791,6.60848,5.75615,7.95771
259.01,5.79167,5.90096,5.83068,5.75533,5.12668,6.47086,5.78333,,,5.76111,,6.08451,6.22521,6.87945,7.83964,,,,5.13048,5.70702,,7.30652,7.89447,4.37294,7.88842,6.61015,5.75533,7.9577
260.01,5.7919,5.90034,5.83002,5.75459,5.12849,6.46985,5.78251,,,5.75962,,6.08586,6.22884,6.88079,7.84058,,,,5.13299,5.71231,,7.31388,7.89495,4.37022,7.88895,6.61175,5.75459,7.95759
261.01,5.79122,5.89932,5.82943,5.75405,5.13032,6.46869,5.78165,,,5.7583,,6.08703,6.23226,6.88191,7.84152,,,,5.13553,5.71754,,7.32121,7.89543,4.36724,7.88949,6.61323,5.75405,7.95756
262.01,5.78963,5.89798,5.82918,5.75392,5.13237,6.4674,5.78093,,,5.75739,,6.08788,6.23568,6.8826,7.84246,,,,5.1383,5.72239,,7.32838,7.89592,4.36422,7.89003,6.61458,5.75392,7.95751
263.01,5.78751,5.89669,5.82974,5.75463,5.13501,6.46604,5.78074,,,5.75725,,6.08824,6.23949,6.88261,7.84342,,,,5.14164,5.72643,,7.33517,7.89641,4.36164,7.89058,6.61584,5.75463,7.9574
264.01,5.786,5.89629,5.8319,5.75683,5.13881,6.46472,5.78182,,,5.75842,,6.08794,6.24433,6.88156,7.84438,,,,5.14609,5.72899,,7.34119,7.89692,4.36034,7.89114,6.61707,5.75683,7.95736
265.01,5.78539,5.89643,5.83449,5.75934,5.143,6.46347,5.78332,,,5.76022,,6.08753,6.24957,6.88027,7.84528,,,,5.15092,5.73113,,7.34689,7.89739,4.3596,7.89167,6.61833,5.75934,7.95728
266.01,5.78538,5.89673,5.83696,5.76159,5.14717,6.46225,5.78476,,,5.7623,,6.08724,6.25485,6.87907,7.84612,,,,5.15575,5.73331,,7.35248,7.89781,4.359,7.89214,6.6196,5.76159,7.95711
267.01,5.78594,5.8972,5.83935,5.76362,5.15141,6.46111,5.78615,,,5.76468,,6.08712,6.26026,6.87807,7.84696,,,,5.16063,5.73555,,7.35809,7.89822,4.35858,7.89262,6.62098,5.76362,7.95684
268.01,5.78697,5.8978,5.84166,5.76544,5.15569,6.46006,5.78751,,,5.76724,,6.08716,6.2658,6.8773,7.8478,,,,5.16556,5.73785,,7.36372,7.89864,4.35831,7.89309,6.62246,5.76544,7.95658
269.01,5.78842,5.89853,5.84384,5.76705,5.16,6.45908,5.78881,,,5.76986,,6.08738,6.27146,6.87677,7.84863,,,,5.17051,5.74022,,7.3694,10.0,4.35813,7.89357,6.62405,5.76705,7.95631
270.01,5.79022,5.89935,5.84588,5.76847,5.16433,6.45817,5.79005,,,5.77242,,6.08778,6.27723,6.87649,7.84946,,,,5.17546,5.74271,,7.37516,10.0,4.35799,7.89403,6.62572,5.76847,7.95608
271.01,5.79228,5.9002,5.84774,5.76967,5.16864,6.45733,5.79116,,,5.77485,,6.08836,6.28304,6.87644,7.85027,,,,5.18038,5.74542,,7.38101,10.0,4.35784,7.89449,6.62747,5.76967,7.95583
272.01,5.79451,5.90103,5.84937,5.77062,5.17286,6.45653,5.79211,,,5.7771,,6.08912,6.28882,6.87667,7.85106,,,,5.18523,5.74846,,7.38696,10.0,4.35761,7.89494,6.62927,5.77062,7.95555
273.01,5.79678,5.90174,5.85068,5.77127,5.17692,6.45572,5.79282,,,5.77917,,6.09007,6.29446,6.87719,7.85185,,,,5.18993,5.75196,,7.39303,10.0,4.35716,7.89538,6.63111,5.77127,7.95524
274.01,5.7989,5.9022,5.85153,5.77152,5.18071,6.45486,5.79319,,,5.78104,,6.0912,6.29983,6.87806,7.85264,,,,5.19437,5.75604,,7.39929,10.0,4.35631,7.89582,6.63297,5.77152,7.95493
275.01,5.80053,5.90217,5.85172,5.77123,5.18408,6.4539,5.79302,,,5.78262,,6.09251,6.30476,6.8793,7.85342,,,,5.19841,5.76085,,7.40582,10.0,4.35482,7.89626,6.63479,5.77123,7.95464
276.01,5.80135,5.90147,5.85121,5.77039,5.18699,6.45277,5.79225,,,5.78389,,6.09393,6.3091,6.88083,7.8542,,,,5.202,5.76636,,7.41268,7.95357,4.35255,7.8967,6.63654,5.77039,7.95433
277.01,5.80157,5.90045,5.85063,5.76964,5.1899,6.45152,5.79139,,,5.78523,,6.09527,6.31325,6.88237,7.855,,,,5.2056,5.7721,,7.41967,7.95388,4.35,7.89716,6.63822,5.76964,7.95405
278.01,5.8011,5.89905,5.85012,5.76909,5.19287,6.45014,5.7905,,,5.78661,,6.09644,6.31719,6.88373,7.8558,,,,5.20924,5.77778,,7.42662,7.95416,4.34726,7.89761,6.63977,5.76909,7.95376
279.01,5.79997,5.89738,5.84997,5.76895,5.19609,6.44865,5.78978,,,5.78817,,6.09731,6.32109,6.88477,7.8566,,,,5.21314,5.78305,,7.43339,7.95442,4.34458,7.89805,6.64119,5.76895,7.95349
280.01,5.79855,5.89579,5.85064,5.76963,5.19986,6.44715,5.78962,,,5.79017,,6.09774,6.32531,6.88527,7.85741,,,,5.2176,5.78745,,7.43977,7.95463,4.34242,7.89845,6.64252,5.76963,7.95322
281.01,5.79785,5.89516,5.85292,5.77184,5.20473,6.44582,5.79075,,,5.79307,,6.09754,6.33049,6.88496,7.85823,,,,5.22314,5.79039,,7.44544,7.95487,4.34152,7.89886,6.64385,5.77184,7.95296
282.01,5.79793,5.89509,5.85564,5.77437,5.20995,6.44457,5.7923,,,5.79623,,6.09723,6.33607,6.88447,7.85901,,,,5.22902,5.79282,,7.4508,7.95506,4.34112,7.89923,6.64522,5.77437,7.95266
283.01,5.79842,5.89521,5.85824,5.77667,5.21515,6.44335,5.79378,,,5.79932,,6.09701,6.3417,6.88405,7.85973,,,,5.23487,5.79521,,7.45611,7.95519,4.34079,7.89955,6.64661,5.77667,7.95233
284.01,5.79928,5.8955,5.86076,5.7788,5.22043,6.44223,5.79522,,,5.80244,,6.09693,6.34745,6.88381,7.86036,,,,5.24079,5.79771,,7.46143,7.95521,4.34058,7.89987,6.64808,5.7788,7.95199
285.01,5.80048,5.89591,5.8632,5.78072,5.22577,6.44118,5.79659,,,5.80556,,6.09702,6.35332,6.88377,7.86097,,,,5.24676,5.8004,,7.46675,7.9552,4.34048,7.9002,6.64964,5.78072,7.95165
286.01,5.80196,5.89643,5.86555,5.78245,5.23115,6.44022,5.79788,,,5.8087,,6.09728,6.35927,6.88393,7.86158,,,,5.25277,5.80335,,7.47208,7.95524,4.34046,7.90053,6.65127,5.78245,7.95131
287.01,5.80368,5.89703,5.86778,5.78396,5.23653,6.43931,5.79907,,,5.81185,,6.09773,6.36529,6.88431,7.86217,,,,5.25878,5.80663,,7.47745,7.95518,4.34048,7.90086,6.653,5.78396,7.95096
288.01,5.80561,5.89768,5.86983,5.78524,5.24187,6.43845,5.80014,,,5.81501,,6.09835,6.37136,6.88495,7.86276,,,,5.26476,5.81027,,7.48288,7.95517,4.34046,7.90118,6.6548,5.78524,7.95061
289.01,5.80768,5.89834,5.87163,5.78627,5.24713,6.4376,5.80105,,,5.81817,,6.09913,6.37743,6.88585,7.86339,,,,5.27066,5.81428,,7.48839,7.95515,4.34032,7.90151,6.65667,5.78627,7.95024
290.01,5.80976,5.8989,5.8731,5.78701,5.25225,6.43673,5.80173,,,5.82126,,6.10008,6.38339,6.887,7.86402,,,,5.2764,5.81861,,7.49402,7.95507,4.33994,7.90185,6.65858,5.78701,7.94988
291.01,5.81165,5.89919,5.87409,5.78734,5.25713,6.43578,5.80205,,,5.82418,,6.10119,6.3891,6.88843,7.86464,,,,5.28191,5.82321,,7.4998,7.95489,4.33918,7.90217,6.66048,5.78734,7.94951
292.01,5.81305,5.89896,5.87443,5.7871,5.26163,6.43469,5.80182,,,5.8268,,6.10248,6.39437,6.89019,7.86524,,,,5.28706,5.82809,,7.50579,7.95471,4.33784,7.90248,6.66235,5.7871,7.94914
293.01,5.81368,5.89805,5.87406,5.78628,5.2657,6.43338,5.80099,,,5.82909,,6.1039,6.39907,6.89221,7.86586,,,,5.2918,5.83317,,7.51201,7.95451,4.3358,7.90278,6.66412,5.78628,7.94877
294.01,5.81382,5.89682,5.87363,5.78551,5.26977,6.43193,5.80009,,,5.83149,,6.10526,6.40357,6.89429,7.86653,,,,5.29655,5.8381,,7.5183,7.95437,4.33356,7.90312,6.66585,5.78551,7.94841
295.01,5.81338,5.89527,5.87325,5.78491,5.2739,6.43034,5.7992,,,5.83405,,6.10645,6.40789,6.89627,7.8672,,,,5.30136,5.84278,,7.52454,7.95423,4.33117,7.90347,6.66748,5.78491,7.94806
296.01,5.81242,5.89354,5.8732,5.78474,5.27827,6.42865,5.79854,,,5.83695,,6.10735,6.41219,6.89802,7.86788,,,,5.3064,5.84708,,7.53063,7.95406,4.32888,7.90382,6.66901,5.78474,7.94771
297.01,5.81126,5.89193,5.87396,5.78543,5.2832,6.42701,5.7985,,,5.84049,,6.10781,6.4168,6.89932,7.86855,,,,5.31198,5.85077,,7.5364,7.95386,4.32711,7.90417,6.67044,5.78543,7.94737
298.01,5.81086,5.89129,5.87635,5.78768,5.28922,6.42566,5.79978,,,5.84518,,6.10767,6.42228,6.89992,7.86924,,,,5.31864,5.85348,,7.54157,7.95367,4.32658,7.90452,6.67187,5.78768,7.94704
299.01,5.81112,5.8912,5.8792,5.79027,5.29558,6.42444,5.80147,,,5.85029,,6.10743,6.42808,6.90036,7.86989,,,,5.32564,5.856,,7.54645,7.95347,4.32653,7.90484,6.67331,5.79027,7.94669
300.01,5.81172,5.89127,5.88194,5.79263,5.30191,6.42325,5.80309,,,5.85547,,6.10729,6.4339,6.90086,7.87051,,,,5.33261,5.85869,,7.55121,7.95322,4.32652,10.0,6.67475,5.79263,7.94629
301.01,5.81264,5.89151,5.88463,5.7948,5.3083,6.42214,5.80468,,,5.86087,,6.10729,6.43983,6.90155,7.87111,,,,5.33964,5.86151,,7.55597,7.95297,4.32662,10.0,6.67629,5.7948,7.94588
302.01,5.81386,5.89191,5.88723,5.79678,5.31473,6.42111,5.80624,,,5.86649,,6.10744,6.44589,6.90244,7.87172,,,,5.34671,5.86435,,7.56073,7.9527,4.32678,10.0,6.67793,5.79678,7.94547
303.01,5.81532,5.89245,5.88973,5.7986,5.32121,6.42015,5.80774,,,5.87228,,6.10774,6.45206,6.90352,7.87233,,,,5.3538,5.86714,,7.56551,7.95243,4.32698,10.0,6.67965,5.7986,7.94506
304.01,5.81695,5.89306,5.89211,5.80023,5.3277,6.41926,5.80916,,,5.87822,,6.1082,6.45831,6.90478,10.0,,,,5.36091,5.86984,,7.5703,7.95215,4.32718,10.0,6.68144,5.80023,7.94465
305.01,5.81871,5.8937,5.89433,5.80163,5.33418,6.41841,5.81045,,,5.88424,,6.10883,6.46458,6.90625,10.0,,,,5.368,5.87251,,7.57509,7.95187,4.32734,10.0,6.68329,5.80163,7.94424
306.01,5.82052,5.89432,5.89632,5.80278,5.34059,6.41755,5.81156,,,5.89032,,6.10963,6.47082,6.90794,10.0,,,,5.37504,5.87523,,7.57992,7.95157,4.32739,10.0,6.68519,5.80278,7.94384
307.01,5.82227,5.89482,5.89798,5.80359,5.34685,6.41665,5.81241,,,5.89639,,6.11059,6.47694,6.90989,10.0,,,,5.38195,5.87813,,7.5848,7.95128,4.32723,7.95425,6.68713,5.80359,7.94342
308.01,5.82378,5.89507,5.89916,5.80396,5.35287,6.41563,5.8129,,,5.90235,,6.11172,6.48286,6.91211,10.0,,,,5.38862,5.88128,,7.58977,7.95098,4.3267,7.95451,6.68909,5.80396,7.94299
309.01,5.82478,5.89482,5.89966,5.80376,5.35852,6.41441,5.81286,,,5.90806,,6.113,6.4884,6.91462,10.0,,,,5.39492,5.88474,,7.59491,7.95068,4.32561,7.95476,6.69102,5.80376,7.94257
310.01,5.82499,5.8939,5.89942,5.80296,5.36377,6.41291,5.81222,,,5.91345,,6.1144,6.49342,6.91736,10.0,,,,5.40083,5.88836,,7.6002,7.95038,4.32386,7.95495,6.69286,5.80296,7.94215
311.01,5.82469,5.89265,5.89911,5.80222,5.36907,6.41128,5.8115,,,5.91895,,6.11575,6.49825,6.92015,7.94372,,,,5.40678,5.89169,,7.60553,7.95009,4.32195,7.95513,6.69466,5.80222,7.94175
312.01,5.82382,5.89108,5.89886,5.80163,5.37444,6.4095,5.81078,,,5.9246,,6.11694,6.50288,6.92285,7.94423,,,,5.41282,5.89445,,7.6108,7.94979,4.31996,7.95532,6.69635,5.80163,7.94131
313.01,5.82247,5.88933,5.89894,5.80146,5.38005,6.40764,5.81027,,,5.93062,,6.11787,6.50747,6.92536,7.94473,,,,5.41912,5.89641,,7.61592,7.9495,4.31812,7.95549,6.69793,5.80146,7.94089
314.01,5.82101,5.88775,5.89983,5.80212,5.3862,6.40589,5.81036,,,5.93737,,6.1184,6.51231,6.92753,7.9452,,,,5.42597,5.89734,,7.62076,7.94921,4.31682,7.95561,6.69944,5.80212,7.94046
315.01,5.82037,5.88719,5.90235,5.80438,5.3934,6.40454,5.81177,,,5.94544,,6.11833,6.51799,6.92914,7.94561,,,,5.43389,5.89699,,7.62515,7.94894,4.31672,7.95564,6.70098,5.80438,7.94003
316.01,5.82039,5.88719,5.90533,5.80702,5.40093,6.40336,5.81357,,,5.95405,,6.11816,6.52398,6.9306,7.94602,,,,5.44215,5.89609,,7.62931,7.94864,4.31705,7.95567,6.70252,5.80702,7.93959
317.01,5.82071,5.88735,5.9082,5.80945,5.40844,6.40221,5.81527,,,5.96276,,6.11806,6.52997,6.9321,7.94637,,,,5.45041,5.89502,,7.63336,7.94829,4.31738,7.95569,6.70406,5.80945,7.93913
318.01,5.82131,5.88766,5.91102,5.81171,5.41604,6.40115,5.8169,,,5.97167,,6.1181,6.53606,6.93374,7.94666,,,,5.4588,5.89389,,7.63739,7.94794,4.31778,7.95561,6.70567,5.81171,7.93868
319.01,5.82216,5.88811,5.9138,5.8138,5.42371,6.40016,5.81844,,,5.98077,,6.11829,6.54224,6.93555,7.94684,,,,5.46731,5.89276,,7.64138,7.94757,4.31825,7.95559,6.70735,5.8138,7.93822
320.01,5.82324,5.88867,5.91649,5.8157,5.43142,6.39924,5.81988,,,5.99007,,6.11865,6.5485,6.93753,7.947,,,,5.47595,5.89166,,7.64535,7.94721,4.31876,7.95554,6.70912,5.8157,7.93777
321.01,5.82452,5.88932,5.91905,5.8174,5.43915,6.39837,5.8212,,,5.99955,,6.11915,6.55484,6.9397,7.9472,,,,5.48472,5.89064,,7.64929,7.94684,4.31926,7.95543,6.71096,5.8174,7.93732
322.01,5.82594,5.89004,5.92145,5.81888,5.44686,6.39753,5.82238,,,6.00917,,6.1198,6.56123,6.94207,7.94731,,,,5.49361,5.88972,,7.65322,7.94647,4.3197,7.95523,6.71289,5.81888,7.93687
323.01,5.82742,5.89074,5.9236,5.82012,5.45454,6.39667,5.82338,,,6.01886,,6.1206,6.56761,6.94462,7.94746,,,,5.5026,5.88894,,7.65718,7.94611,4.32001,7.95504,6.71485,5.82012,7.93643
324.01,5.82881,5.8913,5.92542,5.82103,5.46212,6.39576,5.82411,,,6.0285,,6.12155,6.57389,6.94737,7.94758,,,,5.51166,5.88834,,7.66116,7.94573,4.32011,7.95484,6.71684,5.82103,7.93599
325.01,5.82995,5.89158,5.92677,5.82149,5.46952,6.3947,5.82443,,,6.03795,,6.12267,6.57995,6.95035,7.94764,,,,5.5207,5.88795,,7.66517,7.94534,4.31987,7.95466,6.71883,5.82149,7.93556
326.01,5.83055,5.89134,5.92743,5.82134,5.47661,6.39339,5.82418,,,6.04705,,6.12395,6.58564,6.95357,7.9476,,,,5.52952,5.88781,,7.66923,7.94495,4.31911,7.95447,6.72079,5.82134,7.93513
327.01,5.83038,5.8904,5.92736,5.82056,5.48336,6.39176,5.82331,,,6.05577,,6.12536,6.59085,6.957,7.94756,,,,5.538,5.88792,,7.67334,7.94456,4.31777,7.95423,6.72267,5.82056,7.9347
328.01,5.82976,5.88917,5.9272,5.8198,5.49022,6.38997,5.82234,,,6.06461,,6.12672,6.59591,6.96052,7.94753,,,,5.54645,5.88803,,7.67747,7.94419,4.31629,7.954,6.72454,5.8198,7.9343
329.01,5.82864,5.88767,5.92706,5.8192,5.49725,6.38803,5.82137,,,6.07361,,6.12792,6.60082,6.96397,7.94755,,,,5.55483,5.88804,,7.68155,7.94383,4.31476,7.95378,6.72631,5.8192,7.93391
330.01,5.8271,5.88599,5.92725,5.81904,5.50467,6.38604,5.82061,,,6.08296,,6.12886,6.60568,6.96724,7.94754,,,,5.56328,5.88782,,7.68552,7.94347,4.31338,7.95357,6.72799,5.81904,7.93353
331.01,5.82547,5.88451,5.92824,5.81974,5.51282,6.38421,5.82045,,,6.09305,,6.1294,6.61077,6.9702,7.9475,,,,5.57212,5.88719,,7.68931,7.94311,4.31255,7.95336,6.72958,5.81974,7.93317
332.01,5.82467,5.88403,5.93089,5.82205,5.52223,6.3829,5.8216,,,6.10455,,6.1294,6.61656,6.97268,7.94745,,,,5.58192,5.88588,,7.69279,7.94277,4.31289,7.95315,6.73118,5.82205,10.0
333.01,5.8245,5.88409,5.93402,5.82473,5.53216,6.3818,5.82312,,,6.1166,,6.1293,6.62261,6.97502,7.94737,,,,5.59194,5.8844,,7.69607,7.94239,4.31363,7.95291,6.73279,5.82473,10.0
334.01,5.82463,5.88432,5.93703,5.82719,5.54222,6.38073,5.82455,,,6.12879,,6.12928,6.62864,6.97741,7.94726,,,,5.60182,5.883,,7.69923,7.94198,4.31437,7.95263,6.73439,5.82719,10.0
335.01,5.82507,5.88472,5.94,5.8295,5.55241,6.37974,5.82592,,,6.14125,,6.12937,6.6348,6.97993,7.94714,,,,5.61166,5.88174,,7.70235,7.94158,4.31517,7.95235,6.73608,5.8295,10.0
336.01,5.82578,5.88529,5.94292,5.83167,5.56265,6.37883,5.82724,,,6.15392,,6.1296,6.64108,6.9826,7.94701,,,,5.62144,5.88061,,7.70546,7.94114,4.31599,7.95206,6.73785,5.83167,10.0
337.01,5.82669,5.88596,5.94575,5.83367,5.57286,6.378,5.82848,,,6.16673,,6.12997,6.64743,6.9854,7.94686,,,,5.6312,5.87965,,7.70853,7.94067,4.31683,7.95176,6.73969,5.83367,10.0
338.01,5.82778,5.8867,5.94848,5.83548,5.58296,6.37722,5.82961,,,6.17966,,6.13049,6.65383,6.98835,7.9467,,,,5.64093,5.87886,,7.71156,7.9402,4.31767,7.95146,6.74158,5.83548,10.0
339.01,5.82898,5.88747,5.95106,5.83707,5.59289,6.37645,5.83059,,,6.19267,,6.13116,6.66026,6.99145,7.94653,,,,5.65064,5.87824,,7.71457,7.93971,4.31845,7.95115,6.74353,5.83707,7.95721
340.01,5.83023,5.88821,5.95341,5.83839,5.6026,6.37566,5.83139,,,6.20573,,6.13198,6.66666,6.99474,7.94636,,,,5.66026,5.87782,,7.71755,7.93924,4.31912,7.95083,6.74554,5.83839,7.95734
341.01,5.83142,5.88883,5.95541,5.83935,5.61202,6.37478,5.83192,,,6.21874,,6.13295,6.673,6.99821,7.94618,,,,5.66973,5.87761,,7.72052,7.93879,4.31958,7.95052,6.74758,5.83935,7.95746
342.01,5.83237,5.88918,5.95693,5.83987,5.62105,6.37373,5.83208,,,6.23153,,6.13406,6.67918,7.00187,7.946,,,,5.67892,5.87764,,7.72349,7.93835,4.31971,7.9502,6.74964,5.83987,7.95754
343.01,5.8328,5.88901,5.95775,5.83977,5.62959,6.37239,5.83168,,,6.24386,,6.13533,6.68502,7.00572,7.9458,,,,5.68768,5.87793,,7.72647,7.9379,4.31934,7.94987,6.75166,5.83977,7.95759
344.01,5.83245,5.88814,5.95781,5.83904,5.63761,6.37068,5.83065,,,6.25559,,6.13672,6.69043,7.00973,7.94558,,,,5.69599,5.87846,,7.72945,7.93745,4.31842,7.94953,6.7536,5.83904,7.95767
345.01,5.83164,5.88695,5.9578,5.83832,5.64556,6.36881,5.82953,,,6.26729,,6.13807,6.69568,7.01379,7.94539,,,,5.70431,5.87901,,7.73244,7.93703,4.31741,7.94921,6.75551,5.83832,7.95773
346.01,5.83033,5.88545,5.9578,5.83773,5.65349,6.36679,5.82839,,,6.27905,,6.13929,6.70075,7.01779,7.9452,,,,5.7127,5.87948,,7.73537,7.93662,4.31638,7.9489,6.75734,5.83773,7.95775
347.01,5.82865,5.88382,5.95811,5.83755,5.66159,6.36474,5.82747,,,6.29115,,6.14026,6.70578,7.02167,7.94501,,,,5.72135,5.87978,,7.73823,7.93623,4.31553,7.94859,6.75908,5.83755,7.95766
348.01,5.82698,5.88243,5.95923,5.83824,5.67022,6.3629,5.82718,,,6.30402,,6.14085,6.71104,7.0253,7.94483,,,,5.73059,5.87974,,7.74098,7.93584,4.31521,7.94829,6.76078,5.83824,7.95762
349.01,5.82618,5.88207,5.962,5.84058,5.67998,6.36171,5.82823,,,6.31843,,6.14091,6.71696,7.02852,7.94465,,,,5.74106,5.87919,,7.74358,7.93548,4.31602,7.948,6.76249,5.84058,7.9576
350.01,5.82598,5.88225,5.96524,5.84332,5.69015,6.36076,5.82969,,,6.33338,,6.14085,6.72309,7.03161,7.94443,,,,5.75194,5.87853,,7.74604,7.93509,4.3172,7.94768,6.76418,5.84332,7.95747
351.01,5.82606,5.88257,5.96839,5.84586,5.70035,6.35986,5.83106,,,6.34837,,6.14086,6.72919,7.03469,7.94416,,,,5.76285,5.87796,,7.74839,7.93467,4.31836,7.9473,6.76586,5.84586,7.95738
352.01,5.82641,5.88305,5.97151,5.84826,5.71067,6.35904,5.83238,,,6.36351,,6.14099,6.73537,7.03789,7.94389,,,,5.77388,5.87752,,7.75069,7.93424,4.31957,7.94692,6.7676,5.84826,7.95727
353.01,5.82701,5.88367,5.97459,5.85049,5.72108,6.35831,5.83363,,,6.37885,,6.14128,6.74163,7.0412,7.94361,,,,5.78501,5.87722,,7.75297,7.93382,4.32081,7.94655,6.76942,5.85049,7.9571
354.01,5.82784,5.88441,5.9776,5.85255,5.73154,6.35764,5.83482,,,6.39439,,6.14169,6.74798,7.04465,7.94333,,,,5.79619,5.87706,,7.75521,7.93341,4.32207,7.94617,6.77132,5.85255,7.95683
355.01,5.82887,5.88525,5.98049,5.85443,5.74205,6.35703,5.83592,,,6.41005,,6.14223,6.75441,7.04823,7.94305,,,,5.80739,5.87705,,7.75743,7.933,4.3233,7.94579,6.77328,5.85443,7.95657
356.01,5.83003,5.88613,5.98322,5.85612,5.75257,6.35644,5.8369,,,6.42573,,6.14291,6.76087,7.05192,7.94276,,,,5.81856,5.87721,,7.75961,10.0,4.32448,7.94541,6.7753,5.85612,7.9563
357.01,5.83121,5.88696,5.98573,5.85754,5.76306,6.35582,5.83769,,,6.44133,,6.14372,6.76732,7.05573,7.94245,,,,5.82967,5.87753,,7.76177,10.0,4.32553,7.94502,6.77736,5.85754,7.95607
358.01,5.8323,5.88765,5.98791,5.85861,5.77344,6.35511,5.83822,,,6.45674,,6.14469,6.77367,7.05968,7.94213,,,,5.84064,5.87802,,7.7639,10.0,4.32639,7.94462,6.77944,5.85861,7.95583
359.01,5.83314,5.88804,5.9896,5.85922,5.78354,6.3542,5.83835,,,6.4718,,6.14581,6.77986,7.06378,7.94182,,,,5.85133,5.87869,,7.76601,10.0,4.32695,7.94422,6.78152,5.85922,7.95554
360.01,5.83344,5.88789,5.99059,5.85919,5.79318,6.35297,5.83791,,,6.48636,,6.14708,6.78576,7.06805,7.9415,,,,5.86153,5.87955,,7.76812,10.0,4.32704,7.94382,6.78358,5.85919,7.95522
361.01,5.833,5.88706,5.99081,5.8585,5.80227,6.35133,5.83683,,,6.50026,,6.14847,6.79129,7.07246,7.94118,,,,5.87112,5.88055,,7.7702,10.0,4.32662,7.94342,6.78559,5.8585,7.95491
362.01,5.83215,5.88594,5.99093,5.85785,5.81134,6.34952,5.83568,,,6.51401,,6.14982,6.79672,7.07692,7.94089,,,,5.88063,5.88156,,7.7723,10.0,4.32612,7.94305,6.78758,5.85785,7.95464
363.01,5.83082,5.88453,5.99105,5.85736,5.82044,6.34758,5.83452,,,6.52759,,6.15103,6.802,7.08131,7.94058,,,,5.89013,5.88247,,7.77437,7.95727,4.3256,7.94267,6.78949,5.85736,7.95438
364.01,5.82913,5.88297,5.99148,5.85729,5.8298,6.34565,5.83359,,,6.54126,,6.15201,6.80722,7.08557,7.94028,,,,5.89987,5.88321,,7.77639,7.95742,4.32528,7.94229,6.79132,5.85729,7.95411
365.01,5.82745,5.88165,5.99272,5.85811,5.8398,6.34399,5.83326,,,6.55552,,6.15263,6.81259,7.08961,7.93998,,,,5.91029,5.88367,,7.77837,7.95757,4.32549,7.94192,6.79308,5.85811,7.95385
366.01,5.82664,5.88135,5.99561,5.86058,5.85109,6.3431,5.83429,,,6.57125,,6.15274,6.81851,7.09333,7.93969,,,,5.92208,5.88371,,7.78028,7.95772,4.3268,7.94157,6.79485,5.86058,7.95359
367.01,5.82645,5.88159,5.99898,5.86345,5.8628,6.3425,5.83572,,,6.58759,,6.15275,6.82462,7.09693,7.93938,,,,5.93431,5.88367,,7.7821,7.95778,4.32846,7.94115,6.79663,5.86345,7.9533
368.01,5.82654,5.882,6.00225,5.86613,5.87448,6.34196,5.83709,,,6.60401,,6.15282,6.83071,7.10053,7.93903,,,,5.9465,5.88369,,7.78383,7.95786,4.33008,7.9407,6.79839,5.86613,7.95297
369.01,5.82693,5.88259,6.0055,5.8687,5.88628,6.34153,5.83844,,,6.62051,,6.15299,6.83691,7.10421,7.93868,,,,5.95877,5.88383,,7.78553,7.95791,4.33174,7.94023,6.80023,5.8687,7.95264
370.01,5.82756,5.88331,6.00871,5.87113,5.89819,6.34121,5.83974,,,6.63707,,6.15329,6.84318,7.10798,7.93832,,,,5.97113,5.88409,,7.7872,7.95792,4.33342,7.93974,6.80212,5.87113,7.95231
371.01,5.8284,5.88413,6.01187,5.8734,5.9102,6.34098,5.84097,,,6.65369,,6.15372,6.84951,7.11183,7.9379,,,,5.98359,5.88449,,7.78885,7.95781,4.33511,7.93927,6.80407,5.8734,7.95198
372.01,5.82939,5.88503,6.01494,5.87549,5.92224,6.34081,5.8421,,,6.67041,,6.15428,6.85587,7.11577,7.93748,,,,5.99612,5.885,,7.79047,7.9577,4.33678,7.93881,6.80607,5.87549,7.95164
373.01,5.83051,5.88596,6.01785,5.87735,5.93424,6.34067,5.84311,,,6.6872,,6.15499,6.86226,7.11983,7.93706,,,,6.00863,5.88565,,7.79208,7.95763,4.3384,7.93836,6.80814,5.87735,7.9513
374.01,5.83167,5.88685,6.02053,5.87893,5.94614,6.34052,5.84393,,,6.70398,,6.15582,6.86868,7.12399,7.93662,,,,6.02101,5.88643,,7.79367,7.95748,4.3399,7.93791,6.81026,5.87893,7.95094
375.01,5.83278,5.88762,6.02288,5.88015,5.95782,6.34028,5.84449,,,6.72055,,6.15679,6.87504,7.12826,7.9362,,,,6.03318,5.88734,,7.79523,7.95739,4.34122,7.93746,6.81241,5.88015,7.95058
376.01,5.83362,5.8881,6.02474,5.88091,5.96922,6.33985,5.84468,,,6.73668,,6.1579,6.88126,7.13263,7.93579,,,,6.04498,5.88839,,7.79678,7.95727,4.34223,7.93702,6.81455,5.88091,7.95022
377.01,5.83391,5.88802,6.02589,5.88102,5.98011,6.33909,5.84428,,,6.75212,,6.15915,6.88721,7.13711,7.93537,,,,6.05624,5.88957,,7.79831,7.95709,4.34279,7.93658,6.81667,5.88102,7.94986
378.01,5.83344,5.88724,6.02627,5.88044,5.99039,6.3379,5.84323,,,6.76673,,6.16053,6.89283,7.14167,7.93495,,,,6.06684,5.89082,,7.79982,7.95682,4.34287,7.93614,6.81872,5.88044,7.9495
379.01,5.83254,5.88613,6.02654,5.87985,6.00055,6.33657,5.84207,,,6.78108,,6.16189,6.89834,7.14628,7.93457,,,,6.07733,5.89205,,7.80137,7.95658,4.34291,7.93573,6.82077,5.87985,7.94916
380.01,5.83119,5.88474,6.0268,5.87935,6.01063,6.33514,5.8409,,,6.7952,,6.16312,6.90373,7.15085,7.93421,,,,6.08773,5.89317,,7.8029,7.95634,4.34295,7.93533,6.82275,5.87935,7.94882
381.01,5.82954,5.88325,6.02734,5.87926,6.0209,6.33378,5.83995,,,6.80922,,6.16412,6.9091,7.15532,7.93386,,,,6.09828,5.89413,,7.80441,7.95615,4.34318,7.93495,6.82467,5.87926,7.94847
382.01,5.82795,5.88202,6.02869,5.88004,6.03181,6.33279,5.83966,,,6.82351,,6.16476,6.91462,7.15962,7.93351,,,,6.10946,5.89486,,7.80591,7.95596,4.34393,7.93458,6.82653,5.88004,7.94814
383.01,5.82723,5.88183,6.03168,5.8825,6.04418,6.33273,5.84073,,,6.83885,,6.16491,6.92059,7.16364,7.93317,,,,6.12211,5.8953,,7.80739,7.95574,4.34575,7.93423,6.82841,5.8825,7.94781
384.01,5.82709,5.88216,6.03517,5.88536,6.05709,6.33306,5.84221,,,6.85456,,6.16495,6.92669,7.16756,7.93281,,,,6.1353,5.8957,,7.80881,7.95546,4.34789,7.93384,6.83026,5.88536,7.94746
385.01,5.82722,5.88262,6.03858,5.88802,6.06999,6.3335,5.84362,,,6.87028,,6.16505,6.93274,7.17144,7.93242,,,,6.14853,5.89614,,7.81014,7.95514,4.35,7.93342,6.83208,5.88802,7.94708
386.01,5.82762,5.88325,6.04198,5.89054,6.08297,6.3341,5.84499,,,6.88621,,6.16528,6.93886,7.17538,7.93204,,,,6.16186,5.8967,,7.81147,7.95485,4.35214,7.93301,6.83397,5.89054,7.94669
387.01,5.82827,5.88402,6.04534,5.89292,6.096,6.33488,5.84633,,,6.90233,,6.16562,6.94507,7.17941,7.93166,,,,6.17524,5.89736,,7.81279,7.95455,4.3543,10.0,6.83593,5.89292,7.94629
388.01,5.82916,5.88493,6.04865,5.89514,6.10911,6.33582,5.84762,,,6.91852,,6.16608,6.95136,7.1835,7.93128,,,,6.18867,5.89815,,7.81408,7.95425,4.35646,10.0,6.83796,5.89514,7.94588
389.01,5.83022,5.88593,6.05186,5.89721,6.12228,6.3369,5.84883,,,6.93472,,6.16665,6.95771,7.18766,7.93091,,,,6.20211,5.89904,,7.81536,7.95393,4.35859,10.0,6.84004,5.89721,7.94547
390.01,5.83138,5.88695,6.05493,5.89905,6.13547,6.3381,5.84992,,,6.95091,,6.16736,6.96407,7.19187,7.93053,,,,6.21558,5.90006,,7.81663,7.95361,4.36067,10.0,6.84216,5.89905,7.94507
391.01,5.83256,5.88791,6.05779,5.90062,6.14859,6.33937,5.85081,,,6.96705,,6.16819,6.9704,7.19615,10.0,,,,6.22901,5.90119,,7.81789,7.95329,4.36263,10.0,6.84432,5.90062,7.94466
392.01,5.83365,5.88872,6.06032,5.90182,6.16147,6.34063,5.85144,,,6.98306,,6.16917,6.97667,7.20051,10.0,,,,6.24224,5.90242,,7.81914,7.95296,4.36442,10.0,6.84651,5.90182,7.94425
393.01,5.83448,5.88923,6.06235,5.90253,6.17394,6.34179,5.85166,,,6.99889,,6.17028,6.98281,7.20496,10.0,,,,6.25506,5.90373,,7.82038,7.95263,4.36593,10.0,6.84871,5.90253,7.94383
394.01,5.83478,5.8892,6.06367,5.90256,6.18576,6.34269,5.85129,,,7.0142,,6.17154,6.98876,7.20951,10.0,,,,6.26719,5.90512,,7.82161,7.9523,4.36701,7.95712,6.8509,5.90256,7.94341
395.01,5.83436,5.88848,6.0642,5.90191,6.19686,6.34324,5.85029,,,7.02868,,6.17291,6.99445,7.21411,10.0,,,,6.27851,5.90654,,7.82283,7.95197,4.36762,7.95726,6.85303,5.90191,7.94298
396.01,5.8335,5.88745,6.0646,5.90126,6.20784,6.3438,5.84918,,,7.04263,,6.17425,7.00007,7.21875,10.0,,,,6.28963,5.90791,,7.82408,7.95165,4.36819,7.95741,6.85517,5.90126,7.94259
397.01,5.83219,5.88612,6.065,5.90071,6.21872,6.34441,5.84806,,,7.05603,,6.17547,7.00554,7.22334,10.0,,,,6.30066,5.90918,,7.82533,7.95133,4.36877,7.95752,6.85723,5.90071,7.94221
398.01,5.83057,5.88467,6.06568,5.90055,6.22974,6.34525,5.84714,,,7.06902,,6.17648,7.01095,7.22784,7.95668,,,,6.31184,5.91031,,7.82657,7.95102,4.36956,7.9576,6.85921,5.90055,7.94183
399.01,5.82901,5.88347,6.06715,5.90126,6.24135,6.3467,5.84686,,,7.08193,,6.17716,7.01647,7.2322,7.95687,,,,6.32359,5.91125,,7.82782,7.95071,4.37086,7.95771,6.86115,5.90126,7.94141
400.01,5.82835,5.88333,6.07025,5.90364,6.25437,6.34934,5.84795,,,7.09544,,6.17737,7.02236,7.23639,7.95706,,,,6.33673,5.91201,,7.82908,7.95041,4.3732,7.9578,6.86312,5.90364,7.941
401.01,5.82829,5.88373,6.07385,5.90644,6.26789,6.3526,5.84948,,,7.10923,,6.17746,7.02838,7.24047,7.95722,,,,6.35034,5.91276,,7.8303,7.9501,4.37585,7.95784,6.86507,5.90644,7.94055
402.01,5.82851,5.88428,6.07736,5.90908,6.28147,6.35617,5.85095,,,7.12297,,6.1776,7.03437,7.24451,7.95729,,,,6.36395,5.91356,,7.83144,7.94973,4.37844,7.95775,6.867,5.90908,7.94006
403.01,5.82899,5.885,6.08088,5.91162,6.29523,6.36011,5.85241,,,7.13689,,6.17784,7.0404,7.24858,7.95739,,,,6.37771,5.91446,,7.83257,7.94936,4.38106,7.95765,6.86897,5.91162,7.93959
404.01,5.8297,5.88585,6.08439,5.91402,6.30911,6.36443,5.85382,,,7.1511,,6.1782,7.04648,7.2527,7.95745,,,,6.39166,5.91548,,7.8337,7.94898,4.38369,7.95758,6.871,5.91402,7.93913
405.01,5.83061,5.8868,6.08785,5.91629,6.32304,6.3691,5.85517,,,7.16562,,6.17868,7.05259,7.25686,7.95747,,,,6.40573,5.91659,,7.83483,7.94859,4.38634,7.95743,6.87308,5.91629,7.93868
406.01,5.83169,5.88784,6.09123,5.91837,6.33697,6.37411,5.85644,,,7.18036,,6.17929,7.05873,7.26108,7.95738,,,,6.41982,5.91781,,7.83595,7.94821,4.38896,7.95734,6.87522,5.91837,7.93822
407.01,5.83288,5.88891,6.09447,5.92024,6.35087,6.37941,5.85759,,,7.19513,,6.18001,7.06492,7.26535,7.9573,,,,6.43387,5.91913,,7.83707,7.94783,4.39152,7.95723,6.87742,5.92024,7.93776
408.01,5.83413,5.88995,6.09749,5.92184,6.36467,6.38494,5.85857,,,7.2098,,6.18085,7.07112,7.26966,7.95726,,,,6.44782,5.92054,,7.83818,7.94744,4.39397,7.95706,6.87966,5.92184,7.9373
409.01,5.83528,5.89085,6.10019,5.92309,6.37834,6.3906,5.85928,,,7.22429,,6.18182,7.07725,7.27401,7.95711,,,,6.4616,5.92202,,7.83928,7.94705,4.39624,7.9568,6.88192,5.92309,7.93686
410.01,5.83614,5.89142,6.1024,5.92386,6.39169,6.39625,5.85958,,,7.23858,,6.18292,7.08328,7.27841,7.95702,,,,6.47505,5.92357,,7.84038,7.94665,4.39823,7.95654,6.88418,5.92386,7.93642
411.01,5.83647,5.89144,6.1039,5.92395,6.40437,6.40172,5.85928,,,7.25251,,6.18416,7.08912,7.28285,7.95691,,,,6.48788,5.92513,,7.84147,7.94625,4.39982,7.95627,6.88642,5.92395,7.93599
412.01,5.83603,5.89073,6.10461,5.92333,6.41619,6.40687,5.85831,,,7.26594,,6.18553,7.09472,7.28733,7.95674,,,,6.49989,5.92665,,7.84256,7.94584,4.40096,7.95604,6.8886,5.92333,7.93556
413.01,5.83518,5.88972,6.10517,5.92267,6.4277,6.41204,5.85723,,,7.2789,,6.18688,7.10027,7.29185,7.95652,,,,6.51154,5.92812,,7.84368,7.94546,4.40208,7.95582,6.89081,5.92267,7.93516
414.01,5.83393,5.88844,6.1057,5.92211,6.43897,6.41729,5.85613,,,7.29114,,6.18811,7.10572,7.29633,7.95631,,,,6.52288,5.92947,,7.84481,7.94509,4.40321,7.95557,6.89297,5.92211,7.93476
415.01,5.83239,5.88706,6.1065,5.92195,6.45027,6.42278,5.85526,,,7.30259,,6.18913,7.11113,7.30074,7.95609,,,,6.53416,5.93069,,7.84593,7.94472,4.40454,7.95531,6.89506,5.92195,7.93437
416.01,5.83092,5.88595,6.10807,5.92268,6.46213,6.42888,5.85503,,,7.31345,,6.18983,7.1166,7.30506,7.95591,,,,6.54592,5.93179,,7.84705,7.94436,4.40638,7.95505,6.89711,5.92268,7.934
417.01,5.83034,5.88587,6.1113,5.92509,6.4754,6.43619,5.85618,,,7.32427,,6.19006,7.12236,7.30924,7.95574,,,,6.55901,5.93281,,7.84818,7.944,4.40923,7.95482,6.89916,5.92509,7.93364
418.01,5.83034,5.88631,6.11502,5.92793,6.48911,6.44404,5.85776,,,7.33521,,6.19019,7.12818,7.31333,7.9555,,,,6.57259,5.93385,,7.84927,7.94362,4.41238,7.95455,6.90119,5.92793,7.93327
419.01,5.83058,5.88689,6.11867,5.93059,6.5028,6.45205,5.85927,,,7.34633,,6.19037,7.13393,7.31736,7.9552,,,,6.58619,5.93492,,7.85032,7.94319,4.41547,7.95424,6.90318,5.93059,10.0
420.01,5.83111,5.88765,6.12232,5.93314,6.5166,6.46026,5.86077,,,7.35765,,6.19066,7.13973,7.32142,7.9549,,,,6.59996,5.9361,,7.85136,7.94277,4.41859,7.95392,6.90524,5.93314,10.0
421.01,5.83189,5.88857,6.12596,5.93559,6.53057,6.46863,5.86225,,,7.36907,,6.19104,7.14559,7.3255,7.95461,,,,6.61389,5.93737,,7.85239,7.94235,4.42171,7.95361,6.90736,5.93559,10.0
422.01,5.83288,5.88961,6.12956,5.93791,6.54472,6.47712,5.86369,,,7.38059,,6.19153,7.1515,7.3296,7.95433,,,,6.62797,5.93874,,7.85341,7.94194,4.42484,7.9533,6.90953,5.93791,10.0
423.01,5.83402,5.89072,6.1331,5.94008,6.559,6.48568,5.86506,,,7.39222,,6.19214,7.15741,7.33372,7.95401,,,,6.64222,5.9402,,7.85442,7.94149,4.42793,7.95297,6.91174,5.94008,10.0
424.01,5.83526,5.89185,6.13652,5.94203,6.57328,6.49423,5.86629,,,7.40396,,6.19287,7.16333,7.33787,7.95369,,,,6.65653,5.94174,,7.85542,7.94101,4.43097,7.95264,6.91399,5.94203,10.0
425.01,5.83651,5.89293,6.13973,5.94371,6.58748,6.50268,5.86733,,,7.41576,,6.19372,7.16921,7.34205,7.95338,,,,6.67076,5.94335,,7.85642,7.94053,4.43391,7.9523,6.91627,5.94371,10.0
426.01,5.83768,5.89386,6.14261,5.94503,6.6015,6.51093,5.8681,,,7.42763,,6.1947,7.17505,7.34625,7.95307,,,,6.68479,5.94501,,7.85742,7.94004,4.43667,7.95197,6.91859,5.94503,7.95722
427.01,5.83858,5.89448,6.14499,5.94585,6.61522,6.5188,5.86846,,,7.43938,,6.1958,7.18081,7.35048,7.95275,,,,6.69848,5.94668,,7.85842,7.93956,4.43917,7.95163,6.92093,5.94585,7.95734
428.01,5.83896,5.89457,6.14666,5.94599,6.62843,6.52608,5.86823,,,7.45077,,6.19704,7.18645,7.35474,7.95243,,,,6.71161,5.94832,,7.8594,7.9391,4.44127,7.95129,6.92326,5.94599,7.95746
429.01,5.83858,5.89393,6.14754,5.94543,6.64092,6.53267,5.86734,,,7.46164,,6.19839,7.1919,7.35899,7.9521,,,,6.72398,5.94988,,7.86037,7.93864,4.44293,7.95094,6.92553,5.94543,7.95754
430.01,5.83778,5.89297,6.14828,5.94483,6.65302,6.53893,5.86631,,,7.47199,,6.19972,7.19729,7.36328,7.95179,,,,6.73606,5.95137,,7.86135,7.9382,4.44457,7.9506,6.92782,5.94483,7.95761
431.01,5.83654,5.89172,6.14897,5.94431,6.66466,6.5449,5.86525,,,7.48164,,6.20095,7.20258,7.36754,7.95148,,,,6.74777,5.95274,,7.86234,7.93777,4.44624,7.95027,6.93005,5.94431,7.95771
432.01,5.83503,5.89035,6.14992,5.94417,6.67606,6.55079,5.8644,,,7.49057,,6.20199,7.2078,7.37175,7.95117,,,,6.75916,5.95398,,7.86334,7.93736,4.4481,7.94995,6.93222,5.94417,7.95778
433.01,5.83361,5.88927,6.15161,5.94489,6.6877,6.55701,5.86419,,,7.49887,,6.20272,7.21306,7.3759,7.95088,,,,6.77063,5.95515,,7.86433,7.93697,4.45047,7.94963,6.93436,5.94489,7.95781
434.01,5.83311,5.88926,6.15491,5.94731,6.70038,6.56421,5.86539,,,7.50688,,6.20299,7.21857,7.37998,7.95059,,,,6.78293,5.95633,,7.86533,7.93659,4.45384,7.94933,6.93653,5.94731,7.95775
435.01,5.8332,5.88977,6.15873,5.95019,6.71361,6.57167,5.86703,,,7.51492,,6.20316,7.22411,7.38396,7.95028,,,,6.79562,5.95756,,7.86629,7.93619,4.45748,7.949,6.93867,5.95019,7.95767
436.01,5.83352,5.89043,6.16248,5.95291,6.72698,6.57899,5.86862,,,7.52302,,6.20336,7.22958,7.38787,7.94992,,,,6.80843,5.95882,,7.86719,7.93575,4.46105,7.94861,6.94076,5.95291,7.95761
437.01,5.8341,5.89124,6.16627,5.95554,6.74051,6.5862,5.87019,,,7.53121,,6.20366,7.23506,7.39177,7.94955,,,,6.82152,5.96018,,7.86809,7.93531,4.46464,7.94822,6.94289,5.95554,7.95746
438.01,5.83491,5.89219,6.17006,5.95806,6.75414,6.59328,5.87173,,,7.53952,,6.20407,7.24056,7.39569,7.94918,,,,6.83484,5.96162,,7.86898,7.93487,4.46825,7.94783,6.94507,5.95806,7.95737
439.01,5.83593,5.89326,6.17382,5.96044,6.76789,6.60023,5.87323,,,7.54798,,6.20459,7.24606,7.39963,7.9488,,,,6.84827,5.96315,,7.86987,7.93445,4.47186,7.94744,6.94732,5.96044,7.95726
440.01,5.83711,5.89442,6.17751,5.96267,6.78175,6.60701,5.87465,,,7.55655,,6.20522,7.2516,7.40358,7.94843,,,,6.8618,5.96476,,7.87074,7.93402,4.47544,7.94705,6.94962,5.96267,7.95707
441.01,5.83842,5.89562,6.18109,5.96469,6.79569,6.61358,5.87597,,,7.56519,,6.20595,7.25714,7.40753,7.94805,,,,6.8754,5.96643,,7.8716,7.93361,4.47896,7.94666,6.95196,5.96469,7.9568
442.01,5.83974,5.89678,6.18447,5.96647,6.80976,6.61989,5.87711,,,7.57387,,6.2068,7.26265,7.41148,7.94767,,,,6.88909,5.96816,,7.87245,7.9332,4.48237,7.94627,6.95433,5.96647,7.95654
443.01,5.84095,5.89777,6.18754,5.96788,6.82381,6.62583,5.87796,,,7.58249,,6.20776,7.26812,7.41544,7.94727,,,,6.90282,5.96991,,7.87329,10.0,4.48561,7.94586,6.95672,5.96788,7.95628
444.01,5.84188,5.89843,6.19014,5.96879,6.83758,6.63127,5.8784,,,7.59093,,6.20885,7.2735,7.4194,7.94687,,,,6.91637,5.97164,,7.87412,10.0,4.48859,7.94545,6.95912,5.96879,7.95605
445.01,5.84226,5.89853,6.19201,5.96901,6.85078,6.63598,5.87822,,,7.59916,,6.2101,7.27876,7.42336,7.94648,,,,6.92944,5.97329,,7.87494,10.0,4.49118,7.94504,6.96151,5.96901,7.95582
446.01,5.8419,5.89792,6.19308,5.96848,6.8632,6.63986,5.87736,,,7.60701,,6.21145,7.28387,7.42732,7.94608,,,,6.94174,5.97481,,7.87576,10.0,4.49335,7.94463,6.96387,5.96848,7.95553
447.01,5.84114,5.897,6.19399,5.96791,6.87516,6.64333,5.87637,,,7.61439,,6.21279,7.28897,7.43133,7.94571,,,,6.9535,5.97624,,7.8766,10.0,4.49551,7.94425,6.96626,5.96791,7.95523
448.01,5.83998,5.89581,6.19483,5.96743,6.88663,6.64646,5.87536,,,7.62121,,6.21401,7.294,7.43531,7.94534,,,,6.96469,5.97754,,7.87736,10.0,4.4977,7.94387,6.9686,5.96743,7.95496
449.01,5.83853,5.89451,6.19592,5.96733,6.89781,6.64946,5.87456,,,7.62746,,6.21505,7.29896,7.43925,7.94497,,,,6.97553,5.97874,,7.87812,10.0,4.50009,7.94349,6.97089,5.96733,7.9547
450.01,5.83718,5.89349,6.19775,5.9681,6.90898,6.65278,5.8744,,,7.6332,,6.21578,7.30393,7.44316,7.9446,,,,6.98631,5.9799,,7.87888,7.95731,4.50296,7.94312,6.97314,5.9681,7.95446
451.01,5.83673,5.8935,6.20118,5.97056,6.92066,6.65715,5.87563,,,7.63871,,6.21608,7.30905,7.44701,7.94425,,,,6.9975,5.98117,,7.87963,7.95745,4.50682,7.94275,6.9754,5.97056,7.95422
452.01,5.83684,5.89403,6.20511,5.97347,6.9326,6.66179,5.8773,,,7.64427,,6.2163,7.31415,7.45078,7.94387,,,,7.0089,5.98251,,7.88035,7.9576,4.51094,7.94236,6.97763,5.97347,7.95394
453.01,5.8372,5.89471,6.20897,5.97622,6.94458,6.66628,5.87893,,,7.64983,,6.21653,7.31919,7.45447,7.94346,,,,7.02033,5.98388,,7.88105,7.95771,4.515,7.94194,6.97981,5.97622,7.95362
454.01,5.83785,5.89558,6.21287,5.9789,6.9568,6.67068,5.88056,,,7.65545,,6.21686,7.32424,7.45816,7.94304,,,,7.03192,5.98534,,7.88175,7.95775,4.51907,7.94148,6.98206,5.9789,7.95329
455.01,5.83874,5.89661,6.21679,5.98149,6.96935,6.67496,5.88218,,,7.66109,,6.21729,7.3293,7.46185,7.94262,,,,7.04371,5.98688,,7.88242,7.95784,4.52315,7.94102,6.98435,5.98149,7.95297
456.01,5.83981,5.89774,6.2207,5.98397,6.98216,6.67907,5.88376,,,7.66677,,6.21781,7.33434,7.46552,7.94219,,,,7.05586,5.98849,,7.88308,7.95789,4.52722,7.94054,6.98667,5.98397,7.95264
457.01,5.84103,5.89895,6.22457,5.98629,6.99508,6.68296,5.88526,,,7.67247,,6.21844,7.33938,7.46919,7.94176,,,,7.06826,5.99018,,7.88375,7.95789,4.53126,7.94004,6.98904,5.98629,7.95231
458.01,5.84235,5.90018,6.22834,5.9884,7.00807,6.68655,5.88664,,,7.67816,,6.21919,7.34439,7.47285,7.94129,,,,7.08078,5.99192,,7.88442,7.95778,4.53524,7.93957,6.99145,5.9884,7.95197
459.01,5.84369,5.90137,6.2319,5.99025,7.02109,6.68977,5.88783,,,7.68384,,6.22005,7.34939,7.47651,7.94082,,,,7.09334,5.99369,,7.88509,7.95768,4.53913,7.93911,6.99389,5.99025,7.95163
460.01,5.84494,5.9024,6.23515,5.99173,7.03413,6.69251,5.88876,,,7.68942,,6.22102,7.35435,7.48017,7.94035,,,,7.10584,5.99546,,7.88574,7.95762,4.54284,7.93865,6.99637,5.99173,7.95128
461.01,5.84593,5.90314,6.23793,5.99273,7.04713,6.69462,5.88927,,,7.69484,,6.22211,7.35926,7.48382,7.93987,,,,7.1182,5.99718,,7.88639,7.95747,4.5463,7.9382,6.99887,5.99273,7.95092
462.01,5.84637,5.9033,6.24001,5.99303,7.05984,6.69592,5.88918,,,7.70003,,6.22333,7.36407,7.48746,7.93939,,,,7.13029,5.99878,,7.88702,7.95738,4.54937,7.93774,7.00136,5.99303,7.95057
463.01,5.84604,5.90274,6.24131,5.99259,7.07188,6.69629,5.88838,,,7.70491,,6.22466,7.36874,7.49108,7.93892,,,,7.14191,6.00021,,7.88764,7.95726,4.55203,7.93728,7.0038,5.99259,7.95021
464.01,5.8453,5.90184,6.24243,5.99209,7.08332,6.69621,5.88744,,,7.70953,,6.22599,7.3734,7.49474,7.93849,,,,7.15309,6.00154,,7.88829,7.9571,4.55468,7.93686,7.00628,5.99209,7.94988
465.01,5.84414,5.90066,6.24347,5.99165,7.09411,6.69574,5.88646,,,7.71382,,6.22722,7.378,7.49838,7.93806,,,,7.16359,6.00273,,7.88894,7.95686,4.55737,7.93645,7.00871,5.99165,7.94955
466.01,5.84272,5.89938,6.2447,5.99157,7.10437,6.69512,5.88568,,,7.7178,,6.22828,7.38257,7.50201,7.93764,,,,7.17348,6.00383,,7.88959,7.95665,4.56026,7.93605,7.01111,5.99157,7.94922
467.01,5.84144,5.8984,6.24664,5.99236,7.11431,6.69475,5.88555,,,7.72156,,6.22903,7.38715,7.50561,7.93724,,,,7.18291,6.00494,,7.89023,7.95643,4.56363,7.93567,7.01348,5.99236,7.94888
468.01,5.84107,5.89849,6.25016,5.99487,7.12449,6.69539,5.88684,,,7.72522,,6.22937,7.39182,7.50918,7.93687,,,,7.1923,6.00623,,10.0,7.95626,4.56796,7.93531,7.01588,5.99487,7.94857
469.01,5.84126,5.89908,6.2542,5.99784,7.13489,6.69612,5.88858,,,7.72884,,6.2296,7.39645,7.51268,7.93646,,,,7.20186,6.00763,,10.0,7.95606,4.57255,7.93491,7.01822,5.99784,7.94822
470.01,5.84167,5.89981,6.2582,6.00067,7.1453,6.69643,5.89026,,,7.73239,,6.22985,7.40098,7.51608,7.93601,,,,7.21158,6.00906,,10.0,7.95578,4.57706,7.93448,7.0205,6.00067,7.94784
471.01,5.84234,5.9007,6.26224,6.00342,7.15585,6.69638,5.89194,,,7.73598,,6.2302,7.40551,7.51947,7.93557,,,,7.22152,6.01056,,10.0,7.95546,4.58159,7.93405,7.02283,6.00342,7.94746
472.01,5.84324,5.90174,6.2663,6.00607,7.16662,6.69597,5.8936,,,7.73956,,6.23066,7.41003,7.52286,7.93513,,,,7.23163,6.01215,,10.0,7.95514,4.58613,7.93364,7.02521,6.00607,7.94707
473.01,5.84435,5.90291,6.27036,6.00861,7.17763,6.69518,5.89524,,,7.74309,,6.2312,7.41456,7.52623,7.93471,,,,7.24194,6.0138,,10.0,7.95485,4.59066,7.93322,7.02765,6.00861,7.94667
474.01,5.84563,5.90418,6.27439,6.011,7.18885,6.69402,5.89681,,,7.74656,,6.23185,7.41907,7.52958,7.93428,,,,7.25243,6.01552,,10.0,7.95456,4.59517,10.0,7.03013,6.011,7.94626
475.01,5.84701,5.90548,6.27833,6.01322,7.20034,6.69248,5.89828,,,7.74999,,6.23259,7.42354,7.53293,7.93386,,,,7.26317,6.01728,,7.95236,7.95426,4.5996,10.0,7.03264,6.01322,7.94586
476.01,5.8484,5.90673,6.2821,6.01517,7.21195,6.69053,5.89956,,,7.75336,,6.23343,7.42798,7.53625,7.93343,,,,7.27405,6.01906,,7.9527,7.95393,4.60394,10.0,7.03517,6.01517,7.94546
477.01,5.84968,5.9078,6.28559,6.01676,7.22355,6.68813,5.90055,,,7.75662,,6.2344,7.43237,7.53957,7.93301,,,,7.28495,6.02082,,7.95301,7.9536,4.60811,10.0,7.03773,6.01676,7.94506
478.01,5.85067,5.90855,6.2886,6.01784,7.23504,6.68516,5.90112,,,7.75978,,6.23549,7.43672,7.54287,10.0,,,,7.2957,6.0225,,7.95329,7.95328,4.61203,10.0,7.0403,6.01784,7.94466
479.01,5.85112,5.90873,6.29091,6.01821,7.24625,6.68149,5.90106,,,7.76279,,6.23672,7.441,7.54616,10.0,,,,7.30619,6.02403,,7.95352,7.95296,4.61557,10.0,7.04288,6.01821,7.94424
480.01,5.85084,5.90821,6.29241,6.01782,7.25699,6.67705,5.90031,,,7.76561,,6.23805,7.4452,7.54943,10.0,,,,7.31622,6.02534,,7.95377,7.95263,4.61871,10.0,7.04545,6.01782,7.94382
481.01,5.85016,5.90738,6.29374,6.01738,7.26727,6.6724,5.89943,,,7.76831,,6.23937,7.44939,7.55274,10.0,,,,7.3258,6.02653,,7.95399,7.95233,4.62184,7.95721,7.04805,6.01738,7.94343
482.01,5.84906,5.90625,6.29499,6.017,7.27692,6.66765,5.8985,,,7.77084,,6.24059,7.45353,7.55603,10.0,,,,7.33489,6.02759,,7.95415,7.95203,4.62501,7.95737,7.0506,6.017,7.94304
483.01,5.84769,5.90502,6.29643,6.01698,7.28592,6.6631,5.89776,,,7.77326,,6.24163,7.45764,7.5593,10.0,,,,7.34337,6.02858,,7.95422,7.95172,4.62838,7.95751,7.05311,6.01698,7.94266
484.01,5.84644,5.90407,6.29854,6.01781,7.29438,6.65922,5.89766,,,7.77561,,6.2424,7.46175,7.56257,10.0,,,,7.35129,6.0296,,7.9543,7.95142,4.63222,7.95764,7.0556,6.01781,7.94229
485.01,5.84609,5.90415,6.30218,6.02035,7.30269,6.65683,5.89897,,,7.77798,,6.24278,7.46592,7.56583,7.9573,,,,7.35899,6.03091,,7.95443,7.95113,4.63703,7.95772,7.0581,6.02035,7.94193
486.01,5.84631,5.90476,6.30632,6.02335,7.31109,6.65503,5.90074,,,7.78028,,6.24304,7.47004,7.56902,7.95746,,,,7.36676,6.03233,,7.95444,7.95081,4.64208,7.95782,7.06057,6.02335,7.94151
487.01,5.84678,5.90554,6.31042,6.02622,7.31965,6.65334,5.90247,,,7.78247,,6.24332,7.47407,7.57212,7.9576,,,,7.37463,6.03378,,7.95446,7.95046,4.64705,7.95787,7.06298,6.02622,7.94103
488.01,5.84751,5.90649,6.31459,6.02904,7.32849,6.65188,5.90421,,,7.78462,,6.24369,7.47808,7.57519,7.95772,,,,7.38265,6.0353,,7.95446,7.9501,4.65203,7.95788,7.06543,6.02904,7.94055
489.01,5.84846,5.90759,6.31881,6.03178,7.3375,6.65065,5.90595,,,7.78674,,6.24415,7.48207,7.57825,7.95776,,,,7.39087,6.0369,,7.9544,7.94974,4.65702,7.95778,7.06792,6.03178,7.94007
490.01,5.8496,5.9088,6.32306,6.0344,7.34659,6.64964,5.90765,,,7.78883,,6.2447,7.48603,7.5813,7.95784,,,,7.39922,6.03858,,7.95424,7.94936,4.662,7.95768,7.07044,6.0344,7.9396
491.01,5.85089,5.91009,6.32727,6.03688,7.3558,6.64882,5.90928,,,7.79089,,6.24536,7.48997,7.58433,7.95789,,,,7.4077,6.0403,,7.95408,7.94898,4.66694,7.95761,7.073,6.03688,7.93914
492.01,5.85229,5.91142,6.3314,6.03917,7.36515,6.64817,5.9108,,,7.79289,,6.24611,7.49389,7.58735,7.9579,,,,7.4163,6.04206,,7.95391,7.9486,4.67184,7.95746,7.0756,6.03917,7.93868
493.01,5.85371,5.9127,6.33536,6.04119,7.37464,6.64761,5.91214,,,7.79483,,6.24697,7.49778,7.59035,7.9578,,,,7.42496,6.04382,,7.95378,7.94823,4.67662,7.95736,7.07825,6.04119,7.93821
494.01,5.85504,5.91384,6.33904,6.04287,7.38421,6.64704,5.91321,,,7.7967,,6.24793,7.50164,7.59333,7.95771,,,,7.4336,6.04555,,7.95363,7.94785,4.68125,7.95726,7.08092,6.04287,7.93775
495.01,5.85609,5.91465,6.34229,6.04405,7.39371,6.64633,5.91387,,,7.79851,,6.24901,7.50545,7.5963,7.95765,,,,7.44215,6.04718,,7.95343,7.94746,4.68562,7.95708,7.08361,6.04405,7.9373
496.01,5.85658,5.91488,6.34487,6.04452,7.40294,6.64525,5.91388,,,7.80024,,6.25021,7.5092,7.59925,7.95749,,,,7.45053,6.04862,,7.95319,7.94706,4.68962,7.9568,7.08629,6.04452,7.93686
497.01,5.85631,5.91439,6.34666,6.04422,7.41175,6.64368,5.91319,,,7.80189,,6.25153,7.5129,7.60219,7.95739,,,,7.45858,6.04982,,7.95296,7.94665,4.69321,7.95654,7.08894,6.04422,7.93643
498.01,5.85563,5.91356,6.34824,6.04384,7.42014,6.64214,5.91234,,,7.80353,,6.25285,7.51661,7.60516,7.9573,,,,7.4662,6.05089,,7.95277,7.94628,4.69682,7.9563,7.09164,6.04384,7.93602
499.01,5.85454,5.91245,6.34969,6.0435,7.42799,6.64069,5.91143,,,7.8051,,6.25408,7.5203,7.60812,7.95716,,,,7.47332,6.05183,,7.95258,7.94591,4.70046,7.9561,7.09432,6.0435,7.93561
500.01,5.85323,5.91126,6.35129,6.04351,7.43525,6.63959,5.91073,,,7.80665,,6.25514,7.52397,7.61108,7.95695,,,,7.47991,6.05269,,7.95238,7.94555,4.7043,7.9559,7.09698,6.04351,7.93521
