time,Muttonpulao_02_CCK,Cholebhature_01_CCK,Curdrice_01_CCK,Lemonrice_01_CCK,Pasta_01_CCK,Masaladosa_01_CCK,Vegetable_Biryani_01_CCK,Rice_01_CCK,Paneer_01_CCK,Milk_Chocolate_01_CCK,Peanuts_01_CCK,Curd_01_CCK,Bread_Meal_01_CCK,Chickensandwich_01_CCK,Apple_Pineapplesalad_01_CCK,Spinach_01_CCK,Bread_Meal_02_CCK,Orange_01_CCK,Omelette_01_CCK
1.01,0.14954,0.16393,0.06661,0.11759,0.00532,0.09484,0.13082,0.0053,0.22159,0.00537,0.00605,0.00589,0.00533,0.1359,0.02051,0.00556,0.00533,0.00538,0.14357
2.01,5.30062,6.4589,2.24593,3.47459,0.01254,3.29845,4.28619,0.01038,8.52716,0.01831,0.02403,0.02652,0.01363,4.27527,0.42491,0.01367,0.01363,0.00903,4.43967
3.01,22.21286,28.03065,10.67752,14.2661,0.05093,13.99956,19.21457,0.04012,35.42613,0.11129,0.0956,0.12078,0.05829,18.10853,2.00178,0.04644,0.05829,0.02532,19.08871
4.01,48.24744,59.56196,24.22427,30.21201,0.13994,29.69883,41.94433,0.10925,72.18427,0.39188,0.25657,0.3356,0.16399,38.88275,4.84016,0.11462,0.16399,0.06013,40.24732
5.01,78.92037,92.52654,38.91857,47.78941,0.2933,46.35084,66.03132,0.22545,106.83434,0.95628,0.53352,0.6945,0.34721,61.58402,8.3694,0.22326,0.34721,0.11472,60.87892
6.01,111.345,123.351,52.28593,64.83365,0.52267,61.46223,88.26704,0.39352,133.61969,1.84781,0.9402,1.19641,0.62209,82.81193,11.95795,0.37301,0.62209,0.18645,77.11029
7.01,143.52387,150.87808,63.81777,80.39741,0.83831,73.9987,108.31014,0.61531,151.34163,3.04225,1.47808,1.81787,1.00031,101.02771,15.17294,0.56064,1.00031,0.26966,88.08779
8.01,173.35089,173.10907,73.85271,94.23866,1.24806,83.66195,125.95333,0.88974,161.41084,4.46895,2.13711,2.5143,1.48813,115.81706,17.81118,0.7795,1.48813,0.35764,93.88579
9.01,199.22898,188.86481,82.69524,106.33196,1.7554,90.4864,139.87927,1.21242,166.00994,6.04278,2.89895,3.23998,2.08509,127.18609,19.85085,1.0197,2.08509,0.44491,94.81129
10.01,220.32308,197.78945,90.21883,116.54568,2.35829,94.75476,149.04802,1.57664,167.27217,7.68682,3.74184,3.95106,2.78665,135.34422,21.37228,1.26855,2.78665,0.52824,92.2826
11.01,236.16056,200.24263,96.10769,124.54548,3.0518,96.93399,153.43637,1.97467,167.03916,9.34091,4.64556,4.6071,3.58765,140.67195,22.48895,1.51264,3.58765,0.60613,88.36799
12.01,246.6465,197.67791,100.09224,130.06948,3.83134,97.57618,153.93281,2.39839,166.67255,10.95915,5.59451,5.18408,4.48358,143.6845,23.30741,1.74157,4.48358,0.67784,84.78062
13.01,252.21443,192.41729,102.01995,133.35677,4.6922,97.21722,152.03615,2.84052,166.9355,12.51435,6.57883,5.6744,5.47054,144.96281,23.91263,1.94897,5.47054,0.74295,82.38869
14.01,253.81092,186.84216,102.2742,135.04787,5.62968,96.30092,149.2809,3.29541,168.0283,13.99969,7.59389,6.07146,6.54609,145.06976,24.36697,2.13056,6.54609,0.80117,81.29825
15.01,252.68278,182.60142,101.64666,135.85861,6.6405,95.14337,146.76766,3.7612,169.76698,15.41774,8.63889,6.37067,7.70982,144.481,24.71402,2.28256,7.70982,0.85228,81.18686
16.01,250.07732,180.33042,100.84628,136.3734,7.72322,93.93652,145.04705,4.23681,171.8081,16.77312,9.71548,6.57786,8.96219,143.55062,24.98258,2.40235,8.96219,0.89626,81.62569
17.01,246.99217,179.87913,100.20656,136.96879,8.87477,92.77935,144.23629,4.72021,173.8367,18.07114,10.82657,6.70933,10.30278,142.51034,25.19039,2.49069,10.30278,0.93327,82.26935
18.01,244.06071,180.72037,99.72843,137.82395,10.09033,91.7133,144.20566,5.2086,175.6618,19.31268,11.97526,6.78764,11.73045,141.48947,25.34809,2.55183,11.73045,0.96359,82.91089
19.01,241.57316,182.28766,99.30001,138.97384,11.36469,90.74779,144.73863,5.69952,177.2186,20.49384,13.16424,6.83224,13.24436,140.5463,25.46335,2.59106,13.24436,0.98755,83.46227
20.01,239.587,184.14982,98.86492,140.36583,12.69163,89.87721,145.62938,6.19187,178.52464,21.60782,14.39552,6.85654,14.84298,139.69684,25.54318,2.61308,14.84298,1.00552,83.91194
21.01,238.04423,186.04005,98.44736,141.89952,14.06097,89.08949,146.72209,6.68554,179.63195,22.64321,15.66997,6.86881,16.52229,138.93613,25.59433,2.62144,16.52229,1.01783,84.28226
22.01,236.84883,187.82723,98.10686,143.45356,15.45842,88.3717,147.91223,7.18018,180.59239,23.58978,16.98691,6.87393,18.27527,138.25317,25.62305,2.61876,18.27527,1.02485,84.59934
23.01,235.91008,189.47107,97.89607,144.90198,16.86737,87.71402,149.13437,7.67429,181.44052,24.4445,18.34377,6.87472,20.09347,137.63864,25.63449,2.60703,20.09346,1.02702,84.88164
24.01,235.15664,190.97605,97.84027,146.13157,18.26891,87.11033,150.3463,8.1647,182.19723,25.2096,19.73595,6.87268,21.96672,137.08549,25.63231,2.5879,21.96664,1.02483,85.13779
25.01,234.53612,192.35796,97.93738,147.06165,19.64429,86.55521,151.52085,8.64751,182.88005,25.89037,21.15663,6.8685,23.88421,136.58664,25.61909,2.56271,23.88125,1.01878,85.36978
26.01,234.01285,193.63452,98.1661,147.65696,20.97948,86.04249,152.6424,9.11984,183.49978,26.49396,22.59699,6.86247,25.83467,136.13479,25.59656,2.53254,25.81898,1.00932,85.57812
27.01,233.5663,194.82329,98.49575,147.92055,22.26632,85.56569,153.7028,9.58081,184.06013,27.02888,24.0466,6.85453,27.80321,135.72128,25.56571,2.49824,27.75897,0.99688,85.76509
28.01,233.18303,195.93598,98.89489,147.8769,23.49788,85.11765,154.69661,10.03124,184.56046,27.50452,25.49358,6.84439,29.76889,135.3377,25.52728,2.46039,29.67881,0.98177,85.93311
29.01,232.8495,196.97694,99.33596,147.55892,24.66552,84.69284,155.61939,10.47275,184.99731,27.93051,26.9249,6.83189,31.70242,134.97882,25.48201,2.41948,31.55417,0.96433,86.08285
30.01,232.55146,197.94608,99.7946,147.00055,25.75646,84.28895,156.468,10.90713,185.36794,28.31605,28.32684,6.81698,33.56754,134.6425,25.43056,2.37606,33.35882,0.94491,86.21353
31.01,232.27393,198.83936,100.24735,146.23011,26.74749,83.90511,157.23923,11.33576,185.6759,28.66954,29.68546,6.79967,35.32885,134.32696,25.37336,2.33068,35.06904,0.92386,86.32241
32.01,232.00328,199.65233,100.66946,145.2697,27.6044,83.53966,157.93441,11.75983,185.9313,28.99814,30.98718,6.77991,36.95213,134.02954,25.31059,2.28377,36.66823,0.90151,86.40707
33.01,231.72554,200.38675,101.03264,144.1385,28.30942,83.18985,158.56284,12.18046,186.14288,29.30782,32.21952,6.75765,38.39969,133.74685,25.24207,2.23561,38.14558,0.87812,86.46813
34.01,231.43173,201.05303,101.31659,142.86865,28.86213,82.85177,159.13065,12.59835,186.31549,29.60358,33.3717,6.73267,39.62552,133.47365,25.16756,2.18644,39.49307,0.85391,86.50914
35.01,231.12136,201.66083,101.51901,141.51221,29.26847,82.52018,159.63887,13.01357,186.44925,29.88949,34.43496,6.70482,40.56905,133.20573,25.08708,2.13635,40.70518,0.82901,86.53357
36.01,230.79845,202.21619,101.64912,140.12791,29.53886,82.19165,160.08898,13.42538,186.54086,30.16864,35.40273,6.67418,41.179,132.94277,25.00097,2.0855,41.78091,0.80361,86.54341
37.01,230.46737,202.72176,101.71993,138.77178,29.68824,81.86549,160.48389,13.83191,186.58887,30.44316,36.2707,6.64099,41.43761,132.68613,24.90958,2.03415,42.72353,0.7779,86.53898
38.01,230.12954,203.17763,101.74471,137.49264,29.73509,81.54153,160.82672,14.22976,186.59761,30.71436,37.03667,6.60541,41.35774,132.43634,24.81316,1.98253,43.53883,0.75207,86.5184
39.01,229.7862,203.5844,101.73501,136.329,29.69971,81.21969,161.1227,14.61422,186.57455,30.98279,37.70044,6.56757,40.98135,132.19272,24.71184,1.93083,44.23422,0.72628,86.48081
40.01,229.44161,203.94711,101.69865,135.30658,29.60219,80.9004,161.38111,14.9803,186.52484,31.2487,38.26379,6.52751,40.37158,131.95331,24.60549,1.87917,44.81983,0.70063,86.42821
41.01,229.10095,204.27403,101.64066,134.43602,29.4612,80.58366,161.60997,15.32348,186.45025,31.51228,38.73031,6.48509,39.59878,131.71493,24.49429,1.82761,45.30824,0.67519,86.36386
42.01,228.7659,204.57043,101.56283,133.71436,29.29336,80.26879,161.8139,15.63833,186.3477,31.77366,39.10512,6.44028,38.72902,131.47572,24.37933,1.77615,45.71206,0.65001,86.28988
43.01,228.43407,204.83779,101.45939,133.12783,29.11284,79.95655,161.99432,15.91639,186.21275,32.03271,39.39446,6.39331,37.81816,131.23757,24.2625,1.72489,46.04198,0.62518,86.20681
44.01,228.09933,205.07367,101.31946,132.65561,28.93117,79.64938,162.14991,16.14676,186.04566,32.28907,39.60515,6.34446,36.9102,131.00242,24.14421,1.67402,46.30797,0.60079,86.11285
45.01,227.75449,205.27382,101.14333,132.27467,28.75732,79.34844,162.27837,16.32091,185.8522,32.54202,39.74383,6.29393,36.03768,130.77077,24.02177,1.62368,46.52128,0.57692,86.00358
46.01,227.39812,205.43625,100.93997,131.96323,28.59793,79.05346,162.37903,16.43706,185.63895,32.79046,39.81681,6.24184,35.22312,130.54194,23.89326,1.57397,46.69448,0.55362,85.87368
47.01,227.03598,205.56392,100.71845,131.70129,28.45748,78.76291,162.45255,16.49977,185.41008,33.03345,39.82995,6.18819,34.48086,130.31433,23.75861,1.52493,46.83948,0.53092,85.71641
48.01,226.67415,205.66221,100.48711,131.47051,28.3388,78.47427,162.49709,16.51669,185.16706,33.27032,39.7885,6.1329,33.81874,130.08658,23.61862,1.47654,46.96714,0.50883,85.52984
49.01,226.31528,205.73491,100.25309,131.25482,28.24359,78.18542,162.51048,16.49604,184.90679,33.50057,39.69714,6.07603,33.23973,129.85932,23.4743,1.4288,47.0872,0.48736,85.31908
50.01,225.95851,205.78356,100.02063,131.04002,28.17262,77.8955,162.49237,16.44536,184.62641,33.72373,39.56004,6.01782,32.74339,129.63513,23.32631,1.3818,47.20791,0.46654,85.08968
51.01,225.59956,205.80626,99.79076,130.81464,28.12586,77.60146,162.44231,16.37105,184.32884,33.93929,39.3809,5.95847,32.32687,129.41564,23.17487,1.33564,47.33524,0.44642,84.84504
52.01,225.23279,205.80124,99.56218,130.57174,28.10261,77.29319,162.35892,16.27849,184.01997,34.1466,39.16308,5.89812,31.98566,129.20097,23.01939,1.2904,47.47245,0.427,84.5881
53.01,224.85666,205.77096,99.33191,130.30815,28.10164,76.96321,162.24358,16.17218,183.7041,34.34497,38.91,5.83682,31.71415,128.98957,22.85632,1.24613,47.62032,0.4083,84.32353
54.01,224.47019,205.72139,99.097,130.02146,28.12127,76.61508,162.10194,16.05566,183.38263,34.534,38.62523,5.77454,31.50604,128.7786,22.67982,1.20281,47.77802,0.39029,84.05664
55.01,224.0582,205.65736,98.85678,129.70654,28.1596,76.25591,161.93965,15.93157,183.05401,34.71363,38.31242,5.71125,31.35468,128.56577,22.48972,1.1604,47.94378,0.37296,83.79058
56.01,223.61197,205.58043,98.61246,129.35425,28.21483,75.89216,161.75787,15.80172,182.71394,34.88384,37.97527,5.64706,31.25346,128.35056,22.29009,1.1189,48.11538,0.3563,83.52625
57.01,223.14046,205.4883,98.36486,128.96234,28.28513,75.52952,161.54642,15.66716,182.35978,35.04461,37.61746,5.58217,31.19606,128.13328,22.08493,1.07838,48.29029,0.34031,83.26253
58.01,222.65444,205.37201,98.11396,128.53738,28.36869,75.17191,161.29749,15.52848,181.9956,35.19583,37.24256,5.5167,31.17655,127.91345,21.87712,1.03891,48.46608,0.32499,82.99699
59.01,222.16181,205.21494,97.85865,128.08844,28.46361,74.82102,161.01664,15.38613,181.6264,35.3372,36.85405,5.45077,31.18931,127.69054,21.66853,1.00052,48.64061,0.31033,82.72786
60.01,221.67086,205.00908,97.59709,127.61839,28.56799,74.47673,160.70606,15.24047,181.25487,35.4685,36.45557,5.38436,31.22909,127.46356,21.4602,0.96319,48.81207,0.29632,82.4556
61.01,221.18867,204.7659,97.32815,127.12123,28.67989,74.13712,160.36018,15.09171,180.88103,35.58977,36.05073,5.31741,31.29086,127.23182,21.25274,0.92688,48.97901,0.28292,82.18126
62.01,220.7179,204.50074,97.05264,126.60044,28.79759,73.80044,159.98343,14.9399,180.50234,35.70122,35.64292,5.24996,31.36992,126.99651,21.04678,0.89158,49.14032,0.2701,81.90413
63.01,220.25758,204.22391,96.77232,126.06694,28.91959,73.46671,159.58668,14.78498,180.11544,35.80307,35.23525,5.18215,31.46201,126.76034,20.84281,0.8573,49.2952,0.25786,81.61946
64.01,219.80353,203.93946,96.48854,125.53012,29.04453,73.137,159.17878,14.62668,179.71997,35.89553,34.83039,5.11411,31.56343,126.52564,20.64112,0.82406,49.44319,0.24617,81.31586
65.01,219.35083,203.64691,96.20189,124.99709,29.17115,72.81187,158.76733,14.46486,179.32001,35.9786,34.43058,5.04594,31.67086,126.29339,20.44179,0.79187,49.58421,0.23503,80.98622
66.01,218.89732,203.34661,95.91178,124.47417,29.29823,72.49101,158.36025,14.29963,178.91924,36.05223,34.03778,4.97769,31.78135,126.06352,20.24461,0.76074,49.71851,0.22443,80.63601
67.01,218.44538,203.04361,95.61726,123.9658,29.42455,72.17323,157.96326,14.13126,178.51923,36.1165,33.6538,4.90931,31.89226,125.83397,20.04928,0.73065,49.84649,0.21433,80.27526
68.01,217.9978,202.74153,95.31831,123.47396,29.54902,71.85625,157.5774,13.96002,178.11886,36.17169,33.28017,4.84073,32.0012,125.60295,19.85569,0.70155,49.96867,0.2047,79.91201
69.01,217.5551,202.44072,95.01614,122.99842,29.67079,71.53892,157.19958,13.78615,177.71488,36.21819,32.91804,4.77204,32.10606,125.37118,19.66398,0.6734,50.08561,0.19553,79.55103
70.01,217.11532,202.13872,94.71204,122.537,29.78922,71.22204,156.82426,13.60986,177.30483,36.25632,32.56817,4.70336,32.20518,125.14052,19.47428,0.6462,50.19785,0.18679,79.19411
71.01,216.67391,201.83107,94.40674,122.08695,29.90375,70.90662,156.44528,13.43129,176.88979,36.28637,32.23083,4.63482,32.29729,124.91212,19.28664,0.61997,50.30604,0.17848,78.84045
72.01,216.22672,201.51367,94.10021,121.64647,30.01392,70.59293,156.05935,13.25074,176.47325,36.30838,31.90595,4.56648,32.38142,124.68608,19.10098,0.59471,50.41093,0.17058,78.48895
73.01,215.77277,201.18638,93.79144,121.21507,30.11925,70.28047,155.66872,13.06876,176.05773,36.3224,31.59325,4.49833,32.45679,124.46144,18.91698,0.57039,50.51325,0.16307,78.13981
74.01,215.31261,200.85277,93.47973,120.7922,30.21926,69.96789,155.27691,12.88592,175.64405,36.32867,31.29234,4.43027,32.52279,124.23611,18.73439,0.54697,50.61374,0.15593,77.79406
75.01,214.84552,200.51516,93.16565,120.37683,30.31364,69.65352,154.88604,12.70271,175.23012,36.32755,31.00247,4.36227,32.57897,124.00885,18.55322,0.5244,50.71301,0.14914,77.45235
76.01,214.37174,200.17349,92.85048,119.96719,30.40227,69.33724,154.49606,12.51955,174.8122,36.31944,30.7226,4.29444,32.62508,123.78117,18.37361,0.50267,50.81152,0.14267,77.11469
77.01,213.89287,199.82466,92.53518,119.56093,30.48511,69.02063,154.10492,12.33676,174.3883,36.3047,30.45138,4.22689,32.66117,123.5546,18.19569,0.48178,50.90965,0.13652,76.77995
78.01,213.40969,199.46321,92.22011,119.15653,30.56223,68.70477,153.71004,12.15464,173.95947,36.28353,30.18743,4.15973,32.6875,123.32955,18.01947,0.46171,51.00777,0.13068,76.44604
79.01,212.92408,199.08388,91.90467,118.75409,30.63366,68.38987,153.31074,11.97364,173.52821,36.25598,29.92991,4.09297,32.70445,123.10526,17.84482,0.44245,51.10626,0.12514,76.11207
80.01,212.44083,198.68623,91.58745,118.35444,30.69938,68.07517,152.90922,11.79429,173.09705,36.22216,29.67878,4.02658,32.71243,122.87955,17.67142,0.42397,51.2054,0.11987,75.77892
81.01,211.96407,198.27591,91.26798,117.95797,30.75938,67.7591,152.5076,11.61708,172.66789,36.18236,29.43451,3.96047,32.71186,122.64943,17.49912,0.40623,51.3054,0.11486,75.4478
82.01,211.49518,197.85998,90.94714,117.5645,30.81378,67.44043,152.10704,11.44237,172.23984,36.13693,29.19763,3.89464,32.70315,122.41242,17.32806,0.38919,51.40633,0.11009,75.11938
83.01,211.03306,197.4436,90.62605,117.17281,30.86285,67.1194,151.70715,11.27043,171.81119,36.0862,28.96851,3.82919,32.68687,122.16657,17.15838,0.37284,51.50811,0.10555,74.79358
84.01,210.5742,197.02785,90.30542,116.78135,30.90684,66.7971,151.30638,11.10136,171.38318,36.03041,28.74711,3.76423,32.66366,121.90918,16.99017,0.35715,51.61062,0.10124,74.46924
85.01,210.11424,196.61199,89.98537,116.38997,30.94603,66.47411,150.90358,10.93536,170.95881,35.96965,28.53308,3.6998,32.63423,121.63922,16.82343,0.34213,51.71375,0.09714,74.14489
86.01,209.65261,196.19672,89.66512,115.99985,30.98061,66.15049,150.49951,10.77268,170.54014,35.90392,28.32607,3.63591,32.59925,121.35863,16.65796,0.32776,51.8174,0.09325,73.82056
87.01,209.19294,195.78388,89.34356,115.61213,31.01067,65.82547,150.09617,10.61361,170.1276,35.83334,28.12583,3.57249,32.55931,121.0704,16.49355,0.314,51.92143,0.08954,73.49761
88.01,208.73761,195.37179,89.02076,115.22726,31.03634,65.4981,149.69466,10.45833,169.71968,35.75821,27.93204,3.50948,32.51489,120.77742,16.33018,0.3008,52.02563,0.08601,73.17711
89.01,208.28693,194.94699,88.69782,114.84493,31.05788,65.16837,149.29495,10.30693,169.3128,35.67883,27.74429,3.44691,32.46646,120.48294,16.16802,0.28815,52.12969,0.08265,72.8594
90.01,207.83893,194.49196,88.37566,114.46395,31.07558,64.83757,148.89541,10.15933,168.90386,35.59544,27.56204,3.38488,32.41455,120.18989,16.00722,0.27604,52.23321,0.07945,72.54395
91.01,207.38939,194.00653,88.05465,114.08311,31.08975,64.50708,148.49414,10.0154,168.49724,35.5082,27.38449,3.32345,32.35971,119.89972,15.84784,0.26445,52.33588,0.0764,72.22948
92.01,206.93297,193.50114,87.73445,113.70298,31.10062,64.17766,148.09094,9.87514,168.09646,35.4171,27.2107,3.26266,32.30245,119.61257,15.6898,0.25338,52.43741,0.0735,71.91506
93.01,206.4668,192.98935,87.41406,113.32501,31.10832,63.84935,147.68758,9.73858,167.69444,35.32217,27.03977,3.20249,32.24319,119.3269,15.53292,0.24278,52.53753,0.07075,71.60119
94.01,205.99253,192.48235,87.09273,112.95017,31.11293,63.52122,147.28603,9.60577,167.27506,35.22356,26.87051,3.14285,32.18222,119.04024,15.37705,0.23264,52.63597,0.06812,71.28901
95.01,205.51531,191.98628,86.77088,112.57866,31.11458,63.19244,146.88718,9.47667,166.82702,35.12152,26.70072,3.08372,32.11973,118.7505,15.22228,0.22293,52.73241,0.06561,70.97924
96.01,205.04029,191.50258,86.44946,112.20981,31.11348,62.8634,146.4907,9.35116,166.35221,35.0163,26.52637,3.02515,32.05592,118.45453,15.06876,0.21363,52.82651,0.06321,70.67204
97.01,204.56934,191.02879,86.12909,111.84241,31.10986,62.53523,146.09437,9.22899,165.85894,34.90807,26.34229,2.96722,31.99103,118.14092,14.9166,0.20474,52.91789,0.06093,70.36662
98.01,204.10166,190.55997,85.80996,111.47568,31.1039,62.20881,145.69623,9.10997,165.3573,34.79689,26.14665,2.90998,31.92532,117.7884,14.76582,0.19624,53.00631,0.05876,70.06188
99.01,203.63668,190.09265,85.49151,111.11029,31.0957,61.88456,145.29678,8.99406,164.8549,34.68273,25.94226,2.85344,31.85897,117.39195,14.61629,0.18812,53.09157,0.05668,69.75751
100.01,203.176,189.62822,85.1729,110.74724,31.08527,61.56235,144.898,8.88126,164.35578,34.56564,25.73329,2.79754,31.79212,116.96385,14.46784,0.18035,53.17351,0.0547,69.45431
101.01,202.71974,189.16821,84.85391,110.38699,31.0726,61.24148,144.50138,8.77153,163.86052,34.4458,25.52311,2.74222,31.72475,116.51779,14.32043,0.17292,53.25195,0.05281,69.15319
102.01,202.26019,188.71271,84.53524,110.02938,31.05777,60.92222,144.10729,8.6648,163.3672,34.32339,25.31385,2.68748,31.65683,116.06477,14.17417,0.1658,53.3267,0.05099,68.85459
103.01,201.77763,188.26046,84.21766,109.67345,31.0409,60.60645,143.71492,8.56089,162.87386,34.19863,25.10671,2.63339,31.58837,115.61278,14.02919,0.15898,53.39754,0.04926,68.55828
104.01,201.26407,187.80897,83.90163,109.31821,31.02212,60.29644,143.32238,8.45959,162.38077,34.07161,24.90222,2.57999,31.51945,115.16638,13.88556,0.15247,53.4643,0.0476,68.26318
105.01,200.72813,187.35579,83.58707,108.96354,31.00152,59.99405,142.92847,8.36076,161.88994,33.94232,24.70064,2.52733,31.45012,114.72737,13.74326,0.14623,53.52691,0.04601,67.96839
106.01,200.18319,186.90118,83.27313,108.61029,30.97911,59.70063,142.53476,8.26441,161.40272,33.81074,24.50226,2.47539,31.3804,114.29549,13.60212,0.14027,53.58536,0.0445,67.67411
107.01,199.64137,186.44825,82.95906,108.25927,30.95481,59.41683,142.1432,8.17054,160.91931,33.67693,24.30738,2.42408,31.31022,113.86896,13.46201,0.13457,53.63967,0.04304,67.38123
108.01,199.11002,185.99916,82.64498,107.91079,30.92861,59.1429,141.75465,8.07913,160.4381,33.54109,24.11618,2.37337,31.23947,113.44634,13.32295,0.12911,53.68981,0.04165,67.09045
109.01,198.59177,185.55422,82.33154,107.56439,30.90056,58.87992,141.36871,7.99007,159.95661,33.40338,23.9287,2.32329,31.16804,113.02848,13.18509,0.12388,53.73576,0.04031,66.80205
110.01,198.08508,185.11165,82.01931,107.21902,30.87074,58.62993,140.98391,7.90323,159.47385,33.26396,23.74486,2.27392,31.09591,112.61633,13.0485,0.11887,53.77749,0.03903,66.51554
111.01,197.58566,184.6687,81.70857,106.87407,30.83922,58.39435,140.59847,7.81845,158.99121,33.12288,23.56436,2.22527,31.02312,112.21009,12.91325,0.11408,53.81501,0.03779,66.22974
112.01,197.09036,184.22392,81.39901,106.52996,30.80605,58.17378,140.21202,7.73571,158.51075,32.98007,23.38699,2.17736,30.94968,111.80917,12.77925,0.1095,53.84843,0.03661,65.9442
113.01,196.59963,183.77893,81.08969,106.18764,30.77114,57.9678,139.82617,7.65507,158.03372,32.83551,23.21268,2.13015,30.87557,111.41214,12.64632,0.10512,53.87788,0.03548,65.65957
114.01,196.11497,183.33668,80.78022,105.84776,30.7344,57.77511,139.44244,7.57656,157.56023,32.68932,23.04147,2.08356,30.80068,111.01743,12.51438,0.10091,53.90348,0.03439,65.37671
115.01,195.63681,182.89878,80.4711,105.51051,30.69583,57.59428,139.06148,7.50017,157.08837,32.54164,22.87335,2.03759,30.72488,110.62465,12.38352,0.09688,53.92529,0.03333,65.09613
116.01,195.16415,182.46512,80.16301,105.17519,30.65549,57.4247,138.68265,7.42581,156.61594,32.39264,22.70827,1.99231,30.64811,110.23504,12.25386,0.09301,53.94336,0.03232,64.81779
117.01,194.69448,182.03347,79.85639,104.84062,30.61347,57.26619,138.30445,7.35334,156.14332,32.2424,22.54606,1.94774,30.57037,109.84962,12.12547,0.0893,53.95773,0.03135,64.54096
118.01,194.22453,181.60123,79.55128,104.50653,30.56982,57.11808,137.9257,7.28269,155.67261,32.09093,22.38644,1.9039,30.49168,109.46867,11.99835,0.08576,53.96855,0.03041,64.2646
119.01,193.75388,181.16788,79.24713,104.17359,30.52455,56.97922,137.54682,7.21389,155.20557,31.93815,22.22928,1.86077,30.41205,109.09151,11.87237,0.08236,53.97596,0.02951,63.98869
120.01,193.28544,180.73541,78.94314,103.84254,30.47755,56.84778,137.16933,7.147,154.74282,31.78409,22.07463,1.8183,30.33145,108.71674,11.74738,0.07911,53.98013,0.02864,63.71413
121.01,192.82129,180.30595,78.63927,103.51374,30.42877,56.72174,136.79441,7.08206,154.28362,31.62889,21.92254,1.77645,30.24975,108.34333,11.62338,0.07599,53.9812,0.0278,63.44158
122.01,192.36184,179.88033,78.33622,103.18706,30.37824,56.59974,136.4224,7.01905,153.82572,31.47271,21.77303,1.73524,30.16689,107.97159,11.50049,0.07299,53.97926,0.02699,63.1713
123.01,191.9059,179.45785,78.03454,102.86162,30.32605,56.48148,136.05228,6.95786,153.36721,31.31565,21.62604,1.69471,30.08285,107.60263,11.37879,0.07011,53.97434,0.02621,62.90293
124.01,191.45098,179.0359,77.7345,102.53646,30.27227,56.36688,135.68251,6.8984,152.90947,31.15775,21.4814,1.65489,29.99768,107.23707,11.25832,0.06735,53.96654,0.02545,62.63562
125.01,190.9948,178.61241,77.43589,102.21182,30.21694,56.25553,135.3126,6.84062,152.45449,30.99897,21.33892,1.61578,29.91143,106.87494,11.13903,0.06471,53.956,0.02472,62.36871
126.01,190.53832,178.18849,77.13806,101.88854,30.16003,56.14666,134.9435,6.78457,152.00341,30.83926,21.19861,1.57734,29.82414,106.51519,11.02078,0.06218,53.94287,0.02402,62.10252
127.01,190.08438,177.76674,76.84046,101.5672,30.10149,56.03887,134.57648,6.73028,151.55618,30.67868,21.06054,1.53952,29.73577,106.15643,10.90347,0.05975,53.92727,0.02334,61.83783
128.01,189.63479,177.34892,76.54336,101.24796,30.04132,55.93096,134.2122,6.67776,151.11148,30.51736,20.92479,1.50231,29.64623,105.79831,10.78716,0.05741,53.90931,0.02268,61.57513
129.01,189.18976,176.93528,76.24739,100.93043,29.97957,55.82267,133.85049,6.62694,150.66731,30.35541,20.79137,1.46573,29.55551,105.44171,10.67194,0.05516,53.889,0.02205,61.31451
130.01,188.74771,176.5244,75.95294,100.61377,29.91635,55.71447,133.48983,6.5777,150.22295,30.19292,20.66019,1.42982,29.46365,105.08769,10.55788,0.05301,53.86636,0.02143,61.05543
131.01,188.30622,176.11367,75.66017,100.29745,29.85173,55.60664,133.12873,6.52994,149.7801,30.02987,20.53106,1.39458,29.37072,104.73671,10.44498,0.05094,53.84148,0.02083,60.7971
132.01,187.86404,175.70165,75.36864,99.98199,29.78571,55.49911,132.76748,6.48367,149.34048,29.86619,20.40389,1.36001,29.27678,104.38867,10.33316,0.04895,53.81447,0.02025,60.53927
133.01,187.4227,175.29056,75.07775,99.66811,29.71824,55.39133,132.40744,6.43893,148.90487,29.70189,20.2787,1.32608,29.18185,104.0423,10.22229,0.04705,53.78542,0.01969,60.28248
134.01,186.98436,174.88265,74.78727,99.35622,29.64927,55.28217,132.04971,6.39574,148.47276,29.53704,20.15557,1.29273,29.08588,103.69643,10.11232,0.04522,53.75442,0.01915,60.02737
135.01,186.54998,174.47873,74.49763,99.04626,29.57881,55.1711,131.69465,6.35406,148.04253,29.37176,20.03455,1.25998,28.98881,103.35144,10.00335,0.04346,53.72149,0.01862,59.77428
136.01,186.11905,174.07812,74.20929,98.73759,29.50694,55.05869,131.34165,6.31379,147.61264,29.20615,19.91563,1.22786,28.89066,103.00851,9.89544,0.04176,53.68661,0.01811,59.52309
137.01,185.68944,173.67889,73.92253,98.42947,29.43373,54.94567,130.98921,6.2748,147.18337,29.04025,19.79868,1.19637,28.7915,102.66844,9.78864,0.04014,53.64979,0.01762,59.27306
138.01,185.25911,173.27891,73.63729,98.12179,29.35926,54.83239,130.63623,6.23703,146.75644,28.87402,19.68357,1.16552,28.69142,102.33143,9.68293,0.03858,53.61108,0.01714,59.02356
139.01,184.82815,172.87815,73.35297,97.81517,29.28349,54.71876,130.2837,6.2005,146.33319,28.7074,19.57023,1.13528,28.59047,101.99696,9.57818,0.03708,53.57056,0.01667,58.77471
140.01,184.39865,172.47897,73.06905,97.51021,29.20636,54.6041,129.93303,6.16525,145.91404,28.54043,19.45872,1.10561,28.48867,101.66379,9.4743,0.03564,53.52829,0.01622,58.5271
141.01,183.97239,172.08318,72.78562,97.2072,29.12785,54.48749,129.58499,6.13126,145.49795,28.37319,19.34909,1.07649,28.38595,101.33108,9.3713,0.03425,53.48431,0.01578,58.28124
142.01,183.54997,171.69126,72.50317,96.90589,29.04802,54.36881,129.23943,6.09849,145.08307,28.2058,19.24137,1.04794,28.28232,100.99989,9.26928,0.03292,53.43859,0.01535,58.03731
143.01,183.13029,171.30208,72.22209,96.60552,28.96693,54.24892,128.89531,6.06682,144.66852,28.03832,19.13551,1.01997,28.17781,100.67135,9.16828,0.03164,53.3911,0.01494,57.79498
144.01,182.71092,170.9136,71.94258,96.3056,28.88466,54.12845,128.55135,6.03615,144.2552,27.87078,19.03137,0.99259,28.0725,100.34599,9.06833,0.03041,53.34181,0.01453,57.5534
145.01,182.29046,170.52445,71.66442,96.00633,28.80125,54.00763,128.20725,6.00645,143.84452,27.70309,18.92885,0.9658,27.96648,100.02369,8.96939,0.02923,53.29079,0.01414,57.31222
146.01,181.87028,170.13561,71.38694,95.70831,28.71663,53.8862,127.86423,5.97775,143.43734,27.53523,18.82795,0.93956,27.85977,99.70361,8.8713,0.0281,53.23805,0.01377,57.07188
147.01,181.45261,169.74927,71.10985,95.41195,28.63074,53.76347,127.52351,5.95006,143.03372,27.36727,18.72873,0.91386,27.75234,99.38474,8.77402,0.02701,53.18365,0.0134,56.83297
148.01,181.03875,169.36675,70.83352,95.11741,28.54358,53.63892,127.18564,5.92335,142.6322,27.19928,18.63123,0.88866,27.64415,99.0669,8.6776,0.02596,53.12755,0.01304,56.59587
149.01,180.6287,168.98811,70.5584,94.82418,28.45523,53.51288,126.85015,5.89754,142.23105,27.03138,18.53544,0.864,27.5352,98.75116,8.58213,0.02496,53.06969,0.01269,56.36056
150.01,180.2209,168.61171,70.28481,94.53149,28.36574,53.38615,126.51581,5.8725,141.8304,26.86359,18.44126,0.83988,27.42555,98.43839,8.48763,0.02399,53.01003,0.01235,56.12653
151.01,179.8128,168.23557,70.01277,94.23919,28.27519,53.25921,126.18152,5.84815,141.43165,26.6959,18.34853,0.81632,27.31527,98.12891,8.39412,0.02306,52.94858,0.01203,55.89301
152.01,179.40392,167.85926,69.74189,93.94783,28.18357,53.13215,125.84739,5.82449,141.03602,26.52824,18.25717,0.79328,27.20441,97.82229,8.3015,0.02217,52.88538,0.01171,55.65997
153.01,178.99648,167.48437,69.47156,93.65796,28.09085,53.00451,125.51446,5.80154,140.6439,26.36061,18.16723,0.77075,27.093,97.51751,8.20965,0.02132,52.82045,0.0114,55.42805
154.01,178.5922,167.11266,69.20176,93.36989,27.99697,52.87563,125.18359,5.77929,140.25473,26.19309,18.07875,0.74868,26.98099,97.21384,8.11858,0.0205,52.75383,0.0111,55.19773
155.01,178.19149,166.74485,68.933,93.08356,27.90199,52.74531,124.85509,5.75771,139.86683,26.02578,17.99175,0.7271,26.86835,96.9116,8.02835,0.01971,52.68547,0.01081,54.9692
156.01,177.79352,166.38032,68.66567,92.79834,27.80598,52.61417,124.52819,5.73669,139.47877,25.85874,17.9062,0.70602,26.75511,96.6118,7.93904,0.01895,52.6153,0.01052,54.74222
157.01,177.39643,166.01692,68.39993,92.51347,27.70901,52.48284,124.20171,5.71612,139.09164,25.692,17.82195,0.68544,26.64135,96.31506,7.85066,0.01823,52.54332,0.01025,54.51617
158.01,176.99837,165.65293,68.13563,92.22913,27.61111,52.35162,123.87517,5.69595,138.70701,25.52549,17.73888,0.66535,26.52712,96.0215,7.76318,0.01753,52.46956,0.00998,54.29054
159.01,176.59999,165.28907,67.87228,91.94594,27.51227,52.22041,123.54926,5.6762,138.3257,25.35917,17.65698,0.64574,26.41248,95.73043,7.67648,0.01687,52.39406,0.00972,54.06555
160.01,176.20344,164.92738,67.60948,91.66428,27.41243,52.08858,123.22498,5.65689,137.94767,25.19308,17.57628,0.62657,26.29739,95.44084,7.5905,0.01623,52.31687,0.00947,53.84176
161.01,175.81008,164.56925,67.34743,91.38426,27.31158,51.95555,122.90293,5.638,137.57191,25.0273,17.49684,0.60783,26.1818,95.15254,7.50528,0.01562,52.23798,0.00923,53.61954
162.01,175.42005,164.21488,67.08657,91.10558,27.20977,51.82149,122.58307,5.61948,137.19687,24.8619,17.41864,0.58955,26.06569,94.86638,7.42088,0.01503,52.15737,0.00899,53.39895
163.01,175.03208,163.86315,66.82719,90.82761,27.10708,51.68705,122.26424,5.60123,136.8219,24.69694,17.34162,0.57171,25.94911,94.58333,7.33734,0.01447,52.07499,0.00876,53.17959
164.01,174.64431,163.51193,66.56936,90.54991,27.00358,51.55275,121.94528,5.58314,136.44822,24.53239,17.26565,0.55433,25.83212,94.30392,7.25468,0.01393,51.99087,0.00854,52.96091
165.01,174.25572,163.16001,66.31278,90.27289,26.89929,51.41877,121.62632,5.56522,136.07708,24.3682,17.19064,0.53739,25.71476,94.02817,7.17281,0.01342,51.90506,0.00833,52.74268
166.01,173.86766,162.80915,66.05697,89.99709,26.79416,51.28485,121.30839,5.5475,135.70906,24.20434,17.11662,0.52086,25.59706,93.75519,7.09165,0.01293,51.81762,0.00812,52.5253
167.01,173.482,162.4613,65.80177,89.72281,26.68818,51.15024,120.99239,5.52999,135.3438,24.04088,17.04362,0.50473,25.47897,93.48413,7.01116,0.01246,51.7286,0.00792,52.30924
168.01,173.09969,162.11734,65.54749,89.45005,26.58135,51.01458,120.67871,5.51268,134.98009,23.87789,16.97167,0.48899,25.36045,93.21537,6.93141,0.01201,51.63798,0.00773,52.09477
169.01,172.72041,161.77687,65.29451,89.17834,26.47376,50.87833,120.36696,5.4955,134.61681,23.71543,16.90075,0.47365,25.24152,92.94996,6.85245,0.01158,51.54575,0.00754,51.88179
170.01,172.34251,161.43842,65.04305,88.90715,26.36547,50.74213,120.05598,5.47835,134.25412,23.55353,16.83078,0.45871,25.12224,92.68864,6.77431,0.01117,51.4519,0.00736,51.66976
171.01,171.96429,161.10023,64.79304,88.63637,26.25653,50.60632,119.74481,5.46117,133.8933,23.39214,16.76163,0.44418,25.00268,92.43168,6.69697,0.01078,51.35649,0.00718,51.45823
172.01,171.58562,160.76219,64.54406,88.36647,26.14692,50.47089,119.43409,5.444,133.53531,23.2312,16.69326,0.43004,24.88287,92.17876,6.62033,0.01041,51.25957,0.00701,51.24725
173.01,171.20811,160.42614,64.29571,88.09788,26.03659,50.33537,119.1248,5.42687,133.18044,23.07073,16.6257,0.41627,24.76283,91.92896,6.54433,0.01006,51.16123,0.00685,51.03727
174.01,170.83321,160.09357,64.04807,87.83081,25.92552,50.19906,118.81755,5.40979,132.82789,22.9108,16.55898,0.40285,24.64249,91.68167,6.46898,0.00972,51.06149,0.00669,50.82867
175.01,170.46153,159.76489,63.80151,87.56506,25.81376,50.0619,118.51229,5.39272,132.47623,22.75146,16.49313,0.38977,24.52184,91.43779,6.39434,0.0094,50.96037,0.00654,50.62158
176.01,170.09238,159.43918,63.5563,87.30008,25.70137,49.9246,118.20828,5.37561,132.12472,22.59277,16.42808,0.37706,24.40092,91.19831,6.32045,0.00909,50.85784,0.0064,50.41576
177.01,169.72395,159.11475,63.31261,87.03548,25.58841,49.78766,117.90446,5.35837,131.77404,22.43473,16.36371,0.36471,24.27977,90.96369,6.24733,0.0088,50.75393,0.00626,50.21058
178.01,169.3551,158.79042,63.07023,86.77145,25.47493,49.65125,117.60053,5.34101,131.42533,22.27726,16.29994,0.3527,24.15846,90.73385,6.17493,0.00852,50.64872,0.00612,50.00576
179.01,168.98684,158.467,62.82865,86.50847,25.36088,49.51517,117.29733,5.32356,131.07927,22.12033,16.23675,0.34103,24.03699,90.50815,6.10316,0.00826,50.54226,0.00599,49.80162
180.01,168.62086,158.14643,62.58764,86.24687,25.24622,49.37886,116.99577,5.30607,130.73589,21.96399,16.1742,0.32967,23.91535,90.2857,6.03196,0.00801,50.43461,0.00587,49.59861
181.01,168.25814,157.83003,62.34748,85.98678,25.13096,49.24184,116.69635,5.28855,130.39409,21.80829,16.1123,0.31862,23.79347,90.06631,5.96139,0.00778,50.32579,0.00575,49.39701
182.01,167.89855,157.51803,62.10851,85.72783,25.01518,49.10437,116.39881,5.27096,130.0525,21.6533,16.05106,0.30789,23.67137,89.85082,5.89151,0.00755,50.21577,0.00564,49.19682
183.01,167.54074,157.20921,61.87096,85.46939,24.89894,48.96706,116.10229,5.25324,129.71118,21.49903,15.99039,0.29748,23.54909,89.63986,5.82234,0.00734,50.10454,0.00553,48.99764
184.01,167.18256,156.90195,61.63483,85.21135,24.78228,48.83029,115.80596,5.23535,129.37127,21.34545,15.93017,0.28737,23.42667,89.43357,5.75388,0.00714,49.99215,0.00543,48.7989
185.01,166.8235,156.59583,61.39982,84.9541,24.66523,48.69413,115.50989,5.21732,129.03381,21.1925,15.87035,0.27757,23.30416,89.23146,5.68605,0.00695,49.87866,0.00533,48.60058
186.01,166.46536,156.29209,61.16545,84.69806,24.54772,48.5582,115.21486,5.19921,128.69922,21.04017,15.81096,0.26805,23.18157,89.03261,5.61878,0.00677,49.76412,0.00524,48.40314
187.01,166.1097,155.9922,60.9317,84.44345,24.42973,48.42194,114.92151,5.18104,128.36712,20.88853,15.75203,0.25881,23.05884,88.83634,5.55207,0.0066,49.64858,0.00515,48.20697
188.01,165.75712,155.69682,60.69896,84.19021,24.31129,48.28513,114.63006,5.16284,128.03621,20.73762,15.69358,0.24984,22.93594,88.64283,5.48596,0.00644,49.53202,0.00506,48.01221
189.01,165.4071,155.40552,60.46752,83.93787,24.19246,48.1482,114.33994,5.14455,127.70527,20.58749,15.63558,0.24114,22.8129,88.45281,5.42051,0.00629,49.41441,0.00498,47.81867
190.01,165.05817,155.11662,60.23752,83.68585,24.0733,48.0116,114.05019,5.12612,127.37508,20.43814,15.57793,0.23271,22.68977,88.26669,5.35574,0.00615,49.29576,0.00491,47.6259
191.01,164.70875,154.82875,60.00881,83.43432,23.95384,47.87559,113.76039,5.10755,127.04681,20.28952,15.52052,0.22455,22.56659,88.08441,5.2916,0.00602,49.17613,0.00483,47.43349
192.01,164.35921,154.54255,59.78102,83.18378,23.83405,47.74009,113.47103,5.08889,126.72108,20.14157,15.46335,0.21665,22.44341,87.90521,5.22803,0.0059,49.05555,0.00477,47.24162
193.01,164.01125,154.2598,59.55382,82.93455,23.71389,47.60461,113.18287,5.07018,126.39784,19.99433,15.40646,0.20899,22.32019,87.72808,5.16496,0.00578,48.93409,0.00471,47.05069
194.01,163.666,153.98185,59.32737,82.68671,23.59335,47.46869,112.89649,5.05147,126.07631,19.84784,15.34987,0.20155,22.19689,87.55262,5.10243,0.00568,48.81175,0.00465,46.861
195.01,163.32359,153.7091,59.10202,82.44004,23.47249,47.33242,112.61198,5.03274,125.75524,19.70216,15.29359,0.19436,22.0735,87.37931,5.04048,0.00557,48.6885,0.00459,46.6726
196.01,162.98306,153.44085,58.87799,82.19405,23.35135,47.1963,112.32856,5.01395,125.43409,19.5573,15.23756,0.1874,21.95006,87.20875,4.97916,0.00548,48.56432,0.00454,46.48518
197.01,162.64283,153.17558,58.65532,81.94839,23.22999,47.0607,112.04536,4.99504,125.11384,19.41325,15.18168,0.18067,21.82661,87.04115,4.91846,0.00539,48.43924,0.00449,46.29831
198.01,162.30193,152.91256,58.43379,81.7034,23.10842,46.92576,111.76243,4.97606,124.79551,19.26994,15.12588,0.17416,21.70321,86.87631,4.85832,0.00531,48.3133,0.00445,46.11181
199.01,161.96131,152.65349,58.21301,81.45951,22.98659,46.79126,111.48046,4.95704,124.4796,19.12736,15.07017,0.16786,21.57987,86.7133,4.79867,0.00524,48.18656,0.00441,45.92599
200.01,161.62251,152.40024,57.99284,81.21695,22.86449,46.65662,111.20009,4.93804,124.16588,18.98553,15.01459,0.16176,21.45654,86.55116,4.73951,0.00517,48.05905,0.00437,45.74122
201.01,161.28636,152.1537,57.77354,80.97569,22.74211,46.52155,110.92158,4.91908,123.85339,18.84452,14.95915,0.15586,21.3332,86.38998,4.68086,0.00511,47.93076,0.00434,45.55769
202.01,160.95272,151.91357,57.55542,80.73539,22.61953,46.38644,110.64463,4.90012,123.54114,18.70436,14.90385,0.15016,21.20985,86.23039,4.62277,0.00505,47.80167,0.00431,45.37535
203.01,160.62039,151.6786,57.33862,80.49562,22.4968,46.25178,110.3683,4.88113,123.22921,18.56505,14.8486,0.14465,21.08655,86.07279,4.56527,0.00499,47.67177,0.00428,45.19378
204.01,160.28806,151.44729,57.12312,80.25628,22.37395,46.11779,110.09184,4.86207,122.91859,18.42655,14.7933,0.13934,20.96334,85.91722,4.50834,0.00494,47.54109,0.00425,45.01262
205.01,159.95563,151.21961,56.90857,80.01776,22.25097,45.98444,109.81573,4.84299,122.61007,18.2888,14.73794,0.1342,20.84026,85.76322,4.4519,0.0049,47.40967,0.00423,44.83192
206.01,159.6244,150.99718,56.69466,79.7804,22.12782,45.85134,109.54071,4.82395,122.30391,18.15182,14.68252,0.12925,20.7173,85.60982,4.3959,0.00486,47.27757,0.00421,44.65202
207.01,159.29562,150.78124,56.48146,79.54435,22.00448,45.71791,109.26728,4.80497,121.99952,18.01564,14.62709,0.12445,20.59442,85.45633,4.34035,0.00482,47.14481,0.0042,44.47321
208.01,158.96976,150.572,56.26924,79.30946,21.88101,45.58415,108.99548,4.78606,121.69579,17.88031,14.57165,0.11983,20.47159,85.30332,4.28531,0.00479,47.01135,0.00418,44.29561
209.01,158.64612,150.36822,56.05826,79.07528,21.75744,45.45059,108.72477,4.76717,121.39211,17.74585,14.51617,0.11536,20.34886,85.15148,4.2308,0.00476,46.87719,0.00417,44.11902
210.01,158.32308,150.16782,55.84863,78.84149,21.63383,45.31765,108.45435,4.74826,121.08902,17.61225,14.46056,0.11106,20.22627,85.00108,4.17684,0.00473,46.74232,0.00416,43.94296
211.01,157.99954,149.96891,55.64019,78.60825,21.51021,45.18544,108.18391,4.72934,120.78745,17.47945,14.40473,0.10691,20.10386,84.852,4.12339,0.00471,46.6068,0.00416,43.76719
212.01,157.67616,149.77102,55.43255,78.37595,21.38655,45.05374,107.91405,4.71044,120.48798,17.34742,14.3487,0.1029,19.98166,84.70365,4.07036,0.00469,46.47067,0.00415,43.59197
213.01,157.35433,149.57425,55.22554,78.14483,21.26279,44.92209,107.64541,4.69162,120.19063,17.21617,14.2925,0.09904,19.85962,84.55525,4.01773,0.00467,46.33398,0.00415,43.41765
214.01,157.03495,149.37779,55.01936,77.915,21.13896,44.7901,107.37836,4.67288,119.89457,17.08576,14.23615,0.09531,19.73773,84.40659,3.96555,0.00465,46.19671,0.00415,43.24444
215.01,156.71807,149.1796,54.81431,77.68616,21.01511,44.65798,107.11273,4.65421,119.59865,16.95621,14.17967,0.09172,19.61597,84.25837,3.91384,0.00464,46.05886,0.00415,43.07236
216.01,156.4027,148.97629,54.61057,77.45781,20.89128,44.52625,106.84786,4.63557,119.30291,16.82754,14.12298,0.08825,19.49439,84.11112,3.86264,0.00463,45.92039,0.00416,42.90109
217.01,156.08714,148.76438,54.40815,77.22984,20.76751,44.3952,106.58313,4.61692,119.00824,16.69971,14.066,0.08492,19.37304,83.96505,3.81195,0.00462,45.78133,0.00416,42.73018
218.01,155.77098,148.54179,54.20678,77.00259,20.64381,44.26487,106.31862,4.59828,118.71541,16.57267,14.00869,0.08171,19.25195,83.81982,3.76169,0.00461,45.64174,0.00417,42.5596
219.01,155.4557,148.30834,54.00604,76.7764,20.52013,44.13493,106.05495,4.57969,118.42474,16.44639,13.95109,0.07862,19.13111,83.67471,3.71182,0.0046,45.50165,0.00417,42.38974
220.01,155.14262,148.06459,53.80587,76.55144,20.39645,44.00491,105.79263,4.56119,118.13594,16.32093,13.89322,0.07564,19.01049,83.52914,3.66233,0.0046,45.36108,0.00418,42.2209
221.01,154.83223,147.81105,53.60651,76.32765,20.2728,43.87463,105.53189,4.54279,117.84797,16.19632,13.83511,0.07277,18.89007,83.38326,3.61328,0.00459,45.22004,0.00419,42.05318
222.01,154.52415,147.54802,53.40808,76.10466,20.14924,43.74444,105.2723,4.52443,117.55984,16.07259,13.77676,0.07,18.76985,83.23774,3.56469,0.00459,45.07848,0.00421,41.88646
223.01,154.21721,147.27542,53.21057,75.88198,20.02582,43.61476,105.01316,4.50609,117.27219,15.94971,13.71809,0.06734,18.6499,83.09297,3.51658,0.00459,44.9364,0.00422,41.72036
224.01,153.91006,146.99393,53.01372,75.65977,19.90254,43.48579,104.75411,4.48774,116.986,15.82766,13.65902,0.06479,18.53023,82.94903,3.46891,0.00459,44.79386,0.00423,41.55456
225.01,153.60296,146.7061,52.81713,75.43845,19.7794,43.35747,104.49553,4.46943,116.70181,15.70638,13.59956,0.06233,18.4109,82.80542,3.42163,0.00459,44.6509,0.00424,41.38919
226.01,153.29733,146.41536,52.62043,75.21826,19.65636,43.22934,104.23798,4.45118,116.41961,15.58588,13.53976,0.05996,18.29186,82.66137,3.37469,0.00459,44.50756,0.00426,41.2246
227.01,152.99417,146.12471,52.42367,74.99925,19.53341,43.10102,103.98185,4.43302,116.13881,15.4662,13.47966,0.05768,18.17307,82.51665,3.32812,0.00459,44.36386,0.00428,41.061
228.01,152.69367,145.8361,52.22713,74.78126,19.4106,42.97257,103.72719,4.41493,115.85837,15.34738,13.41928,0.05549,18.05453,82.37172,3.28198,0.00459,44.21977,0.00429,40.89843
229.01,152.39506,145.54992,52.03099,74.56387,19.28798,42.84439,103.47338,4.39688,115.57784,15.22943,13.35858,0.05338,17.93627,82.22719,3.23627,0.00459,44.07526,0.00431,40.73666
230.01,152.09704,145.26481,51.83533,74.3468,19.16558,42.71682,103.21971,4.37882,115.29801,15.11231,13.29751,0.05136,17.81833,82.08333,3.191,0.0046,43.93037,0.00432,40.57533
231.01,151.79871,144.9787,51.63998,74.13033,19.0434,42.58997,102.96622,4.36076,115.0197,14.99597,13.23601,0.04942,17.70074,81.94012,3.14613,0.0046,43.78512,0.00434,40.4143
232.01,151.50079,144.69011,51.44469,73.91481,18.92142,42.46365,102.71344,4.34274,114.74334,14.8804,13.17414,0.04755,17.58352,81.79689,3.10159,0.0046,43.63957,0.00436,40.25383
233.01,151.20453,144.39716,51.2494,73.70043,18.79961,42.33735,102.46187,4.32478,114.46875,14.76562,13.11193,0.04575,17.46661,81.65294,3.0574,0.00461,43.49373,0.00438,40.09419
234.01,150.91068,144.09743,51.05437,73.48716,18.67797,42.21082,102.21175,4.30689,114.19516,14.65166,13.04942,0.04402,17.35,81.50846,3.01357,0.00461,43.3476,0.00439,39.93556
235.01,150.61914,143.78837,50.8599,73.27473,18.55657,42.08437,101.96287,4.28906,113.92176,14.53855,12.98664,0.04236,17.23368,81.36409,2.97015,0.00462,43.20116,0.00441,39.77789
236.01,150.32889,143.46749,50.66618,73.06277,18.43544,41.95841,101.71455,4.27123,113.64857,14.42629,12.92352,0.04076,17.11771,81.2203,2.92715,0.00462,43.05439,0.00443,39.62084
237.01,150.03876,143.13298,50.47325,72.85121,18.3146,41.83314,101.46622,4.25338,113.37642,14.31482,12.86003,0.03923,17.00211,81.07723,2.88455,0.00463,42.90732,0.00445,39.46412
238.01,149.74858,142.78492,50.28087,72.64036,18.19405,41.70857,101.2183,4.23554,113.10597,14.2041,12.79615,0.03776,16.88691,80.9346,2.8423,0.00463,42.76,0.00446,39.30779
239.01,149.45941,142.42547,50.08887,72.43052,18.07374,41.58436,100.97135,4.21774,112.83743,14.09415,12.73195,0.03635,16.7721,80.79171,2.80036,0.00463,42.61245,0.00448,39.15211
240.01,149.17232,142.05753,49.89731,72.22181,17.95366,41.46001,100.72577,4.19999,112.57035,13.98497,12.66747,0.03499,16.65763,80.64802,2.75874,0.00464,42.4647,0.0045,38.99731
241.01,148.8878,141.68391,49.70649,72.01409,17.83384,41.33549,100.48159,4.1823,112.30382,13.87661,12.60275,0.03369,16.54349,80.50411,2.71749,0.00464,42.31671,0.00451,38.8435
242.01,148.60537,141.3066,49.51664,71.80699,17.71432,41.21125,100.23839,4.16463,112.03731,13.76909,12.53777,0.03244,16.42971,80.36063,2.67663,0.00465,42.16847,0.00453,38.69052
243.01,148.32374,140.92667,49.32788,71.60026,17.59515,41.0876,99.99554,4.14694,111.77127,13.66237,12.4725,0.03124,16.31632,80.2179,2.63616,0.00465,42.01998,0.00455,38.53795
244.01,148.04202,140.54482,49.14011,71.39401,17.47633,40.96466,99.7528,4.12924,111.50645,13.55641,12.4069,0.03009,16.20336,80.07585,2.59606,0.00466,41.87127,0.00456,38.38564
245.01,147.76074,140.16239,48.95303,71.18857,17.35783,40.84227,99.51064,4.11154,111.24331,13.45118,12.34099,0.02898,16.09083,79.93404,2.55626,0.00466,41.72239,0.00458,38.23378
246.01,147.48111,139.78121,48.76648,70.98414,17.23962,40.72003,99.26956,4.09387,110.9819,13.34669,12.27485,0.02792,15.9787,79.79185,2.51674,0.00467,41.57336,0.0046,38.08265
247.01,147.20394,139.40274,48.58065,70.78082,17.1217,40.59761,99.02983,4.07625,110.72153,13.24297,12.20851,0.0269,15.86694,79.64915,2.47752,0.00467,41.42419,0.00461,37.93242
248.01,146.92935,139.02776,48.39577,70.57834,17.0041,40.47516,98.79131,4.05867,110.46125,13.14005,12.14201,0.02592,15.75555,79.50659,2.43864,0.00468,41.27483,0.00463,37.7831
249.01,146.65663,138.65592,48.21199,70.37628,16.88688,40.35308,98.55349,4.04107,110.20109,13.03794,12.07532,0.02499,15.64456,79.36473,2.40012,0.00468,41.12528,0.00464,37.63444
250.01,146.38438,138.28624,48.02931,70.17457,16.77005,40.23163,98.31588,4.02344,109.94175,12.93659,12.00838,0.02409,15.534,79.22382,2.36197,0.00469,40.97556,0.00466,37.48607
251.01,146.11231,137.91812,47.84753,69.97348,16.65361,40.11084,98.07855,4.00579,109.6839,12.83595,11.9412,0.02323,15.42391,79.08367,2.32413,0.00469,40.82571,0.00467,37.33797
252.01,145.84165,137.55194,47.66631,69.77329,16.53751,39.99045,97.842,3.98815,109.42782,12.73602,11.87382,0.0224,15.31427,78.94376,2.28657,0.00469,40.67575,0.00469,37.19046
253.01,145.57354,137.18843,47.48563,69.57416,16.42174,39.87007,97.60663,3.97054,109.17327,12.63682,11.8063,0.02161,15.20504,78.80368,2.24927,0.00469,40.52571,0.0047,37.04378
254.01,145.30846,136.82819,47.30574,69.37603,16.30631,39.74958,97.3726,3.95296,108.9194,12.53838,11.73869,0.02085,15.0962,78.66364,2.21228,0.00468,40.37558,0.00471,36.89802
255.01,145.04608,136.4712,47.12683,69.17858,16.19128,39.62927,97.1396,3.9354,108.66537,12.44072,11.67099,0.02012,14.98776,78.52429,2.17562,0.00467,40.22531,0.00473,36.75308
256.01,144.78536,136.11651,46.94896,68.98141,16.07667,39.50952,96.90705,3.9178,108.41174,12.34383,11.60317,0.01942,14.87977,78.38606,2.1393,0.00466,40.07492,0.00474,36.60864
257.01,144.52505,135.76294,46.77204,68.78466,15.96249,39.3905,96.67469,3.90017,108.1593,12.24765,11.53517,0.01875,14.77224,78.24912,2.10331,0.00465,39.92444,0.00475,36.46444
258.01,144.26534,135.41031,46.59582,68.58867,15.84872,39.27217,96.44282,3.88253,107.9085,12.15215,11.46703,0.01811,14.6652,78.11311,2.06762,0.00465,39.77391,0.00476,36.32061
259.01,144.00737,135.05925,46.42005,68.39365,15.73533,39.15416,96.2119,3.8649,107.65936,12.05735,11.3988,0.01749,14.55862,77.97748,2.03218,0.00464,39.62335,0.00477,36.17741
260.01,143.75201,134.71045,46.24483,68.19966,15.6223,39.03615,95.98223,3.8473,107.41138,11.96326,11.33055,0.0169,14.45245,77.84209,1.99704,0.00463,39.47278,0.00478,36.03503
261.01,143.49949,134.36431,46.07038,68.00652,15.50968,38.91818,95.75385,3.82973,107.16371,11.86991,11.26229,0.01633,14.34669,77.70739,1.96222,0.00463,39.32217,0.00479,35.8935
262.01,143.2492,134.02058,45.89684,67.81391,15.3975,38.8006,95.52625,3.81212,106.91592,11.77731,11.19401,0.01579,14.24137,77.57397,1.92773,0.00463,39.17149,0.00481,35.75262
263.01,143.00005,133.67818,45.72424,67.62158,15.28579,38.68367,95.29888,3.79444,106.66868,11.68542,11.12567,0.01527,14.13652,77.44212,1.89358,0.00463,39.02077,0.00482,35.61209
264.01,142.75126,133.33624,45.55242,67.42976,15.17453,38.56747,95.07178,3.77668,106.42268,11.59421,11.05725,0.01478,14.03217,77.31187,1.85973,0.00463,38.87004,0.00482,35.47181
265.01,142.50337,132.99524,45.38113,67.23876,15.0637,38.45185,94.8454,3.75884,106.17826,11.50365,10.98879,0.0143,13.9283,77.18268,1.82614,0.00463,38.71933,0.00483,35.33197
266.01,142.25737,132.65603,45.21025,67.04873,14.95327,38.33637,94.62013,3.74092,105.93529,11.41377,10.92035,0.01384,13.82489,77.05401,1.79282,0.00464,38.56868,0.00484,35.19283
267.01,142.01378,132.31926,45.03995,66.85966,14.84326,38.22081,94.39615,3.72288,105.69316,11.32458,10.85197,0.01341,13.7219,76.92603,1.7598,0.00464,38.41806,0.00485,35.0545
268.01,141.77233,131.9851,44.87043,66.67129,14.73368,38.10542,94.1733,3.70469,105.45115,11.23611,10.78366,0.01299,13.61934,76.79931,1.72711,0.00465,38.26747,0.00486,34.91696
269.01,141.53189,131.653,44.70179,66.48334,14.62459,37.99053,93.95102,3.68626,105.2093,11.14835,10.7154,0.01259,13.51725,76.6743,1.69476,0.00464,38.11688,0.00487,34.77992
270.01,141.2911,131.3219,44.53401,66.29573,14.51599,37.87633,93.72888,3.66759,104.96829,11.06126,10.64713,0.0122,13.41565,76.55113,1.66275,0.00443,37.96632,0.00488,34.64316
271.01,141.04936,130.99138,44.36686,66.10874,14.40787,37.7628,93.50723,3.64868,104.72868,10.9748,10.57887,0.01184,13.31456,76.42957,1.63104,0.00409,37.81584,0.00489,34.5067
272.01,140.80705,130.66202,44.20013,65.92262,14.30018,37.64966,93.28655,3.62957,104.49065,10.88897,10.51067,0.01149,13.21396,76.309,1.59959,0.00397,37.66546,0.00489,34.37078
273.01,140.5645,130.33453,44.03383,65.73746,14.19291,37.53649,93.06714,3.61028,104.25386,10.80379,10.44257,0.01115,13.11381,76.1889,1.56843,0.00414,37.5152,0.0049,34.23559
274.01,140.32155,130.00941,43.86817,65.55315,14.08609,37.42325,92.84903,3.59083,104.01753,10.71929,10.37461,0.01083,13.01409,76.06972,1.53759,0.00452,37.36502,0.00491,34.10122
275.01,140.07718,129.68652,43.7033,65.36938,13.97976,37.31032,92.63189,3.5712,103.78123,10.63547,10.30678,0.01052,12.91484,75.95193,1.50709,0.00504,37.21492,0.00491,33.96752
276.01,139.82978,129.36515,43.5393,65.18594,13.87392,37.19796,92.41519,3.55138,103.5453,10.55233,10.23903,0.01023,12.81607,75.83576,1.47694,0.00564,37.0649,0.00492,33.83416
277.01,139.57814,129.04445,43.37607,65.00291,13.76861,37.08627,92.19877,3.53137,103.31038,10.4698,10.17134,0.00994,12.71781,75.72112,1.4471,0.00653,36.91499,0.00493,33.70101
278.01,139.32239,128.72442,43.21332,64.82058,13.66377,36.97511,91.98305,3.51121,103.07685,10.38786,10.10374,0.00967,12.62006,75.60762,1.41754,0.00745,36.76523,0.00493,33.56822
279.01,139.06336,128.4057,43.05093,64.63913,13.55937,36.86414,91.76843,3.49092,102.84475,10.30654,10.03627,0.00942,12.52279,75.49474,1.38823,0.00806,36.61564,0.00494,33.43603
280.01,138.8018,128.08892,42.88902,64.45861,13.45541,36.75307,91.55513,3.47053,102.61352,10.22585,9.96898,0.00917,12.42597,75.38245,1.35923,0.00834,36.46621,0.00494,33.30459
281.01,138.53814,127.77441,42.72781,64.27882,13.35193,36.64203,91.34304,3.45002,102.38236,10.1458,9.90189,0.00893,12.32961,75.27135,1.33055,0.00837,36.31692,0.00495,33.17389
282.01,138.27225,127.46177,42.5674,64.09939,13.24896,36.53138,91.13175,3.42938,102.15125,10.06641,9.83496,0.00871,12.23371,75.162,1.30221,0.00824,36.16776,0.00495,33.04372
283.01,138.00351,127.15017,42.4078,63.92026,13.14651,36.42131,90.92086,3.40861,101.92082,9.98763,9.76815,0.00849,12.13832,75.05463,1.27419,0.00802,36.01874,0.00495,32.91377
284.01,137.73227,126.83911,42.24886,63.74167,13.04458,36.31186,90.71047,3.38771,101.6916,9.90942,9.70145,0.00828,12.04345,74.94907,1.24648,0.00776,35.86989,0.00495,32.78404
285.01,137.46005,126.52892,42.09028,63.56386,12.94311,36.20281,90.50101,3.36674,101.46385,9.83179,9.63491,0.00809,11.94909,74.84478,1.21904,0.00749,35.72126,0.00494,32.65479
286.01,137.18829,126.22023,41.93207,63.38694,12.84209,36.09382,90.29282,3.3457,101.23739,9.75474,9.56857,0.00791,11.8552,74.74125,1.19188,0.00721,35.57284,0.00493,32.52622
287.01,136.91784,125.91359,41.77444,63.21089,12.74154,35.98478,90.08602,3.32463,101.01149,9.6783,9.50246,0.00773,11.76175,74.63854,1.16504,0.00694,35.42463,0.00492,32.39841
288.01,136.64873,125.60906,41.61754,63.03543,12.64149,35.87592,89.88037,3.3035,100.78545,9.60249,9.43657,0.00756,11.66876,74.53707,1.13854,0.00668,35.27659,0.00491,32.27126
289.01,136.38004,125.306,41.46146,62.86021,12.54197,35.76754,89.67539,3.28228,100.55974,9.52728,9.37088,0.0074,11.57626,74.43713,1.11237,0.00644,35.12872,0.0049,32.14451
290.01,136.1102,125.00356,41.30612,62.68534,12.44298,35.65976,89.47089,3.26098,100.33502,9.45264,9.30533,0.00723,11.48427,74.33886,1.08653,0.00623,34.98106,0.0049,32.01796
291.01,135.83839,124.70167,41.15131,62.51114,12.34449,35.55253,89.26714,3.23962,100.11169,9.37855,9.23996,0.00707,11.39281,74.242,1.06098,0.00604,34.83364,0.00489,31.89171
292.01,135.56444,124.40089,40.99684,62.33778,12.24647,35.44554,89.06452,3.21822,99.88976,9.305,9.17479,0.00692,11.30183,74.14618,1.03572,0.00588,34.68647,0.00489,31.76597
293.01,135.28814,124.1018,40.8428,62.1653,12.14892,35.33851,88.86326,3.1968,99.66883,9.23201,9.10988,0.00677,11.21131,74.05141,1.01076,0.00573,34.53956,0.00488,31.64091
294.01,135.00907,123.80476,40.68937,61.99357,12.05185,35.23148,88.66334,3.17536,99.44815,9.15962,9.04524,0.00663,11.12124,73.95823,0.98613,0.00559,34.39289,0.00488,31.51654
295.01,134.7265,123.50958,40.53668,61.82229,11.9553,35.12474,88.46431,3.15385,99.22737,9.08781,8.98084,0.00649,11.03164,73.86725,0.96185,0.00547,34.24644,0.00489,31.3927
296.01,134.43954,123.21541,40.38476,61.65124,11.8593,35.01851,88.26562,3.13225,99.00704,9.01657,8.91665,0.00636,10.94253,73.77882,0.9379,0.00535,34.10021,0.00489,31.26914
297.01,134.14765,122.92156,40.23347,61.48065,11.76381,34.91287,88.06725,3.11058,98.78772,8.94585,8.85264,0.00624,10.85394,73.69294,0.91428,0.00525,33.95423,0.00489,31.14577
298.01,133.85161,122.62842,40.08262,61.31075,11.66882,34.80767,87.86945,3.08885,98.56973,8.87564,8.78885,0.00612,10.76585,73.60916,0.89096,0.00516,33.80855,0.0049,31.02276
299.01,133.55281,122.33666,39.9321,61.1417,11.5743,34.70255,87.67238,3.06708,98.35295,8.80596,8.72531,0.00602,10.67823,73.52698,0.86794,0.00508,33.66316,0.00491,30.9003
300.01,133.25259,122.04679,39.78206,60.97346,11.48025,34.59734,87.47598,3.04528,98.13687,8.73682,8.66206,0.00591,10.59106,73.44663,0.84524,0.00501,33.51807,0.00488,30.77852
301.01,132.95182,121.75894,39.63265,60.80584,11.38671,34.49226,87.2799,3.02343,97.92087,8.66825,8.5991,0.00582,10.50433,73.36877,0.82288,0.00494,33.37324,0.00461,30.65737
302.01,132.65062,121.47268,39.48399,60.63857,11.2937,34.38758,87.08341,3.00149,97.70499,8.60023,8.53639,0.00573,10.41809,73.2941,0.80087,0.00489,33.22866,0.00429,30.53663
303.01,132.34873,121.18716,39.33605,60.4716,11.20123,34.28348,86.88594,2.97946,97.48981,8.53272,8.4739,0.00565,10.33234,73.22318,0.7792,0.00484,33.08436,0.00429,30.4161
304.01,132.04629,120.90204,39.18864,60.30516,11.10927,34.17993,86.68761,2.95735,97.2758,8.4657,8.41163,0.00555,10.2471,73.15632,0.75784,0.0048,32.94036,0.00466,30.29581
305.01,131.74418,120.61781,39.04157,60.13947,11.01779,34.07671,86.48867,2.93518,97.06314,8.39917,8.3496,0.00526,10.16235,73.09348,0.73679,0.00476,32.7967,0.00527,30.17595
306.01,131.44338,120.33505,38.89487,59.97462,10.92677,33.97346,86.28926,2.91298,96.85152,8.33315,8.28787,0.00479,10.07804,73.03472,0.71605,0.00473,32.65337,0.00598,30.05669
307.01,131.14459,120.05414,38.7487,59.8105,10.83624,33.87015,86.08933,2.89073,96.64031,8.26765,8.22645,0.00434,9.99418,72.98078,0.69567,0.0047,32.51034,0.00677,29.9381
308.01,130.84779,119.77501,38.60319,59.64685,10.74623,33.76712,85.88866,2.86842,96.42912,8.20268,8.16532,0.00403,9.91077,72.93238,0.67564,0.00468,32.36761,0.00791,29.82005
309.01,130.55226,119.49707,38.45842,59.48348,10.65674,33.66458,85.68685,2.84601,96.21825,8.13823,8.10445,0.00385,9.82784,72.88995,0.65598,0.00466,32.22517,0.00895,29.70227
310.01,130.25731,119.21964,38.31428,59.32048,10.56779,33.56262,85.4839,2.82352,96.00823,8.07425,8.04379,0.00379,9.7454,72.85366,0.63666,0.00465,32.08306,0.00956,29.58464
311.01,129.96305,118.94273,38.17056,59.15808,10.47933,33.46112,85.28025,2.80096,95.79939,8.01073,7.98338,0.00384,9.66346,72.8235,0.61765,0.00464,31.94128,0.00979,29.46732
312.01,129.67013,118.66686,38.02713,58.99644,10.39134,33.35979,85.07631,2.77835,95.59176,7.94767,7.92326,0.00412,9.58198,72.79938,0.59895,0.00463,31.79988,0.00976,29.35047
313.01,129.37913,118.39255,37.88411,58.83561,10.30381,33.25838,84.8723,2.75571,95.38487,7.88509,7.86344,0.00447,9.50093,72.78159,0.58058,0.00463,31.65883,0.00956,29.23423
314.01,129.09032,118.12005,37.74167,58.67541,10.21677,33.15701,84.66816,2.73302,95.17803,7.82302,7.80394,0.00473,9.42031,72.7708,0.56256,0.00462,31.51811,0.00928,29.11858
315.01,128.80328,117.84906,37.5999,58.51552,10.13025,33.05596,84.46354,2.71026,94.97123,7.76145,7.74474,0.00486,9.34014,72.76721,0.5449,0.00462,31.3777,0.00896,29.00336
316.01,128.51697,117.5789,37.45883,58.35588,10.04425,32.95539,84.25812,2.68741,94.76497,7.70034,7.68577,0.0049,9.26045,72.77022,0.52759,0.00462,31.23763,0.00863,28.88828
317.01,128.23095,117.30917,37.3183,58.19671,9.95876,32.85532,84.052,2.66449,94.55973,7.63968,7.62704,0.00488,9.18123,72.77829,0.51062,0.00462,31.09791,0.00829,28.77337
318.01,127.94575,117.04014,37.17807,58.03821,9.87374,32.75559,83.84557,2.64152,94.35572,7.57944,7.56857,0.00483,9.10247,72.78914,0.49396,0.00462,30.95857,0.00795,28.65886
319.01,127.66209,116.77234,37.03815,57.88049,9.78917,32.65592,83.63916,2.61851,94.1528,7.51965,7.51041,0.00477,9.02413,72.80027,0.47763,0.00462,30.81962,0.00763,28.54491
320.01,127.38042,116.5062,36.89871,57.72352,9.70506,32.55621,83.43292,2.59549,93.95037,7.46032,7.45256,0.0047,8.94619,72.8096,0.46164,0.00462,30.68104,0.00734,28.43157
321.01,127.10074,116.2418,36.75989,57.56705,9.62145,32.45668,83.22674,2.57241,93.7478,7.40148,7.39503,0.00463,8.86866,72.81559,0.446,0.00463,30.5428,0.00707,28.31877
322.01,126.82246,115.97859,36.62176,57.4108,9.53835,32.35755,83.02033,2.54925,93.54551,7.34309,7.33778,0.00456,8.79153,72.8168,0.43072,0.00463,30.40489,0.00683,28.20627
323.01,126.54463,115.71588,36.48426,57.25485,9.45575,32.25892,82.81364,2.52603,93.34407,7.28513,7.28075,0.0045,8.71483,72.81198,0.41579,0.00463,30.26735,0.00661,28.09389
324.01,126.26716,115.45363,36.34721,57.09948,9.37363,32.16077,82.607,2.50276,93.14381,7.22758,7.22397,0.00443,8.63853,72.79986,0.40118,0.00464,30.1302,0.00642,27.98174
325.01,125.99062,115.19228,36.21044,56.94485,9.29195,32.06282,82.40085,2.47945,92.94476,7.17045,7.16749,0.00438,8.56261,72.77936,0.3869,0.00464,29.99346,0.00624,27.87001
326.01,125.71564,114.93234,36.07402,56.79098,9.2107,31.96486,82.1955,2.45613,92.74658,7.11374,7.11131,0.00433,8.48698,72.75002,0.37294,0.00465,29.85712,0.00608,27.75884
327.01,125.44251,114.67407,35.93811,56.63776,9.12991,31.86694,81.99103,2.43279,92.54862,7.05748,7.05545,0.00428,8.41165,72.71212,0.35932,0.00465,29.72117,0.00593,27.64825
328.01,125.17104,114.41734,35.80284,56.48494,9.04959,31.76929,81.7872,2.40941,92.35057,7.00168,6.99989,0.00425,8.33661,72.66621,0.34605,0.00465,29.58556,0.0058,27.53808
329.01,124.90053,114.16142,35.66821,56.33232,8.96975,31.67207,81.58366,2.38596,92.15289,6.9463,6.94459,0.00421,8.26188,72.61282,0.33313,0.00466,29.45033,0.00568,27.42813
330.01,124.63031,113.90575,35.53413,56.18008,8.89037,31.57535,81.38053,2.36245,91.95609,6.89131,6.88952,0.00417,8.18749,72.55232,0.32054,0.00466,29.3155,0.00558,27.3183
331.01,124.36057,113.65067,35.4004,56.02847,8.81139,31.479,81.17817,2.33892,91.7604,6.8367,6.83471,0.00414,8.11345,72.48474,0.30827,0.00467,29.18108,0.00548,27.20874
332.01,124.09193,113.39674,35.26696,55.87758,8.73278,31.38272,80.97686,2.31538,91.56574,6.78249,6.7802,0.0041,8.03977,72.41012,0.2963,0.00467,29.04708,0.0054,27.09963
333.01,123.8249,113.14437,35.13391,55.72741,8.65453,31.28639,80.77673,2.29184,91.37168,6.72869,6.726,0.00408,7.96644,72.32906,0.28466,0.00467,28.91351,0.00532,26.99105
334.01,123.55962,112.89366,35.0014,55.57776,8.57664,31.19019,80.57769,2.26828,91.17768,6.67531,6.67211,0.00405,7.89353,72.24247,0.27335,0.00468,28.78031,0.00526,26.88298
335.01,123.29565,112.64426,34.86952,55.42842,8.49912,31.09436,80.37933,2.24469,90.98375,6.62236,6.6185,0.00403,7.82107,72.15113,0.26238,0.00468,28.6475,0.0052,26.7752
336.01,123.03228,112.39546,34.73824,55.27934,8.42196,30.99902,80.18133,2.22104,90.79041,6.56979,6.56512,0.00401,7.74914,72.05562,0.25173,0.00468,28.51509,0.00515,26.66756
337.01,122.76921,112.14698,34.60741,55.13072,8.34512,30.90415,79.98397,2.19737,90.59807,6.51757,6.51199,0.004,7.67774,71.95618,0.24139,0.00469,28.38309,0.0051,26.56011
338.01,122.50684,111.89924,34.47687,54.98276,8.26858,30.80953,79.78758,2.1737,90.40688,6.46573,6.45913,0.00399,7.6069,71.85273,0.23134,0.00469,28.25154,0.00506,26.45301
339.01,122.24573,111.65271,34.34664,54.83554,8.19236,30.7149,79.59232,2.15004,90.21659,6.41426,6.40656,0.00398,7.5366,71.74525,0.22159,0.00469,28.12042,0.00503,26.34641
340.01,121.98629,111.40773,34.21685,54.68897,8.11651,30.62024,79.3982,2.12639,90.02666,6.36319,6.35431,0.00398,7.46682,71.63446,0.21216,0.00469,27.98972,0.005,26.24036
341.01,121.72844,111.16421,34.08763,54.5428,8.04108,30.52585,79.20496,2.10273,89.83675,6.31253,6.30235,0.00397,7.39761,71.52104,0.20303,0.00468,27.85942,0.00498,26.13476
342.01,121.47149,110.92168,33.95904,54.39688,7.96613,30.43191,79.01221,2.07904,89.64711,6.26225,6.25064,0.00397,7.32897,71.40549,0.1942,0.00468,27.72952,0.00496,26.02936
343.01,121.21483,110.67955,33.83098,54.25128,7.8917,30.33848,78.81983,2.05534,89.45821,6.21233,6.19916,0.00398,7.26094,71.28802,0.18567,0.00467,27.60003,0.00495,25.92405
344.01,120.95855,110.43783,33.70326,54.10621,7.81778,30.24544,78.62811,2.03163,89.27033,6.16274,6.14792,0.00398,7.19349,71.16851,0.17742,0.00466,27.47099,0.00493,25.81896
345.01,120.70317,110.19699,33.57579,53.96182,7.74437,30.15253,78.43731,2.00795,89.0835,6.1135,6.09696,0.00399,7.12659,71.04672,0.16944,0.00465,27.34241,0.00492,25.71425
346.01,120.44921,109.95743,33.44866,53.81815,7.67149,30.05956,78.24755,1.9843,88.8973,6.06463,6.0463,0.004,7.06021,70.9227,0.16174,0.00465,27.21427,0.00491,25.61001
347.01,120.19687,109.71936,33.32202,53.67504,7.5992,29.96665,78.05872,1.96067,88.71115,6.01614,5.99594,0.00401,6.99434,70.79699,0.15432,0.00464,27.08655,0.0049,25.50626
348.01,119.94587,109.48254,33.19595,53.5322,7.52752,29.87404,77.87054,1.93705,88.52501,5.96803,5.94584,0.00402,6.92899,70.67008,0.14717,0.00464,26.95923,0.0049,25.40281
349.01,119.69533,109.24639,33.07047,53.38959,7.45647,29.78187,77.68269,1.91341,88.33933,5.92027,5.89598,0.00403,6.86417,70.54224,0.1403,0.00464,26.83233,0.00489,25.29945
350.01,119.4449,109.01058,32.94545,53.24738,7.38603,29.69016,77.49524,1.88979,88.15451,5.87283,5.84634,0.00404,6.79989,70.41347,0.13368,0.00463,26.70587,0.00489,25.19619
351.01,119.19505,108.77533,32.82069,53.10577,7.31617,29.59874,77.30847,1.86619,87.97075,5.8257,5.79694,0.00405,6.73611,70.28347,0.1273,0.00464,26.57987,0.00489,25.09324
352.01,118.94638,108.5411,32.69618,52.96486,7.24687,29.50737,77.12261,1.84265,87.78792,5.77891,5.74782,0.00406,6.67279,70.15202,0.12116,0.00464,26.45432,0.00489,24.99074
353.01,118.69927,108.30825,32.57208,52.82461,7.17813,29.41598,76.93772,1.81915,87.6055,5.73247,5.69899,0.00407,6.60991,70.01931,0.11527,0.00464,26.32923,0.00488,24.88875
354.01,118.45374,108.07682,32.4485,52.68481,7.10998,29.32476,76.75362,1.7957,87.42295,5.68639,5.65045,0.00409,6.54748,69.8858,0.10963,0.00465,26.20454,0.00488,24.78719
355.01,118.2093,107.84638,32.3255,52.54519,7.04241,29.23391,76.56998,1.77225,87.24064,5.64065,5.60214,0.0041,6.48551,69.75183,0.10422,0.00465,26.08026,0.00488,24.68587
356.01,117.96515,107.61634,32.20304,52.40586,6.97541,29.14354,76.38662,1.74883,87.05906,5.59522,5.55405,0.00411,6.42401,69.61754,0.09904,0.00465,25.95642,0.00488,24.58464
357.01,117.72122,107.38667,32.08095,52.26703,6.90895,29.05358,76.20374,1.72544,86.87851,5.5501,5.50619,0.00412,6.36298,69.48272,0.09407,0.00445,25.83303,0.00488,24.48359
358.01,117.47801,107.15774,31.95909,52.12883,6.843,28.96381,76.02162,1.70212,86.69901,5.50527,5.45857,0.00413,6.30239,69.34701,0.08931,0.00412,25.71011,0.00488,24.38289
359.01,117.23603,106.92997,31.83753,51.99129,6.77753,28.87401,75.84042,1.67887,86.52027,5.46077,5.41123,0.00415,6.2422,69.2103,0.08476,0.00401,25.58766,0.00488,24.28264
360.01,116.99555,106.7036,31.7164,51.85427,6.71255,28.78425,75.66014,1.6557,86.34173,5.4166,5.36417,0.00416,6.1824,69.07289,0.08041,0.00422,25.46564,0.00489,24.18287
361.01,116.75638,106.4785,31.5958,51.71754,6.64809,28.69474,75.48047,1.63257,86.16311,5.37277,5.31737,0.00417,6.12302,68.93517,0.07626,0.00467,25.34403,0.00489,24.08341
362.01,116.51796,106.25405,31.47577,51.58089,6.58415,28.60564,75.30108,1.60948,85.98482,5.32925,5.27079,0.00418,6.06406,68.79736,0.0723,0.00527,25.22286,0.00489,23.98407
363.01,116.27972,106.02976,31.35619,51.44447,6.5207,28.517,75.12201,1.58645,85.80728,5.28602,5.22441,0.00419,6.00553,68.65947,0.06853,0.00594,25.10213,0.00489,23.88479
364.01,116.04182,105.80595,31.23691,51.30842,6.4577,28.42868,74.94353,1.56348,85.6307,5.24307,5.17826,0.0042,5.94743,68.52116,0.06493,0.00691,24.98186,0.00489,23.7857
365.01,115.80479,105.58309,31.11787,51.17283,6.39514,28.34042,74.76586,1.54061,85.45502,5.20042,5.13237,0.00421,5.88972,68.38204,0.06149,0.00792,24.86207,0.00489,23.68695
366.01,115.56906,105.36153,30.99915,51.03764,6.33301,28.25209,74.5891,1.51784,85.27985,5.15807,5.08674,0.00422,5.83238,68.24223,0.05823,0.0086,24.74274,0.00489,23.58864
367.01,115.33475,105.14134,30.8809,50.90265,6.27134,28.16388,74.41313,1.49515,85.10471,5.11605,5.04138,0.00423,5.77541,68.10212,0.05512,0.00891,24.62384,0.00489,23.49072
368.01,115.10149,104.92223,30.76318,50.76765,6.21013,28.076,74.23762,1.47254,84.92962,5.07434,4.99625,0.00424,5.71883,67.96203,0.05217,0.00893,24.50536,0.00489,23.39301
369.01,114.86871,104.70359,30.64597,50.63257,6.14939,27.98856,74.06227,1.44999,84.75504,5.03292,4.95133,0.00424,5.66266,67.82206,0.04937,0.00878,24.38732,0.00489,23.29538
370.01,114.63613,104.48518,30.52912,50.4976,6.08909,27.90154,73.88735,1.42752,84.58131,4.99176,4.90661,0.00425,5.60691,67.6821,0.04672,0.00853,24.26974,0.00489,23.19788
371.01,114.4041,104.26738,30.41251,50.36291,6.0292,27.81476,73.71312,1.40517,84.40858,4.95088,4.86212,0.00426,5.55154,67.54174,0.04419,0.00824,24.15263,0.00489,23.10065
372.01,114.1731,104.05059,30.29615,50.22857,5.9697,27.72796,73.53976,1.38294,84.23663,4.91028,4.81789,0.00427,5.49654,67.40069,0.0418,0.00794,24.03599,0.00488,23.00382
373.01,113.9435,103.83508,30.18016,50.09451,5.91061,27.64117,73.36728,1.36083,84.06501,4.86997,4.77391,0.00427,5.44188,67.25929,0.03953,0.00762,23.91981,0.00487,22.90744
374.01,113.71519,103.6208,30.06465,49.96055,5.85196,27.55461,73.19548,1.33883,83.89339,4.82998,4.73019,0.00428,5.3876,67.11793,0.03739,0.00732,23.80404,0.00486,22.81141
375.01,113.48764,103.40733,29.94967,49.82654,5.79374,27.46846,73.02403,1.31693,83.72202,4.79027,4.68667,0.00428,5.33369,66.97683,0.03536,0.00703,23.68871,0.00485,22.71551
376.01,113.26029,103.19416,29.83515,49.69258,5.73596,27.38276,72.8528,1.29512,83.55128,4.75083,4.64335,0.00428,5.28018,66.83595,0.03345,0.00676,23.57382,0.00484,22.61966
377.01,113.03325,102.98131,29.72091,49.55888,5.67858,27.29741,72.68207,1.27344,83.38145,4.71163,4.60024,0.00427,5.22706,66.69506,0.03163,0.00651,23.4594,0.00483,22.52399
378.01,112.80696,102.76917,29.60687,49.42558,5.62157,27.2122,72.51206,1.25189,83.21253,4.67269,4.55736,0.00427,5.1743,66.55376,0.02992,0.0063,23.34546,0.00483,22.42864
379.01,112.58185,102.5581,29.49312,49.29273,5.56495,27.12696,72.34289,1.2305,83.04417,4.63403,4.51472,0.00426,5.12189,66.41197,0.0283,0.00611,23.23199,0.00482,22.3337
380.01,112.35811,102.34828,29.37978,49.16022,5.50872,27.04179,72.17449,1.20925,82.87585,4.59564,4.47235,0.00426,5.06981,66.27005,0.02677,0.00593,23.11894,0.00482,22.23917
381.01,112.13548,102.13948,29.26694,49.02781,5.4529,26.95692,72.0066,1.18813,82.70754,4.55754,4.4302,0.00426,5.0181,66.1283,0.02533,0.00578,23.00632,0.00482,22.14487
382.01,111.91321,101.93122,29.1546,48.89548,5.39751,26.87245,71.83895,1.16712,82.53962,4.5197,4.38824,0.00425,4.96676,65.9869,0.02398,0.00564,22.89414,0.00482,22.05062
383.01,111.691,101.7232,29.04264,48.7634,5.34252,26.78841,71.67161,1.14625,82.37245,4.48209,4.34647,0.00425,4.9158,65.84571,0.0227,0.00551,22.78241,0.00482,21.95644
384.01,111.46929,101.51562,28.93089,48.63176,5.28789,26.70463,71.50482,1.12553,82.20618,4.44472,4.30491,0.00425,4.86522,65.70443,0.0215,0.00539,22.67115,0.00482,21.86249
385.01,111.24857,101.30889,28.81934,48.50065,5.23363,26.62092,71.33879,1.10499,82.04071,4.40761,4.26359,0.00426,4.81497,65.56278,0.02036,0.00529,22.56036,0.00482,21.76891
386.01,111.02917,101.10329,28.70813,48.37007,5.17973,26.53723,71.17359,1.08462,81.87559,4.37077,4.22251,0.00426,4.76505,65.42086,0.0193,0.0052,22.45002,0.00483,21.67574
387.01,110.81109,100.89888,28.59736,48.23984,5.12623,26.45371,71.00903,1.0644,81.71036,4.3342,4.18167,0.00426,4.71547,65.27904,0.01829,0.00512,22.3401,0.00481,21.58291
388.01,110.59394,100.69527,28.48708,48.10973,5.07313,26.37057,70.84483,1.04433,81.54532,4.29788,4.14104,0.00427,4.66624,65.13756,0.01735,0.00505,22.2306,0.00456,21.49025
389.01,110.37702,100.49197,28.37725,47.97985,5.02044,26.28787,70.68083,1.0244,81.38093,4.2618,4.10059,0.00428,4.61738,64.99651,0.01647,0.00498,22.12154,0.00425,21.39762
390.01,110.16028,100.28893,28.26771,47.85039,4.96812,26.20558,70.51721,1.00464,81.21744,4.22594,4.06033,0.00428,4.56889,64.85565,0.01564,0.00493,22.01294,0.00428,21.30511
391.01,109.94416,100.08651,28.15836,47.72151,4.91615,26.12349,70.35421,0.98506,81.05488,4.19031,4.0203,0.00428,4.52076,64.71464,0.01486,0.00488,21.90481,0.0047,21.21286
392.01,109.72908,99.88505,28.04924,47.59322,4.86453,26.04145,70.19198,0.96568,80.89298,4.15492,3.98049,0.00407,4.47294,64.57334,0.01413,0.00484,21.79714,0.00535,21.12096
393.01,109.51526,99.68477,27.94049,47.46545,4.81328,25.95952,70.03052,0.94649,80.73126,4.11979,3.94093,0.00371,4.42543,64.43199,0.01345,0.00481,21.68991,0.00611,21.0294
394.01,109.30257,99.48554,27.83218,47.33798,4.76241,25.87787,69.86959,0.92747,80.56947,4.08492,3.90158,0.00349,4.37827,64.29091,0.0128,0.00478,21.58308,0.00695,20.93806
395.01,109.09052,99.28682,27.72434,47.21067,4.71194,25.79666,69.70888,0.9086,80.40798,4.05029,3.86241,0.0035,4.33145,64.15027,0.0122,0.00475,21.47669,0.00815,20.84676
396.01,108.8786,99.08821,27.61688,47.08366,4.66186,25.71593,69.54842,0.88991,80.24715,4.01587,3.82342,0.00371,4.28499,64.01006,0.01164,0.00473,21.37074,0.00924,20.75548
397.01,108.66697,98.88998,27.50966,46.95713,4.61212,25.63557,69.38844,0.87142,80.08717,3.98165,3.78462,0.00401,4.23889,63.86994,0.01111,0.00471,21.26525,0.00989,20.66434
398.01,108.45609,98.69253,27.40262,46.83117,4.56272,25.55537,69.22914,0.85312,79.92797,3.94765,3.74605,0.00437,4.19311,63.72956,0.01062,0.0047,21.16022,0.01014,20.57348
399.01,108.2463,98.49615,27.29586,46.70576,4.51366,25.47523,69.07059,0.83504,79.76922,3.91388,3.7077,0.00496,4.14764,63.58901,0.01015,0.00469,21.05563,0.0101,20.48298
400.01,108.03772,98.30093,27.18948,46.58073,4.46497,25.39533,68.9127,0.81716,79.61048,3.88036,3.66959,0.00559,4.10248,63.44861,0.00972,0.00468,20.95147,0.0099,20.39279
401.01,107.83004,98.1066,27.08355,46.45592,4.41666,25.31586,68.75517,0.79945,79.45177,3.84706,3.6317,0.00601,4.05765,63.30863,0.00932,0.00468,20.84772,0.0096,20.30275
402.01,107.62275,97.91263,26.97807,46.33127,4.36873,25.23695,68.59774,0.78193,79.2935,3.81398,3.59399,0.00621,4.01318,63.16915,0.00894,0.00467,20.7444,0.00926,20.21274
403.01,107.41561,97.71881,26.87288,46.20695,4.32116,25.1586,68.44063,0.7646,79.13596,3.7811,3.55648,0.00624,3.96905,63.03005,0.00859,0.00467,20.64152,0.0089,20.12281
404.01,107.20895,97.52547,26.76789,46.08312,4.27392,25.08067,68.2841,0.74748,78.9793,3.74841,3.51917,0.00617,3.92526,62.89096,0.00826,0.00467,20.53911,0.00854,20.03309
405.01,107.00317,97.33297,26.6631,45.95983,4.22701,25.00294,68.12831,0.73058,78.82333,3.71593,3.48209,0.00605,3.88177,62.75162,0.00795,0.00467,20.43714,0.00819,19.9437
406.01,106.79858,97.14155,26.55863,45.83702,4.18044,24.92543,67.97325,0.71389,78.66763,3.68367,3.44524,0.0059,3.83858,62.61231,0.00767,0.00467,20.3356,0.00785,19.85469
407.01,106.5951,96.95115,26.45456,45.71449,4.13424,24.84838,67.81877,0.69738,78.51195,3.65165,3.40862,0.00574,3.79571,62.47338,0.0074,0.00467,20.23447,0.00753,19.76594
408.01,106.39225,96.76142,26.35095,45.59212,4.0884,24.77196,67.66456,0.68106,78.35647,3.61983,3.37219,0.00559,3.75316,62.33501,0.00715,0.00467,20.13375,0.00724,19.67725
409.01,106.18957,96.57191,26.24772,45.46996,4.04293,24.69623,67.51053,0.66492,78.20157,3.58821,3.33594,0.00544,3.71096,62.19717,0.00692,0.00467,20.03347,0.00699,19.58859
410.01,105.98715,96.38263,26.14472,45.34818,3.9978,24.62114,67.35691,0.64899,78.04746,3.55676,3.2999,0.0053,3.6691,62.05964,0.00671,0.00467,19.93362,0.00675,19.50005
411.01,105.78537,96.19393,26.04187,45.2269,3.95298,24.54654,67.20391,0.63328,77.89416,3.52549,3.26406,0.00517,3.62754,61.92205,0.00651,0.00468,19.83423,0.00654,19.41177
412.01,105.5846,96.00613,25.93925,45.10615,3.90849,24.47228,67.05164,0.6178,77.74136,3.49443,3.22845,0.00505,3.58628,61.78432,0.00632,0.00468,19.73528,0.00635,19.32383
413.01,105.38501,95.81938,25.83698,44.98579,3.86433,24.39851,66.90002,0.60253,77.5886,3.46357,3.19306,0.00495,3.54531,61.64678,0.00615,0.00468,19.63673,0.00618,19.23621
414.01,105.18637,95.63349,25.73512,44.8656,3.82053,24.32542,66.74881,0.58746,77.43585,3.43292,3.15788,0.00486,3.50466,61.50969,0.00599,0.00469,19.53859,0.00602,19.14877
415.01,104.98801,95.44802,25.63367,44.74555,3.77709,24.25316,66.59777,0.57259,77.28344,3.40246,3.1229,0.00478,3.46433,61.37317,0.00584,0.00469,19.44086,0.00588,19.06132
416.01,104.7897,95.2627,25.53253,44.62577,3.734,24.18178,66.44693,0.55793,77.13168,3.37217,3.0881,0.00471,3.42433,61.23713,0.0057,0.00469,19.34355,0.00575,18.97391
417.01,104.5918,95.07773,25.43152,44.50642,3.69121,24.11116,66.29654,0.5435,76.98071,3.34204,3.0535,0.00464,3.38466,61.10127,0.00557,0.00469,19.24669,0.00563,18.88667
418.01,104.39475,94.89345,25.33065,44.38757,3.64874,24.04116,66.14677,0.5293,76.83044,3.31209,3.01911,0.00457,3.34527,60.96533,0.00546,0.0047,19.15026,0.00553,18.79974
419.01,104.19882,94.71014,25.23004,44.26919,3.60658,23.97176,65.99769,0.51534,76.68047,3.28233,2.98494,0.00452,3.30617,60.8294,0.00535,0.0047,19.05425,0.00544,18.71314
420.01,104.00404,94.52781,25.1298,44.15112,3.56476,23.90313,65.84915,0.5016,76.53038,3.25278,2.95098,0.00447,3.26735,60.69381,0.00525,0.0047,18.95864,0.00536,18.6268
421.01,103.81004,94.34614,25.02997,44.03313,3.52329,23.83546,65.70091,0.48806,76.38046,3.22341,2.91723,0.00442,3.22884,60.55877,0.00516,0.00471,18.86341,0.00529,18.54057
422.01,103.61621,94.16467,24.9305,43.91531,3.48217,23.76889,65.55282,0.47475,76.23111,3.19421,2.88365,0.00438,3.19065,60.42435,0.00507,0.00471,18.7686,0.00522,18.45434
423.01,103.42252,93.98341,24.83127,43.79782,3.44136,23.7034,65.40505,0.46165,76.08256,3.16516,2.85027,0.00435,3.15278,60.29035,0.00499,0.00471,18.67421,0.00517,18.36818
424.01,103.22936,93.80264,24.73218,43.68078,3.40086,23.63883,65.2578,0.4488,75.93482,3.13627,2.8171,0.00432,3.1152,60.15643,0.00492,0.00471,18.58025,0.00512,18.28225
425.01,103.0371,93.6227,24.63327,43.56422,3.36066,23.57505,65.11122,0.43618,75.78768,3.10755,2.78414,0.00429,3.0779,60.02247,0.00485,0.00472,18.48672,0.00508,18.19662
426.01,102.84592,93.44375,24.53466,43.44806,3.32077,23.51212,64.96531,0.4238,75.6407,3.07901,2.75139,0.00427,3.04086,59.8887,0.00479,0.00472,18.39358,0.00504,18.1113
427.01,102.65571,93.26567,24.43643,43.33211,3.28121,23.4502,64.81983,0.41164,75.49366,3.05066,2.71886,0.00426,3.00412,59.75539,0.00474,0.00471,18.30083,0.00501,18.02615
428.01,102.46604,93.088,24.33859,43.21624,3.24199,23.38943,64.67453,0.39969,75.34688,3.02248,2.68651,0.00425,2.96767,59.62269,0.00469,0.00471,18.20847,0.00499,17.94105
429.01,102.27646,92.91035,24.24106,43.10057,3.2031,23.32986,64.52942,0.38797,75.20071,2.99444,2.65434,0.00424,2.93154,59.49058,0.00464,0.0047,18.11651,0.00496,17.85595
430.01,102.08712,92.73301,24.14372,42.98528,3.1645,23.27139,64.38471,0.37647,75.05528,2.96654,2.62237,0.00423,2.89571,59.35875,0.0046,0.00469,18.02498,0.00495,17.77098
431.01,101.89841,92.55632,24.04651,42.87045,3.12618,23.21383,64.24057,0.36522,74.91055,2.93879,2.59061,0.00423,2.86015,59.22689,0.00456,0.00469,17.93387,0.00493,17.68625
432.01,101.71065,92.38056,23.94953,42.75606,3.08816,23.15708,64.09706,0.3542,74.76621,2.9112,2.55907,0.00423,2.82486,59.09506,0.00452,0.00468,17.84316,0.00492,17.60182
433.01,101.52391,92.20576,23.85286,42.64199,3.05045,23.10129,63.95411,0.34341,74.62188,2.88379,2.52775,0.00423,2.78983,58.96355,0.00449,0.00467,17.75283,0.00491,17.51764
434.01,101.33793,92.03171,23.75657,42.52806,3.01307,23.04662,63.81141,0.33283,74.47757,2.85654,2.49663,0.00423,2.7551,58.83259,0.00446,0.00467,17.66288,0.0049,17.43356
435.01,101.15227,91.8579,23.66064,42.41425,2.97601,22.99317,63.66877,0.32247,74.33363,2.82944,2.46568,0.00424,2.72066,58.70225,0.00443,0.00466,17.57332,0.00489,17.34947
436.01,100.9667,91.68417,23.56496,42.3007,2.93926,22.94094,63.52638,0.31233,74.19034,2.80246,2.43492,0.00425,2.68652,58.57242,0.00441,0.00466,17.48416,0.00488,17.26543
437.01,100.78154,91.51083,23.46941,42.18756,2.90278,22.88979,63.38447,0.30242,74.04782,2.77562,2.40436,0.00425,2.65267,58.44276,0.00438,0.00466,17.39542,0.00488,17.18156
438.01,100.59713,91.33821,23.37402,42.07488,2.86659,22.83953,63.24316,0.29273,73.9059,2.74891,2.37402,0.00426,2.61908,58.31302,0.00436,0.00466,17.30708,0.00487,17.09795
439.01,100.41373,91.16649,23.27888,41.96261,2.83068,22.79017,63.10249,0.28328,73.76423,2.72236,2.34389,0.00427,2.58575,58.18347,0.00435,0.00466,17.21913,0.00487,17.01464
440.01,100.23129,90.99565,23.18408,41.85056,2.79509,22.7419,62.96229,0.27403,73.62256,2.69597,2.31398,0.00428,2.55268,58.05441,0.00433,0.00466,17.13154,0.00487,16.93153
441.01,100.04938,90.82536,23.08966,41.73862,2.75981,22.69486,62.82229,0.265,73.48108,2.66972,2.28426,0.00429,2.5199,57.92599,0.00432,0.00467,17.04432,0.00487,16.84845
442.01,99.8676,90.65521,22.99555,41.62684,2.72484,22.6491,62.68241,0.25617,73.34011,2.6436,2.25472,0.0043,2.48742,57.79819,0.0043,0.00467,16.95749,0.00486,16.76535
443.01,99.68601,90.48521,22.90161,41.51539,2.69016,22.60455,62.54288,0.24756,73.19985,2.61759,2.22537,0.00431,2.45522,57.67079,0.00429,0.00467,16.87106,0.00486,16.68234
444.01,99.50498,90.31569,22.80779,41.40435,2.65575,22.56106,62.40386,0.23917,73.06031,2.5917,2.19623,0.00432,2.42329,57.54346,0.00428,0.0045,16.78503,0.00486,16.59954
445.01,99.32481,90.14692,22.71414,41.29378,2.6216,22.5185,62.26547,0.23099,72.92122,2.56594,2.16729,0.00433,2.39161,57.41615,0.00427,0.00417,16.69939,0.00486,16.51702
446.01,99.14565,89.97903,22.62077,41.18352,2.58775,22.47696,62.12765,0.22302,72.78217,2.54032,2.13858,0.00434,2.36018,57.28911,0.00426,0.00405,16.61411,0.00486,16.43475
447.01,98.96731,89.81186,22.52775,41.07339,2.5542,22.43666,61.99019,0.21526,72.64313,2.51484,2.11006,0.00434,2.32902,57.16259,0.00425,0.00429,16.52919,0.00486,16.3526
448.01,98.78917,89.64505,22.43507,40.96336,2.52096,22.3977,61.85286,0.20768,72.50439,2.48948,2.08172,0.00435,2.29815,57.0367,0.00425,0.00478,16.44464,0.00486,16.27042
449.01,98.61104,89.47833,22.34265,40.85354,2.48801,22.36016,61.71572,0.20031,72.36623,2.46422,2.05356,0.00436,2.26756,56.91132,0.00424,0.00543,16.36046,0.00486,16.18824
450.01,98.43325,89.31189,22.25033,40.74408,2.45533,22.32394,61.57896,0.19313,72.22877,2.43907,2.02559,0.00437,2.23725,56.7862,0.00423,0.00614,16.27667,0.00486,16.1062
451.01,98.25619,89.14601,22.15812,40.63504,2.42291,22.28892,61.44275,0.18616,72.09193,2.41404,1.99782,0.00438,2.20719,56.66109,0.00423,0.00711,16.19328,0.00487,16.02441
452.01,98.0801,88.98093,22.06613,40.52641,2.39076,22.25512,61.30715,0.17939,71.95532,2.38913,1.97026,0.00439,2.17737,56.53608,0.00422,0.00816,16.11025,0.00487,15.94289
453.01,97.90497,88.81667,21.97445,40.41801,2.3589,22.22273,61.17202,0.17281,71.81861,2.36434,1.94291,0.0044,2.1478,56.41144,0.0042,0.00887,16.02756,0.00487,15.86157
454.01,97.73051,88.65294,21.88312,40.30967,2.32734,22.19195,61.03713,0.16641,71.68206,2.33968,1.91575,0.0044,2.1185,56.28737,0.00419,0.0092,15.94522,0.00487,15.7803
455.01,97.55615,88.48936,21.79209,40.20145,2.29607,22.16295,60.90235,0.16018,71.546,2.31511,1.88876,0.00441,2.08947,56.16391,0.00417,0.00924,15.86324,0.00487,15.69901
456.01,97.3819,88.32593,21.70126,40.09352,2.26508,22.1358,60.76782,0.15415,71.41064,2.29064,1.86196,0.00442,2.06073,56.04088,0.00416,0.0091,15.78164,0.00487,15.61777
457.01,97.20808,88.16291,21.61052,39.98598,2.23434,22.11043,60.63369,0.14829,71.27602,2.26625,1.83535,0.00442,2.03225,55.91798,0.00415,0.00885,15.70042,0.00487,15.5367
458.01,97.03504,88.00059,21.51991,39.87883,2.20386,22.08681,60.5001,0.14262,71.14193,2.24197,1.80895,0.00443,2.004,55.79511,0.00413,0.00855,15.61957,0.00486,15.45589
459.01,96.86294,87.83912,21.42956,39.77201,2.17366,22.06512,60.36705,0.13712,71.00797,2.2178,1.78276,0.00444,1.97598,55.67244,0.00412,0.00824,15.53906,0.00485,15.37533
460.01,96.69167,87.6784,21.33951,39.66533,2.14374,22.0456,60.23432,0.13179,70.87396,2.19373,1.75676,0.00444,1.94822,55.55023,0.00411,0.00791,15.45889,0.00484,15.29489
461.01,96.52084,87.51798,21.2498,39.55869,2.11411,22.02846,60.10169,0.12662,70.7402,2.16976,1.73095,0.00445,1.92073,55.42861,0.00411,0.00758,15.37906,0.00483,15.21447
462.01,96.35005,87.35754,21.16033,39.4522,2.08475,22.01385,59.96918,0.12162,70.60698,2.14587,1.70531,0.00445,1.8935,55.30755,0.0041,0.00728,15.29958,0.00482,15.13402
463.01,96.17945,87.19731,21.07099,39.34601,2.05565,22.00173,59.83697,0.11678,70.47443,2.12205,1.67985,0.00444,1.86654,55.18676,0.0041,0.00699,15.22048,0.00481,15.05368
464.01,96.00938,87.03763,20.98174,39.2402,2.0268,21.99197,59.70523,0.1121,70.3425,2.09833,1.65459,0.00444,1.83982,55.06598,0.0041,0.00673,15.14174,0.00481,14.97353
465.01,95.84013,86.87872,20.89266,39.13476,1.99821,21.98456,59.57405,0.10759,70.21093,2.0747,1.62953,0.00443,1.81333,54.94524,0.0041,0.0065,15.06336,0.0048,14.89363
466.01,95.67175,86.72064,20.80384,39.02956,1.96989,21.97968,59.44334,0.10322,70.07935,2.05116,1.60466,0.00443,1.78707,54.8248,0.0041,0.0063,14.9853,0.0048,14.81394
467.01,95.50401,86.56319,20.71533,38.92446,1.94185,21.97754,59.31286,0.099,69.94779,2.02772,1.57998,0.00442,1.76106,54.70486,0.00411,0.00611,14.90757,0.00479,14.7343
468.01,95.33652,86.40593,20.62712,38.81943,1.91409,21.97828,59.18241,0.09493,69.81655,2.00437,1.55548,0.00442,1.73531,54.58549,0.0041,0.00594,14.83017,0.00479,14.65463
469.01,95.16909,86.24872,20.53909,38.71461,1.88658,21.98196,59.05218,0.09099,69.68588,1.98108,1.53115,0.00442,1.70982,54.46656,0.00388,0.00579,14.75313,0.00479,14.57498
470.01,95.00197,86.09184,20.45114,38.61012,1.85932,21.98843,58.92237,0.0872,69.55589,1.95787,1.507,0.00442,1.68458,54.34777,0.00351,0.00565,14.67645,0.00479,14.49547
471.01,94.83549,85.93556,20.3633,38.50603,1.8323,21.99745,58.79309,0.08355,69.42643,1.93474,1.48303,0.00442,1.65956,54.2289,0.00321,0.00553,14.60012,0.0048,14.41618
472.01,94.66988,85.78003,20.27566,38.40227,1.80554,22.00889,58.66437,0.08003,69.29719,1.91169,1.45927,0.00442,1.63478,54.11019,0.00308,0.00542,14.52412,0.0048,14.33714
473.01,94.50509,85.62522,20.1883,38.29868,1.77904,22.02266,58.53607,0.07664,69.16794,1.88873,1.43569,0.00442,1.61023,53.99191,0.00311,0.00532,14.44844,0.0048,14.25826
474.01,94.34074,85.47084,20.10125,38.19516,1.75282,22.03851,58.40792,0.07337,69.03886,1.86585,1.41229,0.00442,1.58592,53.87418,0.00324,0.00523,14.37307,0.00479,14.17937
475.01,94.17646,85.31653,20.01445,38.09177,1.72686,22.056,58.27986,0.07022,68.91023,1.84304,1.38906,0.00443,1.56187,53.75698,0.00346,0.00515,14.29803,0.00457,14.10044
476.01,94.01233,85.16233,19.92776,37.98864,1.70115,22.07446,58.15209,0.0672,68.78224,1.82029,1.366,0.00443,1.53806,53.64013,0.00388,0.00508,14.22334,0.00426,14.02158
477.01,93.84867,85.00852,19.84114,37.88586,1.67567,22.09305,58.02476,0.06429,68.6549,1.79761,1.34312,0.00444,1.51448,53.52331,0.00438,0.00502,14.14901,0.00427,13.9429
478.01,93.68575,84.85536,19.75465,37.78347,1.65042,22.11093,57.89797,0.0615,68.52796,1.77499,1.32042,0.00444,1.49112,53.40646,0.00474,0.00497,14.075,0.00467,13.86445
479.01,93.52371,84.70297,19.66839,37.68136,1.62543,22.12745,57.77166,0.05882,68.40106,1.75245,1.29791,0.00425,1.46798,53.28984,0.00493,0.00492,14.00131,0.00531,13.78622
480.01,93.36237,84.55119,19.58241,37.57932,1.60069,22.14208,57.64566,0.05624,68.27416,1.72998,1.27558,0.00389,1.44508,53.17366,0.005,0.00488,13.92791,0.0061,13.70807
481.01,93.20116,84.39969,19.4967,37.47735,1.57622,22.15424,57.51974,0.05377,68.14755,1.70759,1.25342,0.00368,1.42241,53.058,0.00498,0.00485,13.85483,0.00697,13.62986
482.01,93.03992,84.24826,19.41116,37.37555,1.55199,22.16338,57.39396,0.05139,68.02145,1.68525,1.23142,0.00375,1.39999,52.94276,0.00492,0.00482,13.78208,0.00818,13.55165
483.01,92.87896,84.09704,19.32566,37.27405,1.528,22.16887,57.2685,0.04912,67.89598,1.66297,1.2096,0.004,1.3778,52.82771,0.00485,0.0048,13.70966,0.00935,13.47355
484.01,92.71863,83.94631,19.2402,37.1729,1.50423,22.17014,57.1435,0.04694,67.77105,1.64074,1.18796,0.00435,1.35582,52.71262,0.00476,0.00478,13.63758,0.01007,13.39566
485.01,92.55913,83.79625,19.15489,37.0721,1.4807,22.16683,57.01902,0.04485,67.64632,1.61859,1.16649,0.00477,1.33405,52.59757,0.00467,0.00476,13.56581,0.01037,13.318
486.01,92.40046,83.64688,19.06981,36.97149,1.45742,22.15883,56.89493,0.04286,67.52148,1.5965,1.14521,0.00544,1.3125,52.4828,0.00459,0.00475,13.49433,0.01035,13.2405
487.01,92.24234,83.49793,18.985,36.8709,1.43438,22.14613,56.77103,0.04094,67.39678,1.57449,1.1241,0.00618,1.29118,52.36848,0.0045,0.00474,13.42315,0.01015,13.16303
488.01,92.08427,83.34905,18.90042,36.77039,1.41159,22.12873,56.64721,0.03911,67.27251,1.55253,1.10315,0.00669,1.27009,52.25466,0.00443,0.00473,13.35227,0.00985,13.08551
489.01,91.92625,83.20024,18.81597,36.67013,1.38903,22.1066,56.52359,0.03736,67.14888,1.53063,1.08238,0.00694,1.24923,52.14117,0.00436,0.00472,13.28172,0.0095,13.00803
490.01,91.76861,83.05175,18.73156,36.5702,1.36669,22.07962,56.40034,0.03569,67.02589,1.50879,1.06178,0.00698,1.2286,52.02774,0.0043,0.00472,13.21149,0.00913,12.9307
491.01,91.61164,82.90385,18.64723,36.47064,1.34457,22.04778,56.27758,0.03409,66.90338,1.48702,1.04136,0.00689,1.20816,51.91427,0.00425,0.00471,13.14158,0.00875,12.8536
492.01,91.45548,82.75667,18.5631,36.37136,1.32268,22.01125,56.1553,0.03257,66.78098,1.46532,1.02112,0.00673,1.18793,51.80093,0.00421,0.00471,13.07196,0.00838,12.7767
493.01,91.30002,82.61014,18.47923,36.2722,1.30103,21.97036,56.03332,0.03111,66.65854,1.44369,1.00106,0.00655,1.16791,51.68794,0.00416,0.00471,13.00262,0.00802,12.69989
494.01,91.14492,82.46386,18.39562,36.17308,1.27962,21.92539,55.91142,0.02972,66.53632,1.42213,0.98119,0.00635,1.14811,51.57542,0.00412,0.00471,12.93357,0.00769,12.62308
495.01,90.98982,82.31756,18.31221,36.07409,1.25844,21.8766,55.7896,0.02839,66.41458,1.40063,0.96148,0.00614,1.12853,51.46335,0.00409,0.00471,12.86483,0.00738,12.54624
496.01,90.83487,82.17145,18.22888,35.97536,1.23748,21.82414,55.66803,0.02712,66.29345,1.37919,0.94195,0.00595,1.10917,51.35146,0.00405,0.00471,12.7964,0.00711,12.46948
497.01,90.68037,82.02582,18.1456,35.87697,1.21673,21.76804,55.54683,0.02591,66.17289,1.35781,0.9226,0.00577,1.09002,51.23951,0.00402,0.00471,12.72829,0.00686,12.3929
498.01,90.52658,81.88089,18.06246,35.77891,1.1962,21.70846,55.42608,0.02477,66.05264,1.3365,0.90343,0.0056,1.07105,51.12754,0.004,0.00471,12.66047,0.00664,12.31654
499.01,90.37354,81.73668,17.97952,35.68105,1.17589,21.64574,55.3057,0.02367,65.93238,1.31526,0.88446,0.00545,1.05229,51.01578,0.00398,0.00471,12.59293,0.00643,12.24034
500.01,90.22103,81.59301,17.89686,35.58326,1.15581,21.58024,55.18547,0.02263,65.81213,1.2941,0.86567,0.00532,1.03373,50.9044,0.00396,0.00472,12.52566,0.00625,12.16418
