time,Muttonpulao_02_fatty acids absorbed,Cholebhature_01_fatty acids absorbed,Curdrice_01_fatty acids absorbed,Lemonrice_01_fatty acids absorbed,Pasta_01_fatty acids absorbed,Masaladosa_01_fatty acids absorbed,Vegetable_Biryani_01_fatty acids absorbed,Rice_01_fatty acids absorbed,Paneer_01_fatty acids absorbed,Milk_Chocolate_01_fatty acids absorbed,Peanuts_01_fatty acids absorbed,Curd_01_fatty acids absorbed,Bread_Meal_01_fatty acids absorbed,Chickensandwich_01_fatty acids absorbed,Apple_Pineapplesalad_01_fatty acids absorbed,Spinach_01_fatty acids absorbed,Bread_Meal_02_fatty acids absorbed,Orange_01_fatty acids absorbed,Omelette_01_fatty acids absorbed
1.01,9e-05,0.0001,4e-05,7e-05,0.0,7e-05,7e-05,0.0,0.00019,0.0,0.0,0.0,0.0,7e-05,0.0,0.0,0.0,0,0.0001
2.01,0.0002,0.00024,0.00013,0.00019,0.0,0.00023,0.0002,0.0,0.00043,0.0,0.0,0.0,0.0,0.00019,2e-05,0.0,0.0,0,0.00028
3.01,0.00025,0.00029,0.00019,0.00025,0.0,0.00033,0.00025,0.0,0.00053,0.0,0.0,0.0,0.0,0.00029,3e-05,0.0,0.0,0,0.00037
4.01,0.00029,0.00029,0.00021,0.00028,0.0,0.0004,0.00026,0.0,0.00057,0.0,0.0,0.0,0.0,0.00036,4e-05,0.0,0.0,0,0.0004
5.01,0.00033,0.0003,0.0002,0.00031,0.0,0.00045,0.00025,0.0,0.00064,0.0,0.0,0.0,0.0,0.00042,4e-05,0.0,0.0,0,0.00039
6.01,0.00039,0.00038,0.00019,0.00033,0.0,0.00048,0.00026,0.0,0.00069,1e-05,0.0,0.0,0.0,0.00047,4e-05,0.0,0.0,0,0.0004
7.01,0.00046,0.00044,0.00019,0.00034,0.0,0.00051,0.00031,0.0,0.0007,1e-05,1e-05,0.0,0.0,0.0005,4e-05,0.0,0.0,0,0.00043
8.01,0.00051,0.00049,0.00019,0.00035,0.0,0.00052,0.00035,0.0,0.0007,2e-05,1e-05,0.0,0.0,0.00053,4e-05,0.0,0.0,0,0.00044
9.01,0.00055,0.00053,0.00021,0.00037,0.0,0.00052,0.00037,0.0,0.00069,2e-05,1e-05,0.0,0.0,0.00054,4e-05,0.0,0.0,0,0.00041
10.01,0.00058,0.00054,0.00022,0.00038,0.0,0.00052,0.00039,0.0,0.00067,3e-05,2e-05,0.0,0.0,0.00054,4e-05,0.0,0.0,0,0.00038
11.01,0.0006,0.00054,0.00023,0.00039,1e-05,0.00052,0.00039,0.0,0.00065,4e-05,2e-05,1e-05,1e-05,0.00054,4e-05,0.0,1e-05,0,0.00036
12.01,0.0006,0.00052,0.00023,0.00038,1e-05,0.00051,0.00038,0.0,0.00064,5e-05,2e-05,1e-05,1e-05,0.00054,4e-05,0.0,1e-05,0,0.00035
13.01,0.0006,0.00049,0.00023,0.00037,1e-05,0.00051,0.00037,0.0,0.00062,6e-05,3e-05,1e-05,1e-05,0.00053,4e-05,0.0,1e-05,0,0.00035
14.01,0.00058,0.00046,0.00022,0.00036,1e-05,0.0005,0.00036,0.0,0.00061,7e-05,4e-05,1e-05,1e-05,0.00052,4e-05,0.0,1e-05,0,0.00034
15.01,0.00057,0.00043,0.00022,0.00035,1e-05,0.0005,0.00034,0.0,0.0006,8e-05,5e-05,1e-05,1e-05,0.00051,4e-05,0.0,1e-05,0,0.00034
16.01,0.00054,0.0004,0.00022,0.00034,1e-05,0.0005,0.00033,0.0,0.00059,9e-05,6e-05,1e-05,1e-05,0.0005,4e-05,0.0,1e-05,0,0.00034
17.01,0.00053,0.00039,0.00022,0.00033,2e-05,0.00049,0.00032,0.0,0.00058,0.0001,7e-05,1e-05,2e-05,0.00048,4e-05,0.0,2e-05,0,0.00034
18.01,0.00051,0.00038,0.00021,0.00033,2e-05,0.00049,0.00032,0.0,0.00058,0.00012,8e-05,1e-05,2e-05,0.00047,4e-05,0.0,2e-05,0,0.00034
19.01,0.0005,0.00038,0.00021,0.00033,2e-05,0.00048,0.00032,0.0,0.00058,0.00013,9e-05,1e-05,2e-05,0.00047,4e-05,0.0,2e-05,0,0.00034
20.01,0.0005,0.00039,0.00021,0.00033,3e-05,0.00048,0.00032,0.0,0.00059,0.00014,0.0001,2e-05,3e-05,0.00046,4e-05,0.0,3e-05,0,0.00035
21.01,0.00051,0.0004,0.00021,0.00033,3e-05,0.00047,0.00033,0.0,0.0006,0.00015,0.00012,2e-05,3e-05,0.00045,4e-05,0.0,3e-05,0,0.00035
22.01,0.00053,0.00043,0.00021,0.00033,4e-05,0.00046,0.00034,0.0,0.00062,0.00016,0.00013,2e-05,4e-05,0.00045,4e-05,0.0,4e-05,0,0.00035
23.01,0.00056,0.00047,0.00021,0.00034,4e-05,0.00046,0.00036,0.0,0.00063,0.00017,0.00014,2e-05,4e-05,0.00045,4e-05,0.0,4e-05,0,0.00035
24.01,0.00059,0.0005,0.00021,0.00034,5e-05,0.00045,0.00036,0.0,0.00064,0.00017,0.00016,2e-05,5e-05,0.00045,4e-05,0.0,5e-05,0,0.00034
25.01,0.00059,0.00051,0.0002,0.00033,5e-05,0.00045,0.00035,0.0,0.00064,0.00018,0.00018,2e-05,5e-05,0.00045,4e-05,0.0,5e-05,0,0.00034
26.01,0.00056,0.00048,0.0002,0.00032,6e-05,0.00045,0.00034,0.0,0.00062,0.00019,0.00019,2e-05,6e-05,0.00044,4e-05,0.0,6e-05,0,0.00034
27.01,0.00052,0.00045,0.00019,0.0003,6e-05,0.00045,0.00032,0.0,0.00061,0.00019,0.00021,2e-05,6e-05,0.00044,4e-05,0.0,6e-05,0,0.00034
28.01,0.00048,0.00042,0.00019,0.00029,6e-05,0.00045,0.00031,0.0,0.0006,0.0002,0.00022,2e-05,7e-05,0.00044,4e-05,0.0,7e-05,0,0.00034
29.01,0.00045,0.00039,0.00019,0.00028,7e-05,0.00045,0.0003,0.0,0.00059,0.00021,0.00024,2e-05,7e-05,0.00044,4e-05,0.0,7e-05,0,0.00034
30.01,0.00042,0.00037,0.00019,0.00027,7e-05,0.00045,0.00029,0.0,0.00058,0.00021,0.00025,2e-05,8e-05,0.00043,4e-05,0.0,8e-05,0,0.00034
31.01,0.0004,0.00035,0.00018,0.00026,8e-05,0.00045,0.00028,0.0,0.00057,0.00022,0.00027,3e-05,9e-05,0.00043,4e-05,0.0,8e-05,0,0.00034
32.01,0.00038,0.00034,0.00018,0.00025,8e-05,0.00045,0.00027,0.0,0.00057,0.00022,0.00028,3e-05,9e-05,0.00042,4e-05,0.0,9e-05,0,0.00034
33.01,0.00037,0.00034,0.00018,0.00025,8e-05,0.00045,0.00027,0.0,0.00056,0.00022,0.00029,3e-05,0.0001,0.00042,4e-05,0.0,9e-05,0,0.00034
34.01,0.00036,0.00033,0.00018,0.00025,9e-05,0.00045,0.00027,0.0,0.00057,0.00023,0.0003,3e-05,0.0001,0.00041,4e-05,0.0,9e-05,0,0.00034
35.01,0.00036,0.00034,0.00018,0.00025,9e-05,0.00045,0.00027,0.0,0.00057,0.00023,0.00032,3e-05,0.00011,0.00041,4e-05,0.0,0.0001,0,0.00034
36.01,0.00037,0.00034,0.00018,0.00025,9e-05,0.00045,0.00028,0.0,0.00058,0.00024,0.00033,3e-05,0.00011,0.00041,4e-05,0.0,0.0001,0,0.00034
37.01,0.00038,0.00036,0.00018,0.00025,9e-05,0.00044,0.00029,0.0,0.00059,0.00024,0.00034,3e-05,0.00011,0.0004,4e-05,0.0,0.0001,0,0.00034
38.01,0.00041,0.00038,0.00018,0.00026,9e-05,0.00044,0.0003,1e-05,0.0006,0.00024,0.00035,3e-05,0.00011,0.0004,4e-05,0.0,0.0001,0,0.00034
39.01,0.00044,0.00041,0.00018,0.00026,9e-05,0.00044,0.00031,1e-05,0.00061,0.00025,0.00036,3e-05,0.00011,0.0004,4e-05,0.0,0.0001,0,0.00034
40.01,0.00048,0.00044,0.00018,0.00026,9e-05,0.00043,0.00032,1e-05,0.00062,0.00025,0.00037,3e-05,0.00011,0.0004,4e-05,0.0,0.0001,0,0.00034
41.01,0.0005,0.00046,0.00018,0.00026,9e-05,0.00043,0.00032,1e-05,0.00062,0.00026,0.00038,3e-05,0.00011,0.0004,4e-05,0.0,0.0001,0,0.00034
42.01,0.0005,0.00046,0.00018,0.00025,9e-05,0.00043,0.00031,1e-05,0.00061,0.00026,0.00039,3e-05,0.00011,0.0004,4e-05,0.0,0.0001,0,0.00034
43.01,0.00047,0.00043,0.00018,0.00025,9e-05,0.00043,0.00029,1e-05,0.0006,0.00026,0.00039,3e-05,0.0001,0.0004,4e-05,0.0,0.0001,0,0.00034
44.01,0.00043,0.0004,0.00018,0.00024,9e-05,0.00043,0.00028,1e-05,0.00059,0.00027,0.0004,3e-05,0.0001,0.0004,4e-05,1e-05,0.0001,0,0.00033
45.01,0.0004,0.00037,0.00018,0.00024,9e-05,0.00043,0.00028,1e-05,0.00059,0.00027,0.00041,3e-05,0.0001,0.0004,4e-05,1e-05,0.0001,0,0.00033
46.01,0.00038,0.00035,0.00017,0.00024,9e-05,0.00043,0.00027,1e-05,0.00058,0.00027,0.00042,3e-05,0.0001,0.0004,4e-05,1e-05,0.0001,0,0.00033
47.01,0.00036,0.00034,0.00017,0.00024,9e-05,0.00043,0.00026,1e-05,0.00057,0.00027,0.00042,3e-05,0.0001,0.0004,4e-05,1e-05,0.0001,0,0.00033
48.01,0.00035,0.00033,0.00017,0.00024,9e-05,0.00043,0.00026,1e-05,0.00057,0.00028,0.00043,3e-05,9e-05,0.0004,4e-05,1e-05,0.0001,0,0.00033
49.01,0.00034,0.00033,0.00017,0.00024,9e-05,0.00043,0.00026,1e-05,0.00057,0.00028,0.00044,3e-05,9e-05,0.00039,4e-05,1e-05,0.0001,0,0.00033
50.01,0.00034,0.00032,0.00017,0.00024,9e-05,0.00043,0.00026,1e-05,0.00057,0.00028,0.00044,4e-05,9e-05,0.00039,4e-05,1e-05,0.0001,0,0.00034
51.01,0.00034,0.00033,0.00017,0.00024,9e-05,0.00043,0.00026,1e-05,0.00057,0.00029,0.00045,4e-05,9e-05,0.00039,4e-05,1e-05,0.0001,0,0.00034
52.01,0.00034,0.00033,0.00017,0.00024,9e-05,0.00043,0.00027,1e-05,0.00058,0.00029,0.00045,4e-05,9e-05,0.00038,4e-05,1e-05,0.0001,0,0.00034
53.01,0.00035,0.00034,0.00018,0.00024,9e-05,0.00043,0.00027,1e-05,0.00058,0.00029,0.00045,4e-05,9e-05,0.00038,4e-05,1e-05,0.0001,0,0.00034
54.01,0.00037,0.00036,0.00018,0.00024,9e-05,0.00043,0.00028,1e-05,0.00059,0.00029,0.00046,4e-05,9e-05,0.00038,4e-05,1e-05,9e-05,0,0.00034
55.01,0.0004,0.00038,0.00018,0.00024,9e-05,0.00043,0.00029,1e-05,0.0006,0.0003,0.00046,4e-05,9e-05,0.00038,4e-05,1e-05,9e-05,0,0.00034
56.01,0.00043,0.0004,0.00018,0.00025,9e-05,0.00042,0.00029,1e-05,0.0006,0.0003,0.00046,4e-05,9e-05,0.00038,4e-05,1e-05,9e-05,0,0.00034
57.01,0.00046,0.00043,0.00017,0.00025,9e-05,0.00042,0.0003,1e-05,0.00061,0.0003,0.00047,4e-05,9e-05,0.00038,4e-05,1e-05,9e-05,0,0.00034
58.01,0.00047,0.00044,0.00017,0.00024,9e-05,0.00042,0.0003,1e-05,0.00061,0.0003,0.00047,4e-05,9e-05,0.00038,4e-05,1e-05,9e-05,0,0.00034
59.01,0.00046,0.00042,0.00017,0.00024,9e-05,0.00041,0.00029,1e-05,0.0006,0.0003,0.00047,4e-05,9e-05,0.00038,4e-05,1e-05,9e-05,0,0.00033
60.01,0.00043,0.0004,0.00017,0.00024,9e-05,0.00041,0.00028,1e-05,0.00059,0.00031,0.00047,4e-05,9e-05,0.00038,4e-05,1e-05,9e-05,0,0.00033
61.01,0.0004,0.00037,0.00017,0.00024,9e-05,0.00041,0.00027,1e-05,0.00059,0.00031,0.00047,4e-05,9e-05,0.00038,4e-05,1e-05,9e-05,0,0.00033
62.01,0.00038,0.00036,0.00017,0.00024,0.0001,0.00042,0.00027,1e-05,0.00058,0.00031,0.00047,4e-05,9e-05,0.00038,4e-05,1e-05,9e-05,0,0.00033
63.01,0.00036,0.00035,0.00017,0.00024,0.0001,0.00042,0.00027,1e-05,0.00058,0.00031,0.00047,4e-05,9e-05,0.00038,4e-05,1e-05,9e-05,0,0.00033
64.01,0.00035,0.00034,0.00017,0.00024,0.0001,0.00042,0.00026,1e-05,0.00058,0.00031,0.00047,4e-05,9e-05,0.00038,4e-05,1e-05,9e-05,0,0.00033
65.01,0.00034,0.00033,0.00018,0.00024,0.0001,0.00042,0.00026,1e-05,0.00057,0.00032,0.00047,4e-05,9e-05,0.00037,4e-05,1e-05,9e-05,0,0.00033
66.01,0.00034,0.00033,0.00018,0.00024,0.0001,0.00042,0.00027,1e-05,0.00057,0.00032,0.00047,4e-05,9e-05,0.00037,4e-05,1e-05,9e-05,0,0.00034
67.01,0.00034,0.00033,0.00018,0.00024,0.0001,0.00042,0.00027,1e-05,0.00058,0.00032,0.00047,4e-05,9e-05,0.00037,4e-05,1e-05,9e-05,0,0.00034
68.01,0.00035,0.00034,0.00018,0.00024,0.0001,0.00042,0.00027,1e-05,0.00058,0.00032,0.00047,4e-05,9e-05,0.00037,4e-05,1e-05,9e-05,0,0.00034
69.01,0.00035,0.00034,0.00018,0.00024,0.0001,0.00042,0.00027,1e-05,0.00058,0.00032,0.00047,4e-05,9e-05,0.00037,4e-05,1e-05,9e-05,0,0.00034
70.01,0.00037,0.00035,0.00018,0.00024,0.0001,0.00042,0.00028,1e-05,0.00059,0.00032,0.00047,4e-05,9e-05,0.00037,4e-05,1e-05,9e-05,0,0.00034
71.01,0.00038,0.00037,0.00018,0.00024,0.0001,0.00042,0.00028,1e-05,0.0006,0.00033,0.00047,4e-05,9e-05,0.00036,4e-05,1e-05,9e-05,0,0.00034
72.01,0.0004,0.00039,0.00018,0.00024,0.0001,0.00042,0.00029,1e-05,0.0006,0.00033,0.00047,4e-05,9e-05,0.00036,4e-05,1e-05,9e-05,0,0.00034
73.01,0.00043,0.0004,0.00018,0.00024,0.0001,0.00041,0.00029,1e-05,0.0006,0.00033,0.00047,4e-05,9e-05,0.00036,4e-05,1e-05,9e-05,0,0.00034
74.01,0.00045,0.00042,0.00018,0.00024,0.0001,0.00041,0.00029,1e-05,0.00061,0.00033,0.00047,4e-05,9e-05,0.00036,4e-05,1e-05,9e-05,0,0.00034
75.01,0.00045,0.00042,0.00018,0.00024,0.0001,0.00041,0.00029,1e-05,0.0006,0.00033,0.00047,4e-05,9e-05,0.00036,4e-05,1e-05,9e-05,0,0.00034
76.01,0.00044,0.0004,0.00018,0.00024,0.0001,0.0004,0.00029,1e-05,0.0006,0.00033,0.00047,4e-05,9e-05,0.00036,4e-05,1e-05,9e-05,0,0.00034
77.01,0.00041,0.00039,0.00018,0.00024,0.0001,0.0004,0.00028,1e-05,0.00059,0.00033,0.00047,4e-05,9e-05,0.00036,4e-05,1e-05,9e-05,0,0.00034
78.01,0.00039,0.00037,0.00018,0.00024,0.0001,0.0004,0.00028,1e-05,0.00059,0.00033,0.00047,4e-05,9e-05,0.00036,4e-05,1e-05,9e-05,0,0.00034
79.01,0.00038,0.00036,0.00018,0.00024,0.0001,0.00041,0.00028,1e-05,0.00059,0.00034,0.00047,4e-05,9e-05,0.00036,4e-05,1e-05,9e-05,0,0.00034
80.01,0.00037,0.00035,0.00018,0.00024,0.0001,0.00041,0.00028,1e-05,0.00058,0.00034,0.00047,4e-05,9e-05,0.00036,4e-05,1e-05,9e-05,0,0.00034
81.01,0.00036,0.00035,0.00018,0.00024,0.0001,0.00041,0.00028,1e-05,0.00058,0.00034,0.00047,4e-05,9e-05,0.00036,4e-05,1e-05,9e-05,0,0.00034
82.01,0.00035,0.00034,0.00018,0.00024,0.0001,0.00041,0.00028,1e-05,0.00058,0.00034,0.00047,4e-05,9e-05,0.00036,4e-05,1e-05,9e-05,0,0.00034
83.01,0.00035,0.00034,0.00018,0.00024,0.0001,0.00041,0.00028,1e-05,0.00058,0.00034,0.00047,4e-05,9e-05,0.00036,4e-05,1e-05,9e-05,0,0.00034
84.01,0.00036,0.00035,0.00018,0.00025,0.0001,0.00041,0.00028,1e-05,0.00059,0.00034,0.00047,4e-05,9e-05,0.00036,4e-05,1e-05,9e-05,0,0.00034
85.01,0.00036,0.00035,0.00018,0.00025,0.0001,0.00041,0.00028,1e-05,0.00059,0.00034,0.00047,4e-05,9e-05,0.00036,4e-05,1e-05,9e-05,0,0.00034
86.01,0.00037,0.00036,0.00018,0.00025,0.0001,0.00041,0.00028,1e-05,0.00059,0.00034,0.00047,4e-05,9e-05,0.00035,4e-05,1e-05,9e-05,0,0.00034
87.01,0.00038,0.00037,0.00018,0.00025,0.0001,0.00041,0.00029,1e-05,0.0006,0.00034,0.00047,4e-05,9e-05,0.00035,4e-05,1e-05,9e-05,0,0.00034
88.01,0.00039,0.00038,0.00018,0.00025,0.0001,0.00041,0.00029,1e-05,0.0006,0.00034,0.00047,4e-05,9e-05,0.00035,4e-05,1e-05,9e-05,0,0.00034
89.01,0.00041,0.00039,0.00018,0.00025,0.0001,0.0004,0.00029,1e-05,0.0006,0.00035,0.00047,4e-05,9e-05,0.00035,4e-05,1e-05,9e-05,0,0.00034
90.01,0.00043,0.0004,0.00018,0.00025,0.0001,0.0004,0.0003,1e-05,0.00061,0.00035,0.00047,4e-05,9e-05,0.00035,4e-05,1e-05,9e-05,0,0.00034
91.01,0.00044,0.00041,0.00018,0.00025,0.0001,0.0004,0.0003,1e-05,0.00061,0.00035,0.00047,4e-05,9e-05,0.00035,4e-05,1e-05,9e-05,0,0.00034
92.01,0.00044,0.0004,0.00018,0.00025,0.0001,0.00039,0.00029,1e-05,0.0006,0.00035,0.00047,4e-05,9e-05,0.00035,4e-05,1e-05,9e-05,0,0.00034
93.01,0.00042,0.00039,0.00018,0.00025,0.0001,0.00039,0.00029,1e-05,0.0006,0.00035,0.00047,4e-05,9e-05,0.00035,4e-05,1e-05,9e-05,0,0.00034
94.01,0.0004,0.00038,0.00018,0.00025,0.0001,0.00039,0.00029,1e-05,0.0006,0.00035,0.00047,4e-05,9e-05,0.00035,4e-05,1e-05,9e-05,0,0.00034
95.01,0.00039,0.00037,0.00018,0.00025,0.0001,0.00039,0.00028,1e-05,0.00059,0.00035,0.00047,4e-05,9e-05,0.00035,4e-05,1e-05,9e-05,0,0.00034
96.01,0.00038,0.00036,0.00018,0.00025,0.0001,0.00039,0.00028,1e-05,0.00059,0.00035,0.00047,4e-05,9e-05,0.00035,4e-05,1e-05,9e-05,0,0.00034
97.01,0.00037,0.00036,0.00018,0.00025,0.0001,0.00039,0.00028,1e-05,0.00059,0.00035,0.00047,4e-05,0.0001,0.00035,4e-05,1e-05,9e-05,0,0.00034
98.01,0.00037,0.00035,0.00018,0.00025,0.0001,0.00039,0.00028,1e-05,0.00059,0.00035,0.00047,4e-05,0.0001,0.00035,4e-05,1e-05,9e-05,0,0.00034
99.01,0.00036,0.00035,0.00019,0.00025,0.0001,0.00039,0.00028,1e-05,0.00059,0.00035,0.00047,4e-05,0.0001,0.00035,4e-05,1e-05,9e-05,0,0.00034
100.01,0.00036,0.00035,0.00019,0.00025,0.0001,0.00039,0.00028,1e-05,0.00059,0.00035,0.00047,4e-05,0.0001,0.00035,4e-05,1e-05,9e-05,0,0.00034
101.01,0.00037,0.00036,0.00019,0.00025,0.0001,0.00039,0.00029,1e-05,0.00059,0.00035,0.00047,4e-05,0.0001,0.00035,4e-05,1e-05,9e-05,0,0.00034
102.01,0.00037,0.00036,0.00019,0.00025,0.0001,0.00039,0.00029,1e-05,0.00059,0.00035,0.00047,4e-05,0.0001,0.00035,4e-05,1e-05,9e-05,0,0.00034
103.01,0.00038,0.00037,0.00019,0.00025,0.0001,0.00039,0.00029,1e-05,0.0006,0.00035,0.00047,4e-05,0.0001,0.00034,4e-05,1e-05,9e-05,0,0.00035
104.01,0.00039,0.00037,0.00019,0.00025,0.0001,0.00039,0.00029,1e-05,0.0006,0.00036,0.00047,4e-05,0.0001,0.00034,4e-05,1e-05,9e-05,0,0.00035
105.01,0.0004,0.00038,0.00019,0.00025,0.0001,0.00039,0.00029,1e-05,0.00061,0.00036,0.00047,4e-05,0.0001,0.00034,4e-05,1e-05,9e-05,0,0.00035
106.01,0.00041,0.00039,0.00019,0.00025,0.0001,0.00039,0.00029,1e-05,0.00061,0.00036,0.00047,4e-05,0.0001,0.00034,4e-05,1e-05,9e-05,0,0.00035
107.01,0.00042,0.0004,0.00019,0.00025,0.0001,0.00038,0.0003,1e-05,0.00061,0.00036,0.00046,4e-05,0.0001,0.00034,4e-05,1e-05,9e-05,0,0.00034
108.01,0.00042,0.0004,0.00019,0.00025,0.0001,0.00038,0.00029,1e-05,0.00061,0.00036,0.00046,4e-05,0.0001,0.00034,4e-05,1e-05,9e-05,0,0.00034
109.01,0.00042,0.00039,0.00019,0.00025,0.0001,0.00038,0.00029,1e-05,0.00061,0.00036,0.00046,4e-05,0.0001,0.00034,4e-05,1e-05,9e-05,0,0.00034
110.01,0.00041,0.00039,0.00019,0.00025,0.0001,0.00038,0.00029,1e-05,0.0006,0.00036,0.00046,4e-05,0.0001,0.00034,4e-05,1e-05,9e-05,0,0.00034
111.01,0.0004,0.00038,0.00019,0.00025,0.0001,0.00038,0.00029,1e-05,0.0006,0.00036,0.00046,4e-05,0.0001,0.00034,4e-05,1e-05,9e-05,0,0.00034
112.01,0.00039,0.00037,0.00019,0.00025,0.0001,0.00038,0.00029,1e-05,0.0006,0.00036,0.00046,4e-05,0.0001,0.00034,4e-05,1e-05,9e-05,0,0.00034
113.01,0.00038,0.00036,0.00019,0.00025,0.0001,0.00038,0.00029,1e-05,0.0006,0.00036,0.00045,4e-05,0.0001,0.00034,4e-05,0.0,9e-05,0,0.00034
114.01,0.00037,0.00036,0.00019,0.00025,0.0001,0.00038,0.00029,1e-05,0.00059,0.00036,0.00045,4e-05,0.0001,0.00034,4e-05,0.0,9e-05,0,0.00034
115.01,0.00037,0.00036,0.00019,0.00025,0.0001,0.00038,0.00029,1e-05,0.00059,0.00036,0.00045,4e-05,0.0001,0.00034,4e-05,0.0,9e-05,0,0.00034
116.01,0.00037,0.00036,0.00019,0.00025,0.0001,0.00038,0.00029,1e-05,0.00059,0.00036,0.00045,4e-05,0.0001,0.00034,4e-05,0.0,9e-05,0,0.00034
117.01,0.00037,0.00036,0.00019,0.00025,0.0001,0.00038,0.00029,1e-05,0.0006,0.00036,0.00044,4e-05,0.0001,0.00034,4e-05,0.0,9e-05,0,0.00034
118.01,0.00037,0.00036,0.00019,0.00025,0.0001,0.00038,0.00029,1e-05,0.0006,0.00036,0.00044,4e-05,0.0001,0.00034,4e-05,0.0,9e-05,0,0.00034
119.01,0.00038,0.00036,0.00019,0.00025,0.0001,0.00038,0.00029,1e-05,0.0006,0.00036,0.00044,4e-05,0.0001,0.00034,4e-05,0.0,9e-05,0,0.00035
120.01,0.00038,0.00037,0.00019,0.00025,0.0001,0.00038,0.00029,1e-05,0.0006,0.00036,0.00044,4e-05,0.0001,0.00034,4e-05,0.0,9e-05,0,0.00035
121.01,0.00039,0.00037,0.00019,0.00025,0.0001,0.00038,0.00029,1e-05,0.00061,0.00036,0.00043,4e-05,0.0001,0.00034,4e-05,0.0,9e-05,0,0.00035
122.01,0.0004,0.00038,0.00019,0.00025,0.0001,0.00038,0.00029,1e-05,0.00061,0.00036,0.00043,4e-05,0.0001,0.00033,4e-05,0.0,9e-05,0,0.00035
123.01,0.0004,0.00038,0.00019,0.00025,0.0001,0.00038,0.00029,1e-05,0.00061,0.00036,0.00043,4e-05,0.0001,0.00033,4e-05,0.0,9e-05,0,0.00034
124.01,0.00041,0.00039,0.00019,0.00025,0.0001,0.00038,0.00029,1e-05,0.00061,0.00036,0.00043,4e-05,0.0001,0.00033,4e-05,0.0,9e-05,0,0.00034
125.01,0.00041,0.00039,0.00019,0.00025,0.0001,0.00037,0.00029,1e-05,0.00061,0.00036,0.00042,4e-05,0.0001,0.00033,4e-05,0.0,9e-05,0,0.00034
126.01,0.00041,0.00038,0.00019,0.00025,0.0001,0.00037,0.00029,1e-05,0.00061,0.00036,0.00042,4e-05,0.0001,0.00033,3e-05,0.0,9e-05,0,0.00034
127.01,0.0004,0.00038,0.00019,0.00024,0.0001,0.00037,0.00029,1e-05,0.0006,0.00036,0.00042,4e-05,0.0001,0.00033,3e-05,0.0,9e-05,0,0.00034
128.01,0.00039,0.00037,0.00019,0.00025,0.0001,0.00037,0.00028,1e-05,0.0006,0.00036,0.00041,3e-05,0.0001,0.00033,3e-05,0.0,9e-05,0,0.00034
129.01,0.00038,0.00036,0.00019,0.00025,0.0001,0.00037,0.00028,1e-05,0.0006,0.00036,0.00041,3e-05,0.0001,0.00033,3e-05,0.0,9e-05,0,0.00034
130.01,0.00037,0.00036,0.00019,0.00025,0.0001,0.00037,0.00028,1e-05,0.0006,0.00036,0.00041,3e-05,0.0001,0.00033,3e-05,0.0,9e-05,0,0.00034
131.01,0.00037,0.00036,0.00019,0.00025,0.0001,0.00037,0.00028,1e-05,0.0006,0.00037,0.0004,3e-05,0.0001,0.00033,3e-05,0.0,0.0001,0,0.00034
132.01,0.00037,0.00036,0.00019,0.00025,0.0001,0.00038,0.00028,1e-05,0.0006,0.00037,0.0004,3e-05,0.0001,0.00033,3e-05,0.0,0.0001,0,0.00034
133.01,0.00037,0.00036,0.00019,0.00025,0.0001,0.00038,0.00028,1e-05,0.0006,0.00037,0.0004,3e-05,0.0001,0.00033,3e-05,0.0,0.0001,0,0.00034
134.01,0.00037,0.00036,0.00019,0.00025,0.0001,0.00038,0.00028,1e-05,0.0006,0.00037,0.00039,3e-05,0.00011,0.00033,3e-05,0.0,0.0001,0,0.00034
135.01,0.00037,0.00036,0.00019,0.00025,0.0001,0.00038,0.00028,1e-05,0.0006,0.00037,0.00039,3e-05,0.00011,0.00033,3e-05,0.0,0.0001,0,0.00034
136.01,0.00037,0.00036,0.00019,0.00025,0.0001,0.00038,0.00028,1e-05,0.0006,0.00037,0.00039,3e-05,0.00011,0.00033,3e-05,0.0,0.0001,0,0.00034
137.01,0.00038,0.00037,0.00019,0.00025,0.0001,0.00038,0.00029,1e-05,0.0006,0.00037,0.00038,3e-05,0.00011,0.00033,3e-05,0.0,0.0001,0,0.00034
138.01,0.00038,0.00037,0.00019,0.00025,0.0001,0.00038,0.00029,1e-05,0.00061,0.00037,0.00038,3e-05,0.00011,0.00033,3e-05,0.0,0.0001,0,0.00034
139.01,0.00039,0.00037,0.00019,0.00025,0.00011,0.00038,0.00029,1e-05,0.00061,0.00037,0.00038,3e-05,0.00011,0.00033,3e-05,0.0,0.0001,0,0.00034
140.01,0.00039,0.00037,0.00019,0.00024,0.00011,0.00038,0.00029,1e-05,0.00061,0.00037,0.00037,3e-05,0.00011,0.00032,3e-05,0.0,0.0001,0,0.00034
141.01,0.0004,0.00038,0.00019,0.00024,0.00011,0.00037,0.00029,1e-05,0.00061,0.00037,0.00037,3e-05,0.00011,0.00032,3e-05,0.0,0.0001,0,0.00034
142.01,0.0004,0.00038,0.00019,0.00024,0.00011,0.00037,0.00028,1e-05,0.00061,0.00037,0.00036,3e-05,0.00011,0.00032,3e-05,0.0,0.0001,0,0.00034
143.01,0.00039,0.00037,0.00019,0.00024,0.00011,0.00037,0.00028,1e-05,0.0006,0.00037,0.00036,3e-05,0.00011,0.00032,3e-05,0.0,0.0001,0,0.00034
144.01,0.00039,0.00037,0.00019,0.00024,0.00011,0.00037,0.00028,1e-05,0.0006,0.00037,0.00036,3e-05,0.00011,0.00032,3e-05,0.0,0.0001,0,0.00034
145.01,0.00038,0.00036,0.00019,0.00024,0.00011,0.00037,0.00028,1e-05,0.0006,0.00037,0.00035,3e-05,0.00011,0.00032,3e-05,0.0,0.0001,0,0.00034
146.01,0.00037,0.00036,0.00019,0.00024,0.00011,0.00037,0.00028,1e-05,0.0006,0.00037,0.00035,3e-05,0.00011,0.00032,3e-05,0.0,0.0001,0,0.00034
147.01,0.00037,0.00036,0.00019,0.00024,0.00011,0.00037,0.00028,1e-05,0.0006,0.00037,0.00035,3e-05,0.00011,0.00032,3e-05,0.0,0.0001,0,0.00034
148.01,0.00037,0.00035,0.00019,0.00024,0.00011,0.00037,0.00028,1e-05,0.0006,0.00037,0.00034,3e-05,0.00011,0.00032,3e-05,0.0,0.0001,0,0.00034
149.01,0.00037,0.00035,0.00019,0.00024,0.00011,0.00037,0.00028,1e-05,0.0006,0.00037,0.00034,3e-05,0.00011,0.00032,3e-05,0.0,0.0001,0,0.00034
150.01,0.00037,0.00035,0.00019,0.00024,0.00011,0.00037,0.00028,1e-05,0.0006,0.00037,0.00034,3e-05,0.00011,0.00032,3e-05,0.0,0.0001,0,0.00034
151.01,0.00037,0.00035,0.00019,0.00024,0.00011,0.00037,0.00028,1e-05,0.0006,0.00037,0.00033,3e-05,0.00011,0.00032,3e-05,0.0,0.0001,0,0.00034
152.01,0.00037,0.00036,0.00019,0.00024,0.00011,0.00037,0.00028,1e-05,0.0006,0.00037,0.00033,3e-05,0.00011,0.00032,3e-05,0.0,0.0001,0,0.00034
153.01,0.00037,0.00036,0.00019,0.00024,0.00011,0.00037,0.00028,1e-05,0.0006,0.00037,0.00033,3e-05,0.00011,0.00032,3e-05,0.0,0.0001,0,0.00034
154.01,0.00038,0.00036,0.00019,0.00024,0.00011,0.00037,0.00028,1e-05,0.0006,0.00037,0.00032,3e-05,0.00011,0.00032,3e-05,0.0,0.0001,0,0.00034
155.01,0.00038,0.00036,0.00019,0.00024,0.00011,0.00037,0.00028,1e-05,0.0006,0.00037,0.00032,3e-05,0.00011,0.00032,3e-05,0.0,0.0001,0,0.00034
156.01,0.00038,0.00037,0.00019,0.00024,0.00011,0.00037,0.00028,1e-05,0.00061,0.00037,0.00032,3e-05,0.00011,0.00032,3e-05,0.0,0.0001,0,0.00034
157.01,0.00039,0.00037,0.00019,0.00024,0.00011,0.00037,0.00028,1e-05,0.00061,0.00037,0.00032,3e-05,0.00011,0.00031,3e-05,0.0,0.0001,0,0.00034
158.01,0.00039,0.00037,0.00019,0.00024,0.00011,0.00037,0.00028,1e-05,0.00061,0.00037,0.00031,3e-05,0.00011,0.00031,3e-05,0.0,0.0001,0,0.00034
159.01,0.00039,0.00037,0.00019,0.00024,0.00011,0.00037,0.00028,1e-05,0.0006,0.00037,0.00031,3e-05,0.00011,0.00031,3e-05,0.0,0.0001,0,0.00034
160.01,0.00039,0.00036,0.00019,0.00024,0.00011,0.00036,0.00028,1e-05,0.0006,0.00037,0.00031,3e-05,0.00011,0.00031,3e-05,0.0,0.0001,0,0.00034
161.01,0.00038,0.00036,0.00019,0.00024,0.00011,0.00036,0.00028,1e-05,0.0006,0.00037,0.0003,3e-05,0.00011,0.00031,3e-05,0.0,0.0001,0,0.00034
162.01,0.00037,0.00036,0.00019,0.00024,0.00011,0.00036,0.00028,1e-05,0.0006,0.00037,0.0003,3e-05,0.00011,0.00031,3e-05,0.0,0.0001,0,0.00034
163.01,0.00037,0.00035,0.00019,0.00024,0.00011,0.00036,0.00028,1e-05,0.0006,0.00037,0.0003,3e-05,0.00011,0.00031,3e-05,0.0,0.0001,0,0.00034
164.01,0.00037,0.00035,0.00019,0.00024,0.00011,0.00036,0.00028,1e-05,0.0006,0.00037,0.0003,3e-05,0.00011,0.00031,3e-05,0.0,0.0001,0,0.00034
165.01,0.00036,0.00035,0.00019,0.00024,0.00011,0.00036,0.00028,1e-05,0.0006,0.00037,0.00029,3e-05,0.00011,0.00031,3e-05,0.0,0.0001,0,0.00034
166.01,0.00036,0.00035,0.00019,0.00024,0.00011,0.00037,0.00028,1e-05,0.0006,0.00037,0.00029,3e-05,0.00011,0.00031,3e-05,0.0,0.0001,0,0.00034
167.01,0.00036,0.00035,0.00019,0.00024,0.00011,0.00037,0.00028,1e-05,0.0006,0.00037,0.00029,2e-05,0.00011,0.00031,3e-05,0.0,0.0001,0,0.00034
168.01,0.00037,0.00035,0.00019,0.00024,0.00011,0.00037,0.00028,1e-05,0.0006,0.00037,0.00029,2e-05,0.00011,0.00031,3e-05,0.0,0.0001,0,0.00034
169.01,0.00037,0.00035,0.00019,0.00024,0.00011,0.00037,0.00028,1e-05,0.0006,0.00037,0.00028,2e-05,0.00011,0.00031,3e-05,0.0,0.0001,0,0.00034
170.01,0.00037,0.00036,0.00019,0.00024,0.00011,0.00037,0.00028,1e-05,0.0006,0.00037,0.00028,2e-05,0.00011,0.00031,3e-05,0.0,0.0001,0,0.00034
171.01,0.00037,0.00036,0.00019,0.00024,0.00011,0.00037,0.00028,1e-05,0.0006,0.00037,0.00028,2e-05,0.00011,0.00031,3e-05,0.0,0.0001,0,0.00034
172.01,0.00038,0.00036,0.00019,0.00024,0.00011,0.00037,0.00028,1e-05,0.0006,0.00037,0.00028,2e-05,0.00011,0.00031,3e-05,0.0,0.0001,0,0.00034
173.01,0.00038,0.00036,0.00019,0.00024,0.00011,0.00036,0.00028,1e-05,0.00061,0.00037,0.00028,2e-05,0.00012,0.00031,3e-05,0.0,0.0001,0,0.00034
174.01,0.00038,0.00036,0.00019,0.00024,0.00011,0.00036,0.00028,1e-05,0.00061,0.00037,0.00027,2e-05,0.00012,0.00031,3e-05,0.0,0.0001,0,0.00034
175.01,0.00038,0.00036,0.00019,0.00024,0.00011,0.00036,0.00028,1e-05,0.00061,0.00037,0.00027,2e-05,0.00012,0.0003,3e-05,0.0,0.0001,0,0.00034
176.01,0.00038,0.00036,0.00019,0.00024,0.00011,0.00036,0.00028,1e-05,0.0006,0.00037,0.00027,2e-05,0.00012,0.0003,3e-05,0.0,0.0001,0,0.00033
177.01,0.00038,0.00036,0.00019,0.00024,0.00011,0.00036,0.00028,1e-05,0.0006,0.00037,0.00027,2e-05,0.00012,0.0003,3e-05,0.0,0.0001,0,0.00033
178.01,0.00037,0.00036,0.00019,0.00024,0.00011,0.00036,0.00028,1e-05,0.0006,0.00037,0.00027,2e-05,0.00012,0.0003,3e-05,0.0,0.0001,0,0.00033
179.01,0.00037,0.00035,0.00019,0.00024,0.00011,0.00036,0.00028,1e-05,0.0006,0.00037,0.00027,2e-05,0.00012,0.0003,3e-05,0.0,0.0001,0,0.00033
180.01,0.00037,0.00035,0.00019,0.00024,0.00011,0.00036,0.00028,1e-05,0.0006,0.00037,0.00026,2e-05,0.00012,0.0003,3e-05,0.0,0.0001,0,0.00033
181.01,0.00037,0.00035,0.00019,0.00024,0.00011,0.00036,0.00028,1e-05,0.0006,0.00037,0.00026,2e-05,0.00012,0.0003,3e-05,0.0,0.0001,0,0.00033
182.01,0.00036,0.00035,0.00019,0.00024,0.00011,0.00036,0.00028,1e-05,0.0006,0.00037,0.00026,2e-05,0.00012,0.0003,3e-05,0.0,0.0001,0,0.00033
183.01,0.00036,0.00035,0.00019,0.00024,0.00011,0.00036,0.00028,1e-05,0.0006,0.00037,0.00026,2e-05,0.00012,0.0003,3e-05,0.0,0.0001,0,0.00033
184.01,0.00036,0.00035,0.00019,0.00024,0.00011,0.00036,0.00028,1e-05,0.0006,0.00037,0.00026,2e-05,0.00012,0.0003,3e-05,0.0,0.0001,0,0.00033
185.01,0.00036,0.00035,0.00019,0.00024,0.00011,0.00036,0.00028,1e-05,0.0006,0.00037,0.00026,2e-05,0.00012,0.0003,3e-05,0.0,0.0001,0,0.00033
186.01,0.00037,0.00035,0.00019,0.00024,0.00011,0.00036,0.00028,1e-05,0.0006,0.00037,0.00026,2e-05,0.00012,0.0003,3e-05,0.0,0.0001,0,0.00033
187.01,0.00037,0.00035,0.00019,0.00024,0.00011,0.00036,0.00028,1e-05,0.0006,0.00037,0.00025,2e-05,0.00012,0.0003,3e-05,0.0,0.0001,0,0.00033
188.01,0.00037,0.00035,0.00019,0.00024,0.00012,0.00036,0.00028,1e-05,0.0006,0.00037,0.00025,2e-05,0.00012,0.0003,3e-05,0.0,0.0001,0,0.00033
189.01,0.00037,0.00036,0.0002,0.00024,0.00012,0.00036,0.00028,1e-05,0.00061,0.00037,0.00025,2e-05,0.00012,0.0003,3e-05,0.0,0.0001,0,0.00033
190.01,0.00038,0.00036,0.00019,0.00024,0.00012,0.00036,0.00028,1e-05,0.00061,0.00037,0.00025,2e-05,0.00012,0.0003,3e-05,0.0,0.0001,0,0.00033
191.01,0.00038,0.00036,0.00019,0.00024,0.00012,0.00036,0.00028,1e-05,0.00061,0.00037,0.00025,2e-05,0.00012,0.0003,3e-05,0.0,0.0001,0,0.00033
192.01,0.00038,0.00036,0.00019,0.00024,0.00012,0.00035,0.00028,1e-05,0.00061,0.00037,0.00025,2e-05,0.00012,0.0003,2e-05,0.0,0.0001,0,0.00033
193.01,0.00038,0.00036,0.00019,0.00024,0.00012,0.00035,0.00028,1e-05,0.0006,0.00037,0.00025,2e-05,0.00012,0.0003,2e-05,0.0,0.0001,0,0.00033
194.01,0.00037,0.00035,0.00019,0.00024,0.00012,0.00035,0.00028,1e-05,0.0006,0.00037,0.00025,2e-05,0.00012,0.0003,2e-05,0.0,0.0001,0,0.00033
195.01,0.00037,0.00035,0.00019,0.00024,0.00012,0.00035,0.00028,1e-05,0.0006,0.00037,0.00025,2e-05,0.00012,0.0003,2e-05,0.0,0.0001,0,0.00033
196.01,0.00037,0.00035,0.00019,0.00024,0.00012,0.00035,0.00028,1e-05,0.0006,0.00037,0.00024,2e-05,0.00012,0.0003,2e-05,0.0,0.0001,0,0.00033
197.01,0.00037,0.00035,0.0002,0.00024,0.00012,0.00035,0.00028,1e-05,0.0006,0.00037,0.00024,2e-05,0.00012,0.0003,2e-05,0.0,0.0001,0,0.00033
198.01,0.00036,0.00035,0.0002,0.00024,0.00012,0.00035,0.00028,1e-05,0.0006,0.00037,0.00024,2e-05,0.00012,0.0003,2e-05,0.0,0.0001,0,0.00033
199.01,0.00036,0.00035,0.0002,0.00024,0.00012,0.00035,0.00028,1e-05,0.0006,0.00037,0.00024,2e-05,0.00012,0.0003,2e-05,0.0,0.0001,0,0.00033
200.01,0.00036,0.00035,0.0002,0.00024,0.00012,0.00035,0.00028,1e-05,0.0006,0.00037,0.00024,2e-05,0.00012,0.0003,2e-05,0.0,0.0001,0,0.00033
201.01,0.00036,0.00035,0.0002,0.00025,0.00012,0.00035,0.00028,1e-05,0.0006,0.00037,0.00024,2e-05,0.00012,0.0003,2e-05,0.0,0.0001,0,0.00033
202.01,0.00037,0.00035,0.0002,0.00025,0.00012,0.00035,0.00028,1e-05,0.0006,0.00037,0.00024,2e-05,0.00012,0.0003,2e-05,0.0,0.0001,0,0.00033
203.01,0.00037,0.00035,0.0002,0.00025,0.00012,0.00035,0.00028,1e-05,0.0006,0.00037,0.00024,2e-05,0.00012,0.0003,2e-05,0.0,0.0001,0,0.00033
204.01,0.00037,0.00035,0.0002,0.00025,0.00012,0.00035,0.00028,1e-05,0.0006,0.00037,0.00024,2e-05,0.00012,0.0003,2e-05,0.0,0.0001,0,0.00033
205.01,0.00037,0.00035,0.0002,0.00025,0.00012,0.00035,0.00028,1e-05,0.0006,0.00037,0.00024,1e-05,0.00012,0.0003,2e-05,0.0,0.0001,0,0.00033
206.01,0.00037,0.00035,0.0002,0.00025,0.00012,0.00035,0.00028,1e-05,0.00061,0.00037,0.00024,1e-05,0.00012,0.0003,2e-05,0.0,0.0001,0,0.00033
207.01,0.00037,0.00035,0.0002,0.00025,0.00012,0.00035,0.00028,1e-05,0.00061,0.00037,0.00024,1e-05,0.00012,0.0003,2e-05,0.0,0.0001,0,0.00033
208.01,0.00037,0.00035,0.0002,0.00025,0.00012,0.00035,0.00028,1e-05,0.00061,0.00037,0.00023,1e-05,0.00012,0.0003,2e-05,0.0,0.0001,0,0.00033
209.01,0.00038,0.00035,0.0002,0.00024,0.00012,0.00035,0.00028,1e-05,0.00061,0.00037,0.00023,1e-05,0.00012,0.0003,2e-05,0.0,0.0001,0,0.00033
210.01,0.00037,0.00035,0.0002,0.00024,0.00012,0.00034,0.00028,1e-05,0.0006,0.00037,0.00023,1e-05,0.00012,0.0003,2e-05,0.0,0.0001,0,0.00033
211.01,0.00037,0.00035,0.0002,0.00024,0.00012,0.00034,0.00028,1e-05,0.0006,0.00036,0.00023,1e-05,0.00012,0.0003,2e-05,0.0,0.0001,0,0.00033
212.01,0.00037,0.00035,0.0002,0.00024,0.00012,0.00034,0.00028,1e-05,0.0006,0.00036,0.00023,1e-05,0.00012,0.0003,2e-05,0.0,0.0001,0,0.00033
213.01,0.00037,0.00035,0.0002,0.00024,0.00012,0.00034,0.00028,1e-05,0.0006,0.00036,0.00023,1e-05,0.00013,0.0003,2e-05,0.0,0.0001,0,0.00033
214.01,0.00037,0.00035,0.0002,0.00025,0.00012,0.00034,0.00028,1e-05,0.0006,0.00036,0.00023,1e-05,0.00013,0.0003,2e-05,0.0,0.00011,0,0.00033
215.01,0.00036,0.00035,0.0002,0.00025,0.00012,0.00034,0.00028,1e-05,0.0006,0.00036,0.00023,1e-05,0.00013,0.0003,2e-05,0.0,0.00011,0,0.00033
216.01,0.00036,0.00035,0.0002,0.00025,0.00012,0.00034,0.00028,1e-05,0.0006,0.00036,0.00023,1e-05,0.00013,0.0003,2e-05,0.0,0.00011,0,0.00033
217.01,0.00036,0.00035,0.0002,0.00025,0.00012,0.00034,0.00028,1e-05,0.0006,0.00036,0.00023,1e-05,0.00013,0.0003,2e-05,0.0,0.00011,0,0.00033
218.01,0.00036,0.00035,0.0002,0.00025,0.00012,0.00034,0.00028,1e-05,0.0006,0.00036,0.00023,1e-05,0.00013,0.0003,2e-05,0.0,0.00011,0,0.00033
219.01,0.00037,0.00035,0.0002,0.00025,0.00012,0.00034,0.00028,1e-05,0.0006,0.00036,0.00023,1e-05,0.00013,0.0003,2e-05,0.0,0.00011,0,0.00033
220.01,0.00037,0.00035,0.0002,0.00025,0.00012,0.00034,0.00028,1e-05,0.0006,0.00036,0.00023,1e-05,0.00013,0.0003,2e-05,0.0,0.00011,0,0.00033
221.01,0.00037,0.00035,0.0002,0.00025,0.00012,0.00034,0.00028,1e-05,0.0006,0.00036,0.00023,1e-05,0.00013,0.0003,2e-05,0.0,0.00011,0,0.00033
222.01,0.00037,0.00035,0.0002,0.00025,0.00012,0.00034,0.00028,1e-05,0.00061,0.00036,0.00023,1e-05,0.00013,0.0003,2e-05,0.0,0.00011,0,0.00033
223.01,0.00037,0.00035,0.0002,0.00025,0.00012,0.00034,0.00028,1e-05,0.00061,0.00036,0.00023,1e-05,0.00013,0.0003,2e-05,0.0,0.00011,0,0.00033
224.01,0.00037,0.00035,0.0002,0.00025,0.00012,0.00034,0.00028,1e-05,0.00061,0.00036,0.00023,1e-05,0.00013,0.0003,2e-05,0.0,0.00011,0,0.00033
225.01,0.00037,0.00035,0.0002,0.00025,0.00012,0.00034,0.00028,1e-05,0.00061,0.00036,0.00023,1e-05,0.00013,0.0003,2e-05,0.0,0.00011,0,0.00032
226.01,0.00037,0.00035,0.0002,0.00025,0.00012,0.00034,0.00028,1e-05,0.00061,0.00036,0.00023,1e-05,0.00013,0.00029,2e-05,0.0,0.00011,0,0.00032
227.01,0.00037,0.00035,0.0002,0.00025,0.00012,0.00033,0.00028,1e-05,0.0006,0.00036,0.00023,1e-05,0.00013,0.00029,2e-05,0.0,0.00011,0,0.00032
228.01,0.00037,0.00035,0.0002,0.00025,0.00012,0.00033,0.00028,1e-05,0.0006,0.00036,0.00023,1e-05,0.00013,0.00029,2e-05,0.0,0.00011,0,0.00032
229.01,0.00037,0.00035,0.0002,0.00025,0.00013,0.00033,0.00028,1e-05,0.0006,0.00036,0.00023,1e-05,0.00013,0.00029,2e-05,0.0,0.00011,0,0.00032
230.01,0.00037,0.00035,0.0002,0.00025,0.00013,0.00033,0.00028,1e-05,0.0006,0.00036,0.00023,1e-05,0.00013,0.00029,2e-05,0.0,0.00011,0,0.00032
231.01,0.00037,0.00035,0.0002,0.00025,0.00013,0.00033,0.00028,1e-05,0.0006,0.00036,0.00023,1e-05,0.00013,0.00029,2e-05,0.0,0.00011,0,0.00032
232.01,0.00037,0.00035,0.0002,0.00025,0.00013,0.00033,0.00028,1e-05,0.0006,0.00036,0.00022,1e-05,0.00013,0.00029,2e-05,0.0,0.00011,0,0.00032
233.01,0.00037,0.00035,0.0002,0.00025,0.00013,0.00033,0.00028,1e-05,0.0006,0.00036,0.00022,1e-05,0.00013,0.00029,2e-05,0.0,0.00011,0,0.00032
234.01,0.00037,0.00035,0.0002,0.00025,0.00013,0.00033,0.00028,1e-05,0.0006,0.00036,0.00022,1e-05,0.00013,0.00029,2e-05,0.0,0.00011,0,0.00032
235.01,0.00037,0.00035,0.0002,0.00025,0.00013,0.00033,0.00028,1e-05,0.0006,0.00036,0.00022,1e-05,0.00013,0.00029,2e-05,0.0,0.00011,0,0.00032
236.01,0.00037,0.00035,0.0002,0.00025,0.00013,0.00033,0.00028,1e-05,0.0006,0.00036,0.00022,1e-05,0.00013,0.00029,2e-05,0.0,0.00011,0,0.00032
237.01,0.00037,0.00035,0.0002,0.00025,0.00013,0.00033,0.00029,1e-05,0.0006,0.00036,0.00022,1e-05,0.00013,0.00029,2e-05,0.0,0.00011,0,0.00032
238.01,0.00037,0.00035,0.0002,0.00025,0.00013,0.00033,0.00029,1e-05,0.00061,0.00036,0.00022,1e-05,0.00013,0.00029,2e-05,0.0,0.00011,0,0.00032
239.01,0.00037,0.00035,0.0002,0.00025,0.00013,0.00033,0.00029,1e-05,0.00061,0.00036,0.00022,1e-05,0.00013,0.00029,2e-05,0.0,0.00011,0,0.00032
240.01,0.00037,0.00035,0.0002,0.00025,0.00013,0.00033,0.00029,1e-05,0.00061,0.00036,0.00022,1e-05,0.00013,0.00029,2e-05,0.0,0.00011,0,0.00032
241.01,0.00037,0.00035,0.0002,0.00025,0.00013,0.00033,0.00029,1e-05,0.00061,0.00036,0.00022,1e-05,0.00013,0.00029,2e-05,0.0,0.00011,0,0.00032
242.01,0.00037,0.00035,0.0002,0.00025,0.00013,0.00033,0.00029,1e-05,0.00061,0.00036,0.00022,1e-05,0.00013,0.00029,2e-05,0.0,0.00011,0,0.00032
243.01,0.00037,0.00035,0.0002,0.00025,0.00013,0.00033,0.00029,1e-05,0.00061,0.00035,0.00022,1e-05,0.00013,0.00029,2e-05,0.0,0.00011,0,0.00032
244.01,0.00037,0.00035,0.0002,0.00025,0.00013,0.00033,0.00029,1e-05,0.00061,0.00035,0.00022,1e-05,0.00013,0.00029,2e-05,0.0,0.00011,0,0.00032
245.01,0.00037,0.00035,0.0002,0.00025,0.00013,0.00032,0.00028,1e-05,0.0006,0.00035,0.00022,1e-05,0.00013,0.00029,2e-05,0.0,0.00011,0,0.00032
246.01,0.00037,0.00035,0.0002,0.00025,0.00013,0.00032,0.00028,1e-05,0.0006,0.00035,0.00022,1e-05,0.00013,0.00029,2e-05,0.0,0.00011,0,0.00032
247.01,0.00037,0.00035,0.0002,0.00025,0.00013,0.00032,0.00029,1e-05,0.0006,0.00035,0.00022,1e-05,0.00013,0.00029,2e-05,0.0,0.00011,0,0.00032
248.01,0.00037,0.00035,0.0002,0.00025,0.00013,0.00032,0.00029,1e-05,0.0006,0.00035,0.00022,1e-05,0.00013,0.00029,2e-05,0.0,0.00011,0,0.00032
249.01,0.00037,0.00035,0.0002,0.00025,0.00013,0.00032,0.00029,1e-05,0.0006,0.00035,0.00022,1e-05,0.00013,0.00029,2e-05,0.0,0.00011,0,0.00032
250.01,0.00037,0.00035,0.0002,0.00025,0.00013,0.00032,0.00029,1e-05,0.0006,0.00035,0.00022,1e-05,0.00013,0.00029,2e-05,0.0,0.00012,0,0.00032
251.01,0.00037,0.00035,0.0002,0.00025,0.00013,0.00032,0.00029,1e-05,0.0006,0.00035,0.00022,1e-05,0.00013,0.00029,2e-05,0.0,0.00012,0,0.00032
252.01,0.00037,0.00035,0.0002,0.00025,0.00013,0.00032,0.00029,1e-05,0.0006,0.00035,0.00022,1e-05,0.00013,0.00029,1e-05,0.0,0.00012,0,0.00032
253.01,0.00037,0.00035,0.00021,0.00025,0.00013,0.00032,0.00029,1e-05,0.0006,0.00035,0.00022,1e-05,0.00013,0.00029,1e-05,0.0,0.00012,0,0.00032
254.01,0.00037,0.00035,0.00021,0.00025,0.00013,0.00032,0.00029,1e-05,0.00061,0.00035,0.00022,1e-05,0.00013,0.00029,1e-05,0.0,0.00012,0,0.00032
255.01,0.00037,0.00035,0.00021,0.00025,0.00013,0.00032,0.00029,1e-05,0.00061,0.00035,0.00022,1e-05,0.00013,0.00029,1e-05,0.0,0.00012,0,0.00032
256.01,0.00037,0.00035,0.00021,0.00025,0.00013,0.00032,0.00029,1e-05,0.00061,0.00035,0.00022,1e-05,0.00013,0.00029,1e-05,0.0,0.00012,0,0.00032
257.01,0.00037,0.00036,0.00021,0.00025,0.00013,0.00032,0.00029,1e-05,0.00061,0.00035,0.00022,1e-05,0.00013,0.00029,1e-05,0.0,0.00012,0,0.00031
258.01,0.00037,0.00036,0.00021,0.00025,0.00013,0.00032,0.00029,1e-05,0.00061,0.00035,0.00022,1e-05,0.00013,0.00029,1e-05,0.0,0.00012,0,0.00031
259.01,0.00037,0.00036,0.00021,0.00025,0.00013,0.00032,0.00029,1e-05,0.00061,0.00035,0.00022,1e-05,0.00013,0.00029,1e-05,0.0,0.00012,0,0.00031
260.01,0.00037,0.00036,0.00021,0.00025,0.00013,0.00032,0.00029,1e-05,0.00061,0.00035,0.00022,0.0,0.00013,0.00029,1e-05,0.0,0.00012,0,0.00031
261.01,0.00037,0.00036,0.00021,0.00025,0.00013,0.00032,0.00029,1e-05,0.00061,0.00035,0.00022,0.0,0.00013,0.00029,1e-05,0.0,0.00012,0,0.00031
262.01,0.00037,0.00035,0.00021,0.00025,0.00013,0.00031,0.00029,1e-05,0.0006,0.00035,0.00022,0.0,0.00013,0.00029,1e-05,0.0,0.00012,0,0.00031
263.01,0.00037,0.00035,0.00021,0.00025,0.00013,0.00031,0.00029,1e-05,0.0006,0.00035,0.00022,0.0,0.00014,0.00029,1e-05,0.0,0.00012,0,0.00031
264.01,0.00037,0.00035,0.00021,0.00025,0.00013,0.00031,0.00029,1e-05,0.0006,0.00035,0.00022,0.0,0.00014,0.00029,1e-05,0.0,0.00012,0,0.00031
265.01,0.00037,0.00036,0.00021,0.00025,0.00013,0.00031,0.00029,1e-05,0.0006,0.00034,0.00022,0.0,0.00014,0.00029,1e-05,0.0,0.00012,0,0.00031
266.01,0.00037,0.00036,0.00021,0.00025,0.00013,0.00031,0.00029,1e-05,0.0006,0.00034,0.00022,0.0,0.00014,0.00029,1e-05,0.0,0.00012,0,0.00031
267.01,0.00037,0.00036,0.00021,0.00026,0.00013,0.00031,0.00029,1e-05,0.0006,0.00034,0.00022,0.0,0.00014,0.00029,1e-05,0.0,0.00012,0,0.00031
268.01,0.00037,0.00036,0.00021,0.00026,0.00013,0.00031,0.00029,1e-05,0.0006,0.00034,0.00022,0.0,0.00014,0.00029,1e-05,0.0,0.00012,0,0.00031
269.01,0.00037,0.00036,0.00021,0.00026,0.00013,0.00031,0.00029,1e-05,0.0006,0.00034,0.00022,0.0,0.00014,0.00029,1e-05,0.0,0.00012,0,0.00031
270.01,0.00037,0.00036,0.00021,0.00026,0.00013,0.00031,0.00029,1e-05,0.00061,0.00034,0.00022,0.0,0.00014,0.00029,1e-05,0.0,0.00012,0,0.00031
271.01,0.00037,0.00036,0.00021,0.00026,0.00013,0.00031,0.00029,1e-05,0.00061,0.00034,0.00022,0.0,0.00014,0.00029,1e-05,0.0,0.00012,0,0.00031
272.01,0.00037,0.00036,0.00021,0.00026,0.00013,0.00031,0.00029,1e-05,0.00061,0.00034,0.00022,0.0,0.00014,0.00029,1e-05,0.0,0.00012,0,0.00031
273.01,0.00037,0.00036,0.00021,0.00026,0.00013,0.00031,0.00029,1e-05,0.00061,0.00034,0.00022,0.0,0.00014,0.00029,1e-05,0.0,0.00012,0,0.00031
274.01,0.00037,0.00036,0.00021,0.00026,0.00013,0.00031,0.00029,1e-05,0.00061,0.00034,0.00022,0.0,0.00014,0.00029,1e-05,0.0,0.00012,0,0.00031
275.01,0.00037,0.00036,0.00021,0.00026,0.00013,0.00031,0.00029,1e-05,0.00061,0.00034,0.00022,0.0,0.00014,0.00029,1e-05,0.0,0.00012,0,0.00031
276.01,0.00037,0.00036,0.00021,0.00026,0.00013,0.00031,0.00029,1e-05,0.00061,0.00034,0.00022,0.0,0.00014,0.00029,1e-05,0.0,0.00012,0,0.00031
277.01,0.00037,0.00036,0.00021,0.00026,0.00013,0.00031,0.00029,1e-05,0.00061,0.00034,0.00022,0.0,0.00014,0.00029,1e-05,0.0,0.00012,0,0.00031
278.01,0.00037,0.00036,0.00021,0.00026,0.00013,0.00031,0.00029,1e-05,0.00061,0.00034,0.00022,0.0,0.00014,0.00029,1e-05,0.0,0.00013,0,0.00031
279.01,0.00037,0.00036,0.00021,0.00026,0.00013,0.0003,0.00029,1e-05,0.0006,0.00034,0.00022,0.0,0.00014,0.00029,1e-05,0.0,0.00013,0,0.0003
280.01,0.00037,0.00036,0.00021,0.00026,0.00013,0.0003,0.00029,1e-05,0.0006,0.00034,0.00022,0.0,0.00014,0.00029,1e-05,0.0,0.00013,0,0.0003
281.01,0.00037,0.00036,0.00021,0.00026,0.00013,0.0003,0.00029,1e-05,0.0006,0.00034,0.00022,0.0,0.00014,0.00029,1e-05,0.0,0.00013,0,0.0003
282.01,0.00037,0.00036,0.00021,0.00026,0.00013,0.0003,0.00029,1e-05,0.0006,0.00034,0.00022,0.0,0.00014,0.00029,1e-05,0.0,0.00013,0,0.0003
283.01,0.00037,0.00036,0.00021,0.00026,0.00014,0.0003,0.00029,1e-05,0.0006,0.00033,0.00022,0.0,0.00014,0.00029,1e-05,0.0,0.00013,0,0.0003
284.01,0.00037,0.00036,0.00021,0.00026,0.00014,0.0003,0.00029,1e-05,0.0006,0.00033,0.00022,0.0,0.00014,0.00029,1e-05,0.0,0.00013,0,0.0003
285.01,0.00037,0.00036,0.00021,0.00026,0.00014,0.0003,0.00029,1e-05,0.0006,0.00033,0.00022,0.0,0.00014,0.00029,1e-05,0.0,0.00013,0,0.0003
286.01,0.00037,0.00036,0.00021,0.00026,0.00014,0.0003,0.00029,1e-05,0.0006,0.00033,0.00022,0.0,0.00014,0.00029,1e-05,0.0,0.00013,0,0.0003
287.01,0.00037,0.00036,0.00021,0.00026,0.00014,0.0003,0.0003,1e-05,0.00061,0.00033,0.00023,0.0,0.00014,0.00029,1e-05,0.0,0.00013,0,0.0003
288.01,0.00037,0.00036,0.00021,0.00026,0.00014,0.0003,0.0003,1e-05,0.00061,0.00033,0.00023,0.0,0.00014,0.00029,1e-05,0.0,0.00013,0,0.0003
289.01,0.00037,0.00037,0.00021,0.00026,0.00014,0.0003,0.0003,1e-05,0.00061,0.00033,0.00023,0.0,0.00014,0.00029,1e-05,0.0,0.00013,0,0.0003
290.01,0.00037,0.00037,0.00021,0.00026,0.00014,0.0003,0.0003,1e-05,0.00061,0.00033,0.00023,0.0,0.00014,0.00029,1e-05,0.0,0.00013,0,0.0003
291.01,0.00038,0.00037,0.00021,0.00026,0.00014,0.0003,0.0003,1e-05,0.00061,0.00033,0.00023,0.0,0.00014,0.00029,1e-05,0.0,0.00013,0,0.0003
292.01,0.00038,0.00037,0.00021,0.00026,0.00014,0.0003,0.0003,1e-05,0.00061,0.00033,0.00023,0.0,0.00014,0.00029,1e-05,0.0,0.00013,0,0.0003
293.01,0.00038,0.00037,0.00021,0.00026,0.00014,0.0003,0.0003,1e-05,0.00061,0.00033,0.00023,0.0,0.00014,0.00029,1e-05,0.0,0.00013,0,0.0003
294.01,0.00038,0.00037,0.00021,0.00026,0.00014,0.0003,0.0003,1e-05,0.00061,0.00033,0.00023,0.0,0.00014,0.00029,1e-05,0.0,0.00013,0,0.0003
295.01,0.00038,0.00037,0.00021,0.00026,0.00014,0.0003,0.0003,1e-05,0.00061,0.00033,0.00023,0.0,0.00014,0.00029,1e-05,0.0,0.00013,0,0.0003
296.01,0.00037,0.00037,0.00021,0.00026,0.00014,0.00029,0.0003,1e-05,0.0006,0.00033,0.00023,0.0,0.00014,0.00029,1e-05,0.0,0.00013,0,0.0003
297.01,0.00037,0.00037,0.00021,0.00026,0.00014,0.00029,0.0003,1e-05,0.0006,0.00033,0.00023,0.0,0.00014,0.00029,1e-05,0.0,0.00013,0,0.0003
298.01,0.00037,0.00037,0.00021,0.00026,0.00014,0.00029,0.0003,1e-05,0.0006,0.00032,0.00023,0.0,0.00014,0.00029,1e-05,0.0,0.00013,0,0.0003
299.01,0.00037,0.00037,0.00021,0.00026,0.00014,0.00029,0.0003,1e-05,0.0006,0.00032,0.00023,0.0,0.00014,0.00029,1e-05,0.0,0.00013,0,0.0003
300.01,0.00037,0.00037,0.00021,0.00026,0.00014,0.00029,0.0003,1e-05,0.0006,0.00032,0.00023,0.0,0.00014,0.00029,1e-05,0.0,0.00013,0,0.0003
301.01,0.00037,0.00037,0.00021,0.00026,0.00014,0.00029,0.0003,0.0,0.0006,0.00032,0.00023,0.0,0.00014,0.00029,1e-05,0.0,0.00013,0,0.0003
302.01,0.00037,0.00037,0.00021,0.00026,0.00014,0.00029,0.0003,0.0,0.0006,0.00032,0.00023,0.0,0.00014,0.00029,1e-05,0.0,0.00013,0,0.0003
303.01,0.00038,0.00037,0.00021,0.00026,0.00014,0.00029,0.0003,0.0,0.0006,0.00032,0.00023,0.0,0.00014,0.00029,1e-05,0.0,0.00013,0,0.0003
304.01,0.00038,0.00037,0.00021,0.00026,0.00014,0.00029,0.0003,0.0,0.00061,0.00032,0.00023,0.0,0.00014,0.00029,1e-05,0.0,0.00014,0,0.0003
305.01,0.00038,0.00037,0.00021,0.00026,0.00014,0.00029,0.0003,0.0,0.00061,0.00032,0.00023,0.0,0.00014,0.00029,1e-05,0.0,0.00014,0,0.0003
306.01,0.00038,0.00037,0.00021,0.00026,0.00014,0.00029,0.0003,0.0,0.00061,0.00032,0.00023,0.0,0.00014,0.00029,1e-05,0.0,0.00014,0,0.0003
307.01,0.00038,0.00037,0.00021,0.00026,0.00014,0.00029,0.0003,0.0,0.00061,0.00032,0.00023,0.0,0.00014,0.0003,1e-05,0.0,0.00014,0,0.0003
308.01,0.00038,0.00037,0.00021,0.00026,0.00014,0.00029,0.0003,0.0,0.00061,0.00032,0.00023,0.0,0.00014,0.0003,1e-05,0.0,0.00014,0,0.00029
309.01,0.00038,0.00037,0.00021,0.00026,0.00014,0.00029,0.0003,0.0,0.00061,0.00032,0.00023,0.0,0.00014,0.0003,1e-05,0.0,0.00014,0,0.00029
310.01,0.00038,0.00037,0.00021,0.00026,0.00014,0.00029,0.0003,0.0,0.00061,0.00032,0.00023,0.0,0.00014,0.0003,1e-05,0.0,0.00014,0,0.00029
311.01,0.00038,0.00037,0.00021,0.00026,0.00014,0.00029,0.0003,0.0,0.00061,0.00031,0.00023,0.0,0.00014,0.0003,1e-05,0.0,0.00014,0,0.00029
312.01,0.00038,0.00037,0.00021,0.00026,0.00014,0.00029,0.0003,0.0,0.00061,0.00031,0.00023,0.0,0.00014,0.0003,1e-05,0.0,0.00014,0,0.00029
313.01,0.00038,0.00037,0.00021,0.00026,0.00014,0.00028,0.0003,0.0,0.0006,0.00031,0.00023,0.0,0.00014,0.0003,1e-05,0.0,0.00014,0,0.00029
314.01,0.00038,0.00037,0.00021,0.00026,0.00014,0.00028,0.0003,0.0,0.0006,0.00031,0.00023,0.0,0.00014,0.0003,1e-05,0.0,0.00014,0,0.00029
315.01,0.00038,0.00037,0.00021,0.00026,0.00014,0.00028,0.0003,0.0,0.0006,0.00031,0.00023,0.0,0.00014,0.0003,1e-05,0.0,0.00014,0,0.00029
316.01,0.00038,0.00037,0.00021,0.00026,0.00014,0.00028,0.0003,0.0,0.0006,0.00031,0.00023,0.0,0.00014,0.0003,1e-05,0.0,0.00014,0,0.00029
317.01,0.00038,0.00037,0.00021,0.00026,0.00014,0.00028,0.0003,0.0,0.0006,0.00031,0.00023,0.0,0.00014,0.0003,1e-05,0.0,0.00014,0,0.00029
318.01,0.00038,0.00037,0.00021,0.00026,0.00014,0.00028,0.0003,0.0,0.0006,0.00031,0.00023,0.0,0.00014,0.0003,1e-05,0.0,0.00014,0,0.00029
319.01,0.00038,0.00037,0.00021,0.00026,0.00014,0.00028,0.0003,0.0,0.0006,0.00031,0.00023,0.0,0.00014,0.0003,1e-05,0.0,0.00014,0,0.00029
320.01,0.00038,0.00037,0.00021,0.00026,0.00014,0.00028,0.0003,0.0,0.0006,0.00031,0.00023,0.0,0.00014,0.0003,1e-05,0.0,0.00014,0,0.00029
321.01,0.00038,0.00037,0.00021,0.00026,0.00014,0.00028,0.0003,0.0,0.00061,0.00031,0.00023,0.0,0.00014,0.0003,1e-05,0.0,0.00014,0,0.00029
322.01,0.00038,0.00038,0.00021,0.00027,0.00014,0.00028,0.0003,0.0,0.00061,0.00031,0.00023,0.0,0.00014,0.0003,1e-05,0.0,0.00014,0,0.00029
323.01,0.00038,0.00038,0.00021,0.00027,0.00014,0.00028,0.0003,0.0,0.00061,0.00031,0.00023,0.0,0.00014,0.0003,0.0,0.0,0.00014,0,0.00029
324.01,0.00038,0.00038,0.00021,0.00027,0.00014,0.00028,0.0003,0.0,0.00061,0.0003,0.00023,0.0,0.00014,0.0003,0.0,0.0,0.00014,0,0.00029
325.01,0.00038,0.00038,0.00021,0.00027,0.00014,0.00028,0.0003,0.0,0.00061,0.0003,0.00023,0.0,0.00014,0.0003,0.0,0.0,0.00014,0,0.00029
326.01,0.00038,0.00038,0.00021,0.00027,0.00014,0.00028,0.0003,0.0,0.00061,0.0003,0.00023,0.0,0.00014,0.0003,0.0,0.0,0.00014,0,0.00029
327.01,0.00038,0.00038,0.00021,0.00027,0.00014,0.00028,0.0003,0.0,0.00061,0.0003,0.00023,0.0,0.00014,0.0003,0.0,0.0,0.00014,0,0.00029
328.01,0.00038,0.00038,0.00021,0.00026,0.00014,0.00028,0.0003,0.0,0.00061,0.0003,0.00023,0.0,0.00014,0.0003,0.0,0.0,0.00014,0,0.00028
329.01,0.00038,0.00038,0.00021,0.00026,0.00014,0.00028,0.0003,0.0,0.0006,0.0003,0.00023,0.0,0.00014,0.0003,0.0,0.0,0.00015,0,0.00028
330.01,0.00038,0.00038,0.00021,0.00026,0.00014,0.00027,0.0003,0.0,0.0006,0.0003,0.00023,0.0,0.00014,0.0003,0.0,0.0,0.00015,0,0.00028
331.01,0.00038,0.00038,0.00021,0.00026,0.00014,0.00027,0.0003,0.0,0.0006,0.0003,0.00023,0.0,0.00014,0.0003,0.0,0.0,0.00015,0,0.00028
332.01,0.00038,0.00038,0.00021,0.00026,0.00014,0.00027,0.0003,0.0,0.0006,0.0003,0.00023,0.0,0.00014,0.0003,0.0,0.0,0.00015,0,0.00028
333.01,0.00038,0.00038,0.00021,0.00027,0.00014,0.00027,0.0003,0.0,0.0006,0.0003,0.00023,0.0,0.00014,0.0003,0.0,0.0,0.00015,0,0.00028
334.01,0.00038,0.00038,0.00021,0.00027,0.00014,0.00027,0.00031,0.0,0.0006,0.0003,0.00023,0.0,0.00014,0.00031,0.0,0.0,0.00015,0,0.00028
335.01,0.00038,0.00038,0.00021,0.00027,0.00014,0.00027,0.00031,0.0,0.0006,0.0003,0.00023,0.0,0.00014,0.00031,0.0,0.0,0.00015,0,0.00028
336.01,0.00038,0.00038,0.00021,0.00027,0.00014,0.00027,0.00031,0.0,0.0006,0.00029,0.00023,0.0,0.00014,0.00031,0.0,0.0,0.00015,0,0.00028
337.01,0.00038,0.00038,0.00021,0.00027,0.00014,0.00027,0.00031,0.0,0.0006,0.00029,0.00023,0.0,0.00014,0.00031,0.0,0.0,0.00015,0,0.00028
338.01,0.00039,0.00038,0.00021,0.00027,0.00014,0.00027,0.00031,0.0,0.0006,0.00029,0.00023,0.0,0.00014,0.00031,0.0,0.0,0.00015,0,0.00028
339.01,0.00039,0.00038,0.00021,0.00027,0.00014,0.00027,0.00031,0.0,0.00061,0.00029,0.00023,0.0,0.00014,0.00031,0.0,0.0,0.00015,0,0.00028
340.01,0.00039,0.00038,0.00021,0.00027,0.00014,0.00027,0.00031,0.0,0.00061,0.00029,0.00023,0.0,0.00014,0.00031,0.0,0.0,0.00015,0,0.00028
341.01,0.00039,0.00038,0.00021,0.00027,0.00014,0.00027,0.00031,0.0,0.00061,0.00029,0.00023,0.0,0.00014,0.00031,0.0,0.0,0.00015,0,0.00028
342.01,0.00039,0.00038,0.00021,0.00027,0.00014,0.00027,0.00031,0.0,0.00061,0.00029,0.00023,0.0,0.00014,0.00031,0.0,0.0,0.00015,0,0.00028
343.01,0.00039,0.00038,0.00021,0.00027,0.00014,0.00027,0.00031,0.0,0.00061,0.00029,0.00023,0.0,0.00014,0.00031,0.0,0.0,0.00015,0,0.00028
344.01,0.00039,0.00038,0.00021,0.00027,0.00014,0.00027,0.00031,0.0,0.00061,0.00029,0.00023,0.0,0.00014,0.00031,0.0,0.0,0.00015,0,0.00028
345.01,0.00039,0.00038,0.00021,0.00027,0.00014,0.00027,0.00031,0.0,0.00061,0.00029,0.00023,0.0,0.00014,0.00031,0.0,0.0,0.00015,0,0.00028
346.01,0.00039,0.00038,0.00021,0.00027,0.00014,0.00027,0.00031,0.0,0.0006,0.00029,0.00023,0.0,0.00014,0.00031,0.0,0.0,0.00015,0,0.00028
347.01,0.00039,0.00038,0.00021,0.00027,0.00014,0.00026,0.00031,0.0,0.0006,0.00028,0.00023,0.0,0.00014,0.00031,0.0,0.0,0.00015,0,0.00027
348.01,0.00039,0.00038,0.00021,0.00027,0.00014,0.00026,0.00031,0.0,0.0006,0.00028,0.00023,0.0,0.00014,0.00031,0.0,0.0,0.00015,0,0.00027
349.01,0.00039,0.00038,0.00021,0.00027,0.00014,0.00026,0.00031,0.0,0.0006,0.00028,0.00023,0.0,0.00014,0.00031,0.0,0.0,0.00015,0,0.00027
350.01,0.00039,0.00038,0.00021,0.00027,0.00014,0.00026,0.00031,0.0,0.0006,0.00028,0.00023,0.0,0.00014,0.00031,0.0,0.0,0.00015,0,0.00027
351.01,0.00039,0.00038,0.00021,0.00027,0.00014,0.00026,0.00031,0.0,0.0006,0.00028,0.00023,0.0,0.00014,0.00031,0.0,0.0,0.00015,0,0.00027
352.01,0.00039,0.00038,0.00021,0.00027,0.00014,0.00026,0.00031,0.0,0.0006,0.00028,0.00023,0.0,0.00014,0.00031,0.0,0.0,0.00015,0,0.00027
353.01,0.00039,0.00038,0.00021,0.00027,0.00014,0.00026,0.00031,0.0,0.0006,0.00028,0.00023,0.0,0.00014,0.00031,0.0,0.0,0.00015,0,0.00027
354.01,0.00039,0.00038,0.00021,0.00027,0.00014,0.00026,0.00031,0.0,0.0006,0.00028,0.00023,0.0,0.00014,0.00031,0.0,0.0,0.00015,0,0.00027
355.01,0.00039,0.00038,0.00021,0.00027,0.00014,0.00026,0.00031,0.0,0.0006,0.00028,0.00023,0.0,0.00013,0.00031,0.0,0.0,0.00015,0,0.00027
356.01,0.00039,0.00039,0.00021,0.00027,0.00013,0.00026,0.00031,0.0,0.0006,0.00028,0.00023,0.0,0.00013,0.00031,0.0,0.0,0.00016,0,0.00027
357.01,0.00039,0.00039,0.00021,0.00027,0.00013,0.00026,0.00031,0.0,0.0006,0.00028,0.00023,0.0,0.00013,0.00031,0.0,0.0,0.00016,0,0.00027
358.01,0.00039,0.00039,0.00021,0.00027,0.00013,0.00026,0.00031,0.0,0.00061,0.00027,0.00023,0.0,0.00013,0.00031,0.0,0.0,0.00016,0,0.00027
359.01,0.00039,0.00039,0.00021,0.00027,0.00013,0.00026,0.00031,0.0,0.00061,0.00027,0.00023,0.0,0.00013,0.00031,0.0,0.0,0.00016,0,0.00027
360.01,0.00039,0.00039,0.00021,0.00027,0.00013,0.00026,0.00031,0.0,0.00061,0.00027,0.00023,0.0,0.00013,0.00031,0.0,0.0,0.00016,0,0.00027
361.01,0.00039,0.00039,0.00021,0.00027,0.00013,0.00026,0.00031,0.0,0.0006,0.00027,0.00022,0.0,0.00013,0.00031,0.0,0.0,0.00016,0,0.00027
362.01,0.00039,0.00039,0.00021,0.00027,0.00013,0.00026,0.00031,0.0,0.0006,0.00027,0.00022,0.0,0.00013,0.00031,0.0,0.0,0.00016,0,0.00027
363.01,0.00039,0.00039,0.00021,0.00027,0.00013,0.00026,0.00031,0.0,0.0006,0.00027,0.00022,0.0,0.00013,0.00031,0.0,0.0,0.00016,0,0.00027
364.01,0.00039,0.00039,0.00021,0.00027,0.00013,0.00025,0.00031,0.0,0.0006,0.00027,0.00022,0.0,0.00013,0.00031,0.0,0.0,0.00016,0,0.00027
365.01,0.00039,0.00039,0.00021,0.00027,0.00013,0.00025,0.00031,0.0,0.0006,0.00027,0.00022,0.0,0.00013,0.00031,0.0,0.0,0.00016,0,0.00026
366.01,0.00039,0.00039,0.00021,0.00027,0.00013,0.00025,0.00031,0.0,0.0006,0.00027,0.00022,0.0,0.00013,0.00031,0.0,0.0,0.00016,0,0.00026
367.01,0.00039,0.00039,0.00021,0.00027,0.00013,0.00025,0.00031,0.0,0.0006,0.00027,0.00022,0.0,0.00013,0.00031,0.0,0.0,0.00016,0,0.00026
368.01,0.00039,0.00039,0.00021,0.00027,0.00013,0.00025,0.00031,0.0,0.0006,0.00027,0.00022,0.0,0.00013,0.00031,0.0,0.0,0.00016,0,0.00026
369.01,0.00039,0.00039,0.00021,0.00027,0.00013,0.00025,0.00031,0.0,0.0006,0.00026,0.00022,0.0,0.00013,0.00031,0.0,0.0,0.00016,0,0.00026
370.01,0.00039,0.00039,0.00021,0.00027,0.00013,0.00025,0.00031,0.0,0.0006,0.00026,0.00022,0.0,0.00013,0.00031,0.0,0.0,0.00016,0,0.00026
371.01,0.00039,0.00039,0.00021,0.00027,0.00013,0.00025,0.00032,0.0,0.0006,0.00026,0.00022,0.0,0.00013,0.00031,0.0,0.0,0.00016,0,0.00026
372.01,0.0004,0.00039,0.00021,0.00027,0.00013,0.00025,0.00032,0.0,0.0006,0.00026,0.00022,0.0,0.00013,0.00031,0.0,0.0,0.00016,0,0.00026
373.01,0.0004,0.00039,0.00021,0.00027,0.00013,0.00025,0.00032,0.0,0.0006,0.00026,0.00022,0.0,0.00013,0.00031,0.0,0.0,0.00016,0,0.00026
374.01,0.0004,0.00039,0.00021,0.00027,0.00013,0.00025,0.00032,0.0,0.0006,0.00026,0.00022,0.0,0.00013,0.00031,0.0,0.0,0.00016,0,0.00026
375.01,0.0004,0.00039,0.00021,0.00027,0.00013,0.00025,0.00032,0.0,0.0006,0.00026,0.00022,0.0,0.00013,0.00031,0.0,0.0,0.00016,0,0.00026
376.01,0.0004,0.00039,0.00021,0.00027,0.00013,0.00025,0.00032,0.0,0.0006,0.00026,0.00022,0.0,0.00013,0.00031,0.0,0.0,0.00016,0,0.00026
377.01,0.0004,0.00039,0.00021,0.00027,0.00013,0.00025,0.00032,0.0,0.0006,0.00026,0.00022,0.0,0.00013,0.00031,0.0,0.0,0.00016,0,0.00026
378.01,0.0004,0.00039,0.00021,0.00027,0.00013,0.00025,0.00032,0.0,0.0006,0.00026,0.00022,0.0,0.00013,0.00031,0.0,0.0,0.00016,0,0.00026
379.01,0.0004,0.00039,0.00021,0.00027,0.00013,0.00025,0.00032,0.0,0.0006,0.00025,0.00022,0.0,0.00013,0.00031,0.0,0.0,0.00016,0,0.00026
380.01,0.0004,0.00039,0.00021,0.00027,0.00013,0.00025,0.00032,0.0,0.0006,0.00025,0.00022,0.0,0.00013,0.00031,0.0,0.0,0.00016,0,0.00026
381.01,0.0004,0.00039,0.00021,0.00027,0.00013,0.00024,0.00032,0.0,0.0006,0.00025,0.00022,0.0,0.00013,0.00031,0.0,0.0,0.00016,0,0.00026
382.01,0.0004,0.00039,0.00021,0.00027,0.00013,0.00024,0.00032,0.0,0.0006,0.00025,0.00022,0.0,0.00013,0.00031,0.0,0.0,0.00016,0,0.00026
383.01,0.0004,0.00039,0.00021,0.00027,0.00013,0.00024,0.00032,0.0,0.0006,0.00025,0.00021,0.0,0.00013,0.00031,0.0,0.0,0.00016,0,0.00025
384.01,0.0004,0.00039,0.00021,0.00027,0.00013,0.00024,0.00032,0.0,0.0006,0.00025,0.00021,0.0,0.00013,0.00031,0.0,0.0,0.00016,0,0.00025
385.01,0.0004,0.00039,0.00021,0.00027,0.00013,0.00024,0.00032,0.0,0.0006,0.00025,0.00021,0.0,0.00013,0.00031,0.0,0.0,0.00017,0,0.00025
386.01,0.0004,0.00039,0.00021,0.00027,0.00013,0.00024,0.00032,0.0,0.0006,0.00025,0.00021,0.0,0.00013,0.00031,0.0,0.0,0.00017,0,0.00025
387.01,0.0004,0.00039,0.00021,0.00027,0.00013,0.00024,0.00032,0.0,0.0006,0.00025,0.00021,0.0,0.00013,0.00031,0.0,0.0,0.00017,0,0.00025
388.01,0.0004,0.00039,0.00021,0.00027,0.00013,0.00024,0.00032,0.0,0.0006,0.00025,0.00021,0.0,0.00013,0.00031,0.0,0.0,0.00017,0,0.00025
389.01,0.0004,0.00039,0.00021,0.00027,0.00013,0.00024,0.00032,0.0,0.0006,0.00025,0.00021,0.0,0.00013,0.00031,0.0,0.0,0.00017,0,0.00025
390.01,0.0004,0.00039,0.00021,0.00027,0.00013,0.00024,0.00032,0.0,0.0006,0.00024,0.00021,0.0,0.00013,0.00031,0.0,0.0,0.00017,0,0.00025
391.01,0.0004,0.0004,0.00021,0.00027,0.00013,0.00024,0.00032,0.0,0.0006,0.00024,0.00021,0.0,0.00013,0.00031,0.0,0.0,0.00017,0,0.00025
392.01,0.0004,0.0004,0.00021,0.00027,0.00013,0.00024,0.00032,0.0,0.0006,0.00024,0.00021,0.0,0.00013,0.00031,0.0,0.0,0.00017,0,0.00025
393.01,0.0004,0.0004,0.00021,0.00027,0.00013,0.00024,0.00032,0.0,0.0006,0.00024,0.00021,0.0,0.00013,0.00031,0.0,0.0,0.00017,0,0.00025
394.01,0.0004,0.0004,0.00021,0.00027,0.00013,0.00024,0.00032,0.0,0.0006,0.00024,0.00021,0.0,0.00013,0.00031,0.0,0.0,0.00017,0,0.00025
395.01,0.0004,0.0004,0.00021,0.00027,0.00013,0.00024,0.00032,0.0,0.0006,0.00024,0.00021,0.0,0.00013,0.00031,0.0,0.0,0.00017,0,0.00025
396.01,0.0004,0.0004,0.0002,0.00027,0.00013,0.00024,0.00032,0.0,0.0006,0.00024,0.00021,0.0,0.00013,0.00031,0.0,0.0,0.00017,0,0.00025
397.01,0.0004,0.0004,0.0002,0.00027,0.00013,0.00024,0.00032,0.0,0.0006,0.00024,0.00021,0.0,0.00013,0.00031,0.0,0.0,0.00017,0,0.00025
398.01,0.0004,0.0004,0.0002,0.00027,0.00013,0.00024,0.00032,0.0,0.0006,0.00024,0.00021,0.0,0.00013,0.0003,0.0,0.0,0.00017,0,0.00025
399.01,0.0004,0.00039,0.0002,0.00027,0.00013,0.00023,0.00032,0.0,0.0006,0.00024,0.0002,0.0,0.00013,0.0003,0.0,0.0,0.00017,0,0.00025
400.01,0.0004,0.00039,0.0002,0.00027,0.00013,0.00023,0.00032,0.0,0.0006,0.00024,0.0002,0.0,0.00012,0.0003,0.0,0.0,0.00017,0,0.00025
401.01,0.0004,0.0004,0.0002,0.00027,0.00013,0.00023,0.00032,0.0,0.0006,0.00023,0.0002,0.0,0.00012,0.0003,0.0,0.0,0.00017,0,0.00024
402.01,0.0004,0.0004,0.0002,0.00027,0.00013,0.00023,0.00032,0.0,0.0006,0.00023,0.0002,0.0,0.00012,0.0003,0.0,0.0,0.00017,0,0.00024
403.01,0.0004,0.0004,0.0002,0.00027,0.00013,0.00023,0.00032,0.0,0.0006,0.00023,0.0002,0.0,0.00012,0.0003,0.0,0.0,0.00017,0,0.00024
404.01,0.0004,0.0004,0.0002,0.00027,0.00013,0.00023,0.00032,0.0,0.0006,0.00023,0.0002,0.0,0.00012,0.00031,0.0,0.0,0.00017,0,0.00024
405.01,0.0004,0.0004,0.0002,0.00027,0.00012,0.00023,0.00032,0.0,0.0006,0.00023,0.0002,0.0,0.00012,0.00031,0.0,0.0,0.00017,0,0.00024
406.01,0.0004,0.0004,0.0002,0.00027,0.00012,0.00023,0.00032,0.0,0.0006,0.00023,0.0002,0.0,0.00012,0.00031,0.0,0.0,0.00017,0,0.00024
407.01,0.0004,0.0004,0.0002,0.00027,0.00012,0.00023,0.00032,0.0,0.0006,0.00023,0.0002,0.0,0.00012,0.00031,0.0,0.0,0.00017,0,0.00024
408.01,0.00041,0.0004,0.0002,0.00027,0.00012,0.00023,0.00032,0.0,0.0006,0.00023,0.0002,0.0,0.00012,0.00031,0.0,0.0,0.00017,0,0.00024
409.01,0.00041,0.0004,0.0002,0.00027,0.00012,0.00023,0.00032,0.0,0.0006,0.00023,0.0002,0.0,0.00012,0.00031,0.0,0.0,0.00017,0,0.00024
410.01,0.00041,0.0004,0.0002,0.00027,0.00012,0.00023,0.00032,0.0,0.0006,0.00023,0.0002,0.0,0.00012,0.00031,0.0,0.0,0.00017,0,0.00024
411.01,0.00041,0.0004,0.0002,0.00027,0.00012,0.00023,0.00032,0.0,0.0006,0.00022,0.00019,0.0,0.00012,0.00031,0.0,0.0,0.00017,0,0.00024
412.01,0.00041,0.0004,0.0002,0.00027,0.00012,0.00023,0.00032,0.0,0.0006,0.00022,0.00019,0.0,0.00012,0.00031,0.0,0.0,0.00017,0,0.00024
413.01,0.00041,0.0004,0.0002,0.00027,0.00012,0.00023,0.00032,0.0,0.0006,0.00022,0.00019,0.0,0.00012,0.0003,0.0,0.0,0.00017,0,0.00024
414.01,0.00041,0.0004,0.0002,0.00027,0.00012,0.00023,0.00032,0.0,0.0006,0.00022,0.00019,0.0,0.00012,0.0003,0.0,0.0,0.00017,0,0.00024
415.01,0.00041,0.0004,0.0002,0.00027,0.00012,0.00023,0.00032,0.0,0.00059,0.00022,0.00019,0.0,0.00012,0.0003,0.0,0.0,0.00017,0,0.00024
416.01,0.0004,0.0004,0.0002,0.00027,0.00012,0.00023,0.00032,0.0,0.00059,0.00022,0.00019,0.0,0.00012,0.0003,0.0,0.0,0.00017,0,0.00024
417.01,0.0004,0.0004,0.0002,0.00027,0.00012,0.00023,0.00032,0.0,0.00059,0.00022,0.00019,0.0,0.00012,0.0003,0.0,0.0,0.00017,0,0.00023
418.01,0.00041,0.0004,0.0002,0.00027,0.00012,0.00023,0.00032,0.0,0.00059,0.00022,0.00019,0.0,0.00012,0.0003,0.0,0.0,0.00017,0,0.00023
419.01,0.00041,0.0004,0.0002,0.00027,0.00012,0.00023,0.00032,0.0,0.00059,0.00022,0.00019,0.0,0.00012,0.0003,0.0,0.0,0.00017,0,0.00023
420.01,0.00041,0.0004,0.0002,0.00027,0.00012,0.00023,0.00032,0.0,0.00059,0.00022,0.00019,0.0,0.00012,0.0003,0.0,0.0,0.00018,0,0.00023
421.01,0.00041,0.0004,0.0002,0.00027,0.00012,0.00023,0.00032,0.0,0.00059,0.00022,0.00019,0.0,0.00012,0.0003,0.0,0.0,0.00018,0,0.00023
422.01,0.00041,0.0004,0.0002,0.00027,0.00012,0.00023,0.00032,0.0,0.0006,0.00021,0.00019,0.0,0.00012,0.0003,0.0,0.0,0.00018,0,0.00023
423.01,0.00041,0.0004,0.0002,0.00027,0.00012,0.00023,0.00032,0.0,0.0006,0.00021,0.00018,0.0,0.00012,0.0003,0.0,0.0,0.00018,0,0.00023
424.01,0.00041,0.0004,0.0002,0.00027,0.00012,0.00023,0.00033,0.0,0.0006,0.00021,0.00018,0.0,0.00012,0.0003,0.0,0.0,0.00018,0,0.00023
425.01,0.00041,0.0004,0.0002,0.00027,0.00012,0.00023,0.00033,0.0,0.0006,0.00021,0.00018,0.0,0.00012,0.0003,0.0,0.0,0.00018,0,0.00023
426.01,0.00041,0.0004,0.0002,0.00027,0.00012,0.00023,0.00033,0.0,0.0006,0.00021,0.00018,0.0,0.00012,0.0003,0.0,0.0,0.00018,0,0.00023
427.01,0.00041,0.0004,0.0002,0.00027,0.00012,0.00023,0.00033,0.0,0.0006,0.00021,0.00018,0.0,0.00012,0.0003,0.0,0.0,0.00018,0,0.00023
428.01,0.00041,0.0004,0.0002,0.00027,0.00012,0.00023,0.00033,0.0,0.0006,0.00021,0.00018,0.0,0.00012,0.0003,0.0,0.0,0.00018,0,0.00023
429.01,0.00041,0.0004,0.0002,0.00027,0.00012,0.00023,0.00033,0.0,0.0006,0.00021,0.00018,0.0,0.00011,0.0003,0.0,0.0,0.00018,0,0.00023
430.01,0.00041,0.0004,0.0002,0.00027,0.00012,0.00023,0.00033,0.0,0.00059,0.00021,0.00018,0.0,0.00011,0.0003,0.0,0.0,0.00018,0,0.00023
431.01,0.00041,0.0004,0.0002,0.00027,0.00012,0.00022,0.00032,0.0,0.00059,0.00021,0.00018,0.0,0.00011,0.0003,0.0,0.0,0.00018,0,0.00023
432.01,0.00041,0.0004,0.0002,0.00027,0.00012,0.00022,0.00032,0.0,0.00059,0.00021,0.00018,0.0,0.00011,0.0003,0.0,0.0,0.00018,0,0.00023
433.01,0.00041,0.0004,0.0002,0.00027,0.00012,0.00022,0.00032,0.0,0.00059,0.0002,0.00018,0.0,0.00011,0.0003,0.0,0.0,0.00018,0,0.00022
434.01,0.00041,0.0004,0.0002,0.00027,0.00012,0.00022,0.00032,0.0,0.00059,0.0002,0.00017,0.0,0.00011,0.0003,0.0,0.0,0.00018,0,0.00022
435.01,0.00041,0.0004,0.0002,0.00027,0.00011,0.00022,0.00033,0.0,0.00059,0.0002,0.00017,0.0,0.00011,0.0003,0.0,0.0,0.00018,0,0.00022
436.01,0.00041,0.0004,0.0002,0.00027,0.00011,0.00022,0.00033,0.0,0.00059,0.0002,0.00017,0.0,0.00011,0.0003,0.0,0.0,0.00018,0,0.00022
437.01,0.00041,0.0004,0.0002,0.00027,0.00011,0.00022,0.00033,0.0,0.00059,0.0002,0.00017,0.0,0.00011,0.0003,0.0,0.0,0.00018,0,0.00022
438.01,0.00041,0.0004,0.0002,0.00027,0.00011,0.00022,0.00033,0.0,0.00059,0.0002,0.00017,0.0,0.00011,0.0003,0.0,0.0,0.00018,0,0.00022
439.01,0.00041,0.0004,0.0002,0.00027,0.00011,0.00022,0.00033,0.0,0.00059,0.0002,0.00017,0.0,0.00011,0.0003,0.0,0.0,0.00018,0,0.00022
440.01,0.00041,0.00041,0.0002,0.00027,0.00011,0.00022,0.00033,0.0,0.00059,0.0002,0.00017,0.0,0.00011,0.0003,0.0,0.0,0.00018,0,0.00022
441.01,0.00041,0.00041,0.0002,0.00027,0.00011,0.00022,0.00033,0.0,0.00059,0.0002,0.00017,0.0,0.00011,0.0003,0.0,0.0,0.00018,0,0.00022
442.01,0.00041,0.00041,0.0002,0.00027,0.00011,0.00022,0.00033,0.0,0.00059,0.0002,0.00017,0.0,0.00011,0.0003,0.0,0.0,0.00018,0,0.00022
443.01,0.00041,0.00041,0.0002,0.00027,0.00011,0.00022,0.00033,0.0,0.00059,0.00019,0.00017,0.0,0.00011,0.0003,0.0,0.0,0.00018,0,0.00022
444.01,0.00041,0.00041,0.0002,0.00027,0.00011,0.00022,0.00033,0.0,0.00059,0.00019,0.00016,0.0,0.00011,0.0003,0.0,0.0,0.00018,0,0.00022
445.01,0.00041,0.00041,0.0002,0.00027,0.00011,0.00022,0.00033,0.0,0.00059,0.00019,0.00016,0.0,0.00011,0.0003,0.0,0.0,0.00018,0,0.00022
446.01,0.00041,0.00041,0.00019,0.00027,0.00011,0.00022,0.00033,0.0,0.00059,0.00019,0.00016,0.0,0.00011,0.0003,0.0,0.0,0.00018,0,0.00022
447.01,0.00041,0.00041,0.00019,0.00027,0.00011,0.00022,0.00033,0.0,0.00059,0.00019,0.00016,0.0,0.00011,0.0003,0.0,0.0,0.00018,0,0.00022
448.01,0.00041,0.00041,0.00019,0.00027,0.00011,0.00022,0.00033,0.0,0.00059,0.00019,0.00016,0.0,0.00011,0.0003,0.0,0.0,0.00018,0,0.00022
449.01,0.00041,0.00041,0.00019,0.00027,0.00011,0.00022,0.00033,0.0,0.00059,0.00019,0.00016,0.0,0.00011,0.0003,0.0,0.0,0.00018,0,0.00021
450.01,0.00041,0.00041,0.00019,0.00027,0.00011,0.00022,0.00033,0.0,0.00059,0.00019,0.00016,0.0,0.00011,0.0003,0.0,0.0,0.00018,0,0.00021
451.01,0.00041,0.00041,0.00019,0.00027,0.00011,0.00022,0.00033,0.0,0.00059,0.00019,0.00016,0.0,0.00011,0.0003,0.0,0.0,0.00018,0,0.00021
452.01,0.00041,0.00041,0.00019,0.00027,0.00011,0.00022,0.00033,0.0,0.00059,0.00019,0.00016,0.0,0.00011,0.0003,0.0,0.0,0.00018,0,0.00021
453.01,0.00041,0.00041,0.00019,0.00027,0.00011,0.00022,0.00033,0.0,0.00059,0.00019,0.00015,0.0,0.0001,0.0003,0.0,0.0,0.00018,0,0.00021
454.01,0.00041,0.00041,0.00019,0.00027,0.00011,0.00022,0.00033,0.0,0.00059,0.00018,0.00015,0.0,0.0001,0.0003,0.0,0.0,0.00018,0,0.00021
455.01,0.00041,0.00041,0.00019,0.00027,0.00011,0.00022,0.00033,0.0,0.00059,0.00018,0.00015,0.0,0.0001,0.0003,0.0,0.0,0.00018,0,0.00021
456.01,0.00041,0.00041,0.00019,0.00027,0.00011,0.00022,0.00033,0.0,0.00059,0.00018,0.00015,0.0,0.0001,0.0003,0.0,0.0,0.00018,0,0.00021
457.01,0.00041,0.00041,0.00019,0.00027,0.00011,0.00022,0.00033,0.0,0.00059,0.00018,0.00015,0.0,0.0001,0.0003,0.0,0.0,0.00018,0,0.00021
458.01,0.00042,0.00041,0.00019,0.00027,0.00011,0.00022,0.00033,0.0,0.00059,0.00018,0.00015,0.0,0.0001,0.0003,0.0,0.0,0.00018,0,0.00021
459.01,0.00042,0.00041,0.00019,0.00027,0.0001,0.00022,0.00033,0.0,0.00059,0.00018,0.00015,0.0,0.0001,0.0003,0.0,0.0,0.00018,0,0.00021
460.01,0.00042,0.00041,0.00019,0.00027,0.0001,0.00022,0.00033,0.0,0.00059,0.00018,0.00015,0.0,0.0001,0.0003,0.0,0.0,0.00018,0,0.00021
461.01,0.00042,0.00041,0.00019,0.00027,0.0001,0.00022,0.00033,0.0,0.00059,0.00018,0.00015,0.0,0.0001,0.0003,0.0,0.0,0.00018,0,0.00021
462.01,0.00042,0.00041,0.00019,0.00027,0.0001,0.00022,0.00033,0.0,0.00059,0.00018,0.00015,0.0,0.0001,0.0003,0.0,0.0,0.00018,0,0.00021
463.01,0.00042,0.00041,0.00019,0.00027,0.0001,0.00022,0.00033,0.0,0.00059,0.00018,0.00014,0.0,0.0001,0.0003,0.0,0.0,0.00018,0,0.00021
464.01,0.00042,0.00041,0.00019,0.00027,0.0001,0.00022,0.00033,0.0,0.00059,0.00017,0.00014,0.0,0.0001,0.0003,0.0,0.0,0.00018,0,0.0002
465.01,0.00042,0.00041,0.00019,0.00027,0.0001,0.00022,0.00033,0.0,0.00059,0.00017,0.00014,0.0,0.0001,0.0003,0.0,0.0,0.00018,0,0.0002
466.01,0.00042,0.00041,0.00019,0.00027,0.0001,0.00022,0.00033,0.0,0.00059,0.00017,0.00014,0.0,0.0001,0.0003,0.0,0.0,0.00018,0,0.0002
467.01,0.00042,0.00041,0.00019,0.00027,0.0001,0.00022,0.00033,0.0,0.00058,0.00017,0.00014,0.0,0.0001,0.0003,0.0,0.0,0.00018,0,0.0002
468.01,0.00042,0.00041,0.00019,0.00027,0.0001,0.00022,0.00033,0.0,0.00058,0.00017,0.00014,0.0,0.0001,0.0003,0.0,0.0,0.00018,0,0.0002
469.01,0.00042,0.00041,0.00019,0.00027,0.0001,0.00022,0.00033,0.0,0.00058,0.00017,0.00014,0.0,0.0001,0.0003,0.0,0.0,0.00018,0,0.0002
470.01,0.00042,0.00041,0.00019,0.00027,0.0001,0.00022,0.00033,0.0,0.00058,0.00017,0.00014,0.0,0.0001,0.0003,0.0,0.0,0.00018,0,0.0002
471.01,0.00042,0.00041,0.00019,0.00027,0.0001,0.00022,0.00033,0.0,0.00059,0.00017,0.00014,0.0,0.0001,0.0003,0.0,0.0,0.00018,0,0.0002
472.01,0.00042,0.00041,0.00019,0.00027,0.0001,0.00022,0.00033,0.0,0.00059,0.00017,0.00013,0.0,0.0001,0.0003,0.0,0.0,0.00018,0,0.0002
473.01,0.00042,0.00041,0.00019,0.00027,0.0001,0.00022,0.00033,0.0,0.00059,0.00016,0.00013,0.0,9e-05,0.0003,0.0,0.0,0.00018,0,0.0002
474.01,0.00042,0.00041,0.00019,0.00027,0.0001,0.00022,0.00033,0.0,0.00059,0.00016,0.00013,0.0,9e-05,0.0003,0.0,0.0,0.00018,0,0.0002
475.01,0.00042,0.00041,0.00019,0.00027,0.0001,0.00022,0.00033,0.0,0.00059,0.00016,0.00013,0.0,9e-05,0.0003,0.0,0.0,0.00018,0,0.0002
476.01,0.00042,0.00041,0.00019,0.00027,0.0001,0.00022,0.00033,0.0,0.00059,0.00016,0.00013,0.0,9e-05,0.0003,0.0,0.0,0.00018,0,0.0002
477.01,0.00042,0.00041,0.00019,0.00027,0.0001,0.00022,0.00033,0.0,0.00059,0.00016,0.00013,0.0,9e-05,0.0003,0.0,0.0,0.00018,0,0.0002
478.01,0.00042,0.00041,0.00019,0.00027,0.0001,0.00022,0.00033,0.0,0.00059,0.00016,0.00013,0.0,9e-05,0.0003,0.0,0.0,0.00018,0,0.0002
479.01,0.00042,0.00041,0.00019,0.00027,9e-05,0.00022,0.00033,0.0,0.00059,0.00016,0.00013,0.0,9e-05,0.0003,0.0,0.0,0.00018,0,0.00019
480.01,0.00042,0.00041,0.00018,0.00027,9e-05,0.00022,0.00033,0.0,0.00059,0.00016,0.00013,0.0,9e-05,0.0003,0.0,0.0,0.00018,0,0.00019
481.01,0.00042,0.00041,0.00018,0.00027,9e-05,0.00022,0.00033,0.0,0.00058,0.00016,0.00012,0.0,9e-05,0.0003,0.0,0.0,0.00019,0,0.00019
482.01,0.00042,0.00041,0.00018,0.00027,9e-05,0.00022,0.00033,0.0,0.00058,0.00016,0.00012,0.0,9e-05,0.0003,0.0,0.0,0.00019,0,0.00019
483.01,0.00042,0.00041,0.00018,0.00027,9e-05,0.00022,0.00033,0.0,0.00058,0.00015,0.00012,0.0,9e-05,0.0003,0.0,0.0,0.00019,0,0.00019
484.01,0.00042,0.00041,0.00018,0.00027,9e-05,0.00022,0.00033,0.0,0.00058,0.00015,0.00012,0.0,9e-05,0.0003,0.0,0.0,0.00019,0,0.00019
485.01,0.00042,0.00041,0.00018,0.00027,9e-05,0.00022,0.00033,0.0,0.00058,0.00015,0.00012,0.0,9e-05,0.0003,0.0,0.0,0.00019,0,0.00019
486.01,0.00042,0.00041,0.00018,0.00027,9e-05,0.00022,0.00033,0.0,0.00058,0.00015,0.00012,0.0,9e-05,0.0003,0.0,0.0,0.00019,0,0.00019
487.01,0.00042,0.00041,0.00018,0.00027,9e-05,0.00023,0.00033,0.0,0.00058,0.00015,0.00012,0.0,9e-05,0.0003,0.0,0.0,0.00019,0,0.00019
488.01,0.00042,0.00041,0.00018,0.00027,9e-05,0.00023,0.00033,0.0,0.00058,0.00015,0.00012,0.0,9e-05,0.0003,0.0,0.0,0.00019,0,0.00019
489.01,0.00042,0.00041,0.00018,0.00027,9e-05,0.00023,0.00033,0.0,0.00058,0.00015,0.00012,0.0,9e-05,0.0003,0.0,0.0,0.00019,0,0.00019
490.01,0.00042,0.00041,0.00018,0.00027,9e-05,0.00023,0.00033,0.0,0.00058,0.00015,0.00011,0.0,9e-05,0.0003,0.0,0.0,0.00019,0,0.00019
491.01,0.00042,0.00041,0.00018,0.00027,9e-05,0.00023,0.00033,0.0,0.00058,0.00015,0.00011,0.0,9e-05,0.0003,0.0,0.0,0.00019,0,0.00019
492.01,0.00042,0.00041,0.00018,0.00027,9e-05,0.00023,0.00033,0.0,0.00058,0.00014,0.00011,0.0,8e-05,0.0003,0.0,0.0,0.00019,0,0.00018
493.01,0.00042,0.00041,0.00018,0.00027,9e-05,0.00023,0.00033,0.0,0.00058,0.00014,0.00011,0.0,8e-05,0.0003,0.0,0.0,0.00019,0,0.00018
494.01,0.00042,0.00041,0.00018,0.00027,9e-05,0.00023,0.00033,0.0,0.00058,0.00014,0.00011,0.0,8e-05,0.0003,0.0,0.0,0.00019,0,0.00018
495.01,0.00042,0.00042,0.00018,0.00027,9e-05,0.00023,0.00033,0.0,0.00058,0.00014,0.00011,0.0,8e-05,0.0003,0.0,0.0,0.00019,0,0.00018
496.01,0.00042,0.00042,0.00018,0.00027,9e-05,0.00023,0.00033,0.0,0.00058,0.00014,0.00011,0.0,8e-05,0.0003,0.0,0.0,0.00019,0,0.00018
497.01,0.00042,0.00041,0.00018,0.00027,9e-05,0.00023,0.00033,0.0,0.00058,0.00014,0.00011,0.0,8e-05,0.0003,0.0,0.0,0.00019,0,0.00018
498.01,0.00042,0.00041,0.00018,0.00027,8e-05,0.00023,0.00033,0.0,0.00058,0.00014,0.0001,0.0,8e-05,0.0003,0.0,0.0,0.00019,0,0.00018
499.01,0.00042,0.00041,0.00018,0.00027,8e-05,0.00023,0.00033,0.0,0.00058,0.00014,0.0001,0.0,8e-05,0.0003,0.0,0.0,0.00019,0,0.00018
500.01,0.00042,0.00041,0.00018,0.00027,8e-05,0.00023,0.00033,0.0,0.00058,0.00014,0.0001,0.0,8e-05,0.0003,0.0,0.0,0.00019,0,0.00018
