time,Muttonpulao_02_fullness,Cholebhature_01_fullness,Curdrice_01_fullness,Lemonrice_01_fullness,Pasta_01_fullness,Masaladosa_01_fullness,Vegetable_Biryani_01_fullness,Rice_01_fullness,Paneer_01_fullness,Milk_Chocolate_01_fullness,Peanuts_01_fullness,Curd_01_fullness,Bread_Meal_01_fullness,Chickensandwich_01_fullness,Apple_Pineapplesalad_01_fullness,Spinach_01_fullness,Bread_Meal_02_fullness,Orange_01_fullness,Omelette_01_fullness
1.01,1.23572,1.20765,1.29426,1.27942,1.01597,1.20531,1.28798,1.00109,1.21017,1.00778,1.25681,1.12016,1.00861,1.31259,1.33198,1.30522,1.00861,1.28178,1.24437
2.01,1.39784,1.39091,1.52922,1.54925,1.16936,1.37899,1.44878,1.30334,1.3769,1.18184,1.99039,1.52218,1.16021,1.50487,1.78322,1.93684,1.16021,1.96311,1.51142
3.01,1.74603,1.61288,1.76517,1.84659,1.32065,1.64757,1.73468,1.41244,1.62059,1.4917,2.52444,1.99147,1.44592,1.78906,2.00388,2.09481,1.44592,2.1186,1.75827
4.01,2.11654,1.9669,2.11438,2.24799,1.598,1.93951,2.10594,1.64717,1.98235,1.56245,2.55645,2.07264,1.685,2.23297,2.24106,1.98583,1.685,2.02877,1.8838
5.01,2.58663,2.34079,2.43796,2.67978,1.66903,2.31893,2.44306,1.84851,2.36186,1.71455,2.34242,1.94286,1.73402,2.64384,2.27471,1.87228,1.73402,1.93833,1.91049
6.01,3.01288,2.66202,2.60214,3.12479,1.73325,2.4046,2.84809,1.87798,2.64296,1.72336,2.15928,1.83528,1.89493,2.90709,2.24484,1.76455,1.89493,1.85136,1.9465
7.01,3.51982,3.01365,2.6426,3.3193,1.90432,2.45831,3.00202,2.03183,2.71206,1.86004,2.01938,1.75754,1.91155,2.99982,2.24128,1.67015,1.91155,1.77259,1.98421
8.01,3.71076,3.08753,2.68464,3.39473,1.92832,2.50228,3.059,2.17346,2.77918,1.91047,1.91983,1.7066,2.03809,3.07469,2.25053,1.59115,2.03809,1.70424,2.02231
9.01,3.85599,3.15885,2.72702,3.45168,2.078,2.54798,3.11536,2.19088,2.8446,2.07237,1.85139,1.67563,2.16302,3.13588,2.26519,1.54052,2.16302,1.66142,2.06034
10.01,3.972,3.22406,2.76559,3.49198,2.1159,2.57594,3.16676,2.32593,2.90448,2.14795,1.80243,1.65593,2.18609,3.18256,2.2796,1.48793,2.18609,1.6103,2.0955
11.01,4.06132,3.28121,2.79848,3.52673,2.14757,2.59514,3.22202,2.45745,2.95702,2.31579,1.76526,1.6422,2.31341,3.21544,2.29103,1.44451,2.31341,1.56409,2.12588
12.01,4.13974,3.33304,2.8281,3.5437,2.2913,2.60906,3.26527,2.52623,3.00472,2.48479,1.74714,1.63297,2.44073,3.23925,2.30104,1.40901,2.44073,1.52319,2.16221
13.01,4.1908,3.37814,2.85346,3.55229,2.33994,2.61755,3.30251,2.46111,3.04654,2.56199,1.72447,1.62609,2.47567,3.25426,2.30867,1.37908,2.47567,1.48627,2.18569
14.01,4.22294,3.4144,2.88158,3.55231,2.37723,2.6199,3.33165,2.4031,3.08088,2.71698,1.70512,1.61999,2.59932,3.26878,2.32049,1.35281,2.59932,1.4521,2.20439
15.01,4.33948,3.5291,2.96372,3.63729,2.50454,2.6925,3.43065,2.41863,3.18376,2.77514,1.72694,1.65784,2.7206,3.34996,2.37567,1.35757,2.7206,1.46777,2.267
16.01,4.38996,3.58686,3.00269,3.66119,2.66609,2.71203,3.4818,2.3909,3.23729,2.78515,1.72425,1.66487,2.78417,3.37533,2.39319,1.35617,2.78417,1.447,2.30014
17.01,4.43507,3.64273,3.04074,3.68424,2.73115,2.73085,3.53149,2.36967,3.2894,2.79679,1.72429,1.67285,2.93357,3.39906,2.41054,1.3458,2.93357,1.4289,2.33291
18.01,4.47565,3.69677,3.07789,3.71561,2.80776,2.74912,3.58865,2.36384,3.34014,2.80996,1.72626,1.68125,3.08586,3.42155,2.42768,1.33747,3.08586,1.41311,2.36505
19.01,4.52152,3.75016,3.11444,3.73894,2.97274,2.76697,3.63541,2.35155,3.3896,2.82398,1.73925,1.68982,3.15439,3.44317,2.44483,1.33063,3.15439,1.39929,2.40561
20.01,4.55555,3.80429,3.15013,3.7604,3.04462,2.78446,3.68095,2.34264,3.43782,2.84785,1.74406,1.69852,3.31028,3.46413,2.46163,1.32479,3.31028,1.38699,2.43666
21.01,4.5873,3.85695,3.19397,3.78388,3.12928,2.80168,3.72534,2.33642,3.48486,2.86298,1.75015,1.717,3.46705,3.49342,2.48728,1.31966,3.46705,1.37607,2.46728
22.01,4.61722,3.90821,3.22807,3.80842,3.295,2.81873,3.76866,2.33246,3.53078,2.87857,1.75735,1.72499,3.54074,3.51321,2.5034,1.31517,3.54074,1.36648,2.49745
23.01,4.64566,3.95815,3.26148,3.83289,3.37086,2.83563,3.81093,2.33035,3.57563,2.89462,1.76549,1.73261,3.63978,3.53266,2.51925,1.31124,3.69897,1.35807,2.527
24.01,4.67292,4.0068,3.29424,3.85733,3.51965,2.85239,3.85226,2.32994,3.61946,2.91101,1.77437,1.73981,3.65454,3.55184,2.53484,1.30767,3.77702,1.35073,2.55575
25.01,4.6993,4.05425,3.32636,3.88173,3.55309,2.86903,3.89272,2.33107,3.66232,2.92769,1.78394,1.74665,3.66703,3.57081,2.55014,1.30451,3.93682,1.34431,2.58397
26.01,4.72497,4.10054,3.35789,3.90609,3.57862,2.88553,3.93233,2.33352,3.70425,2.9446,1.79417,1.7531,3.68028,3.58958,2.56527,1.30168,4.09754,1.3387,2.61176
27.01,4.74474,4.14077,3.38451,3.92558,3.57731,2.89794,3.96629,2.33406,3.74078,2.95774,1.80265,1.75692,3.68059,3.60368,2.57696,1.29748,4.17236,1.33216,2.63566
28.01,4.75627,4.17298,3.40434,3.93796,3.58007,2.90472,3.99245,2.33123,3.77007,2.96538,1.80839,1.75729,3.67606,3.61118,2.5836,1.29147,4.32215,1.32413,2.65423
29.01,4.76298,4.20011,3.42038,3.94688,3.571,2.90864,4.01396,2.32715,3.80393,2.97022,1.81304,1.75596,3.66927,3.61516,2.58758,1.28483,4.38905,1.31591,2.67004
30.01,4.76304,4.22055,3.43134,3.95032,3.55843,2.90869,4.02917,2.321,3.8229,2.97117,1.81607,1.75247,3.65864,3.61424,2.58795,1.27744,4.52823,1.30724,2.68211
31.01,4.75399,4.23161,3.43522,3.94586,3.54022,2.90337,4.03572,2.31182,3.83386,2.96679,1.81679,1.74623,3.6421,3.60632,2.58342,1.26885,4.65758,1.29781,2.68909
32.01,4.86831,4.34766,3.53085,4.04724,3.62217,2.97914,4.1458,2.36725,3.9295,3.04372,1.86441,1.78811,3.72772,3.69748,2.65219,1.29276,4.8329,1.32348,2.76751
33.01,4.89468,4.38781,3.55943,4.07147,3.63054,2.9947,4.18096,2.37458,3.96634,3.06038,1.87746,1.79267,3.73864,3.71568,2.6658,1.29105,4.91905,1.32189,2.79357
34.01,4.92091,4.42719,3.58769,4.09558,3.63958,3.01013,4.21554,2.38223,4.00266,3.07699,1.89072,1.79698,3.75035,3.73386,2.67924,1.28939,5.08418,1.32064,2.81927
35.01,4.947,4.46583,3.61564,4.1195,3.64909,3.02542,4.24956,2.39024,4.03845,3.09349,1.90419,1.80114,3.76253,3.75203,2.69252,1.2878,5.25002,1.31979,2.84463
36.01,4.97299,4.50381,3.64326,4.14323,3.65897,3.04059,4.28305,2.39858,4.08257,3.10984,1.9178,1.8051,3.77523,3.77016,2.70563,1.28632,5.336,1.31939,2.86961
37.01,4.99887,4.54124,3.67058,4.16684,3.6692,3.05567,4.31604,2.40715,4.1171,3.12606,1.93153,1.80884,3.78834,3.78826,2.71857,1.28502,5.50314,1.31944,2.89428
38.01,5.02467,4.58693,3.69759,4.19036,3.67968,3.07066,4.34856,2.416,4.15112,3.14214,1.94534,1.81234,3.80183,3.80631,2.73137,1.28383,5.67081,1.31989,2.91865
39.01,5.05039,4.62295,3.7243,4.21377,3.69028,3.0856,4.38063,2.42506,4.18466,3.15807,1.95928,1.81564,3.81563,3.82432,2.74409,1.28278,5.75779,1.32075,2.94277
40.01,5.07605,4.65838,3.75073,4.23708,3.70097,3.10073,4.41227,2.43436,4.21772,3.17389,1.9733,1.81869,3.82964,3.8423,2.75666,1.2822,5.92488,1.32243,2.96667
41.01,5.10164,4.69326,3.77687,4.26028,3.71172,3.11572,4.44349,2.44388,4.25029,3.18961,1.98734,1.82151,3.84371,3.86024,2.76915,1.28157,6.01316,1.32422,2.99038
42.01,5.12718,4.7276,3.80258,4.28351,3.72242,3.13952,4.47437,2.45366,4.28245,3.20524,2.00146,1.82415,3.85771,3.87814,2.78146,1.29294,6.18109,1.34034,3.01391
43.01,5.15279,4.7614,3.82788,4.30667,3.73306,3.15419,4.50498,2.46375,4.31423,3.22077,2.01579,1.8266,3.87159,3.89601,2.79358,1.29229,6.34871,1.34256,3.03744
44.01,5.17278,4.78935,3.84801,4.33351,3.73894,3.16465,4.5389,2.48006,4.34066,3.23216,2.02745,1.8264,3.88045,3.90903,2.80163,1.2903,6.4306,1.34348,3.0567
45.01,5.19341,4.80899,3.86099,4.34367,3.73802,3.16911,4.55573,2.48233,4.35944,3.23748,2.04432,1.82262,3.88211,3.91497,2.80419,1.28641,6.52606,1.34252,3.0789
46.01,5.20021,4.82371,3.87007,4.34948,3.73348,3.17049,4.5679,2.48254,4.37384,3.24872,2.05015,1.8171,3.87983,3.91686,2.80406,1.28179,6.53296,1.34078,3.08887
47.01,5.1999,4.83145,3.88253,4.34917,3.72395,3.16761,4.5735,2.47995,4.3821,3.24645,2.05361,1.80968,3.87215,3.92225,2.80936,1.27615,6.5271,1.33803,3.0945
48.01,5.18871,4.82882,3.87793,4.3399,3.70736,3.15888,4.56942,2.47344,4.38147,3.23823,2.05381,1.80937,3.86606,3.91059,2.8003,1.2693,6.50631,1.33406,3.0941
49.01,5.29909,4.94784,3.96888,4.43725,3.79429,3.23924,4.67415,2.52688,4.49067,3.31014,2.09903,1.84016,3.94812,3.9968,2.86288,1.29526,6.63288,1.36581,3.16922
50.01,5.32438,4.97886,3.99238,4.45937,3.80407,3.25349,4.70263,2.5384,4.5202,3.32509,2.11336,1.84133,3.95994,4.01338,2.87438,1.29541,6.64609,1.36981,3.19153
51.01,5.34957,5.00955,4.01558,4.49029,3.81373,3.26767,4.73975,2.55939,4.54944,3.34017,2.12761,1.84227,3.97145,4.02984,2.88576,1.29571,6.65935,1.37404,3.21361
52.01,5.38361,5.03993,4.03877,4.51207,3.82327,3.28179,4.76756,2.57099,4.57842,3.35506,2.15087,1.84312,3.98265,4.04634,2.89721,1.29614,6.67264,1.37852,3.24447
53.01,5.40864,5.07002,4.06168,4.53377,3.83269,3.29582,4.79511,2.58268,4.60713,3.37891,2.1649,1.84398,3.99369,4.06283,2.90836,1.29669,6.68596,1.38303,3.26616
54.01,5.43365,5.0998,4.09333,4.55531,3.84201,3.3098,4.82242,2.59449,4.6356,3.39348,2.17892,1.85478,4.00449,4.08822,2.92845,1.29721,6.69941,1.3876,3.28771
55.01,5.45863,5.1293,4.11579,4.57676,3.85125,3.32366,4.84949,2.60643,4.66382,3.408,2.19293,1.85504,4.02415,4.10452,2.93905,1.29788,6.71288,1.39239,3.30912
56.01,5.48356,5.15853,4.13802,4.59812,3.86042,3.33739,4.87626,2.6184,4.69182,3.42245,2.20687,1.85514,4.03436,4.1208,2.9495,1.29873,6.72647,1.39739,3.33033
57.01,5.50845,5.1875,4.16007,4.61945,3.86952,3.35105,4.90277,2.63047,4.7196,3.43681,2.22073,1.85504,4.04441,4.13707,2.95981,1.29978,6.74006,1.40254,3.35138
58.01,5.53334,5.21622,4.18191,4.64079,3.87863,3.36467,4.92901,2.64266,4.74718,3.45107,2.23454,1.85479,4.05433,4.15328,2.96994,1.30098,6.75369,1.4078,3.37226
59.01,5.55822,5.24471,4.20357,4.66212,3.88782,3.37823,4.95497,2.65496,4.77455,3.4653,2.24832,1.8543,4.06413,4.16941,2.97988,1.30227,6.76734,1.41319,3.39303
60.01,5.58309,5.27297,4.22512,4.6834,3.90612,3.39175,4.98062,2.66735,4.80177,3.47949,2.26209,1.85361,4.07376,4.18548,2.98969,1.30363,6.78106,1.4186,3.41369
61.01,5.60221,5.29543,4.24139,4.69926,3.91022,3.4008,5.00045,2.67618,4.8236,3.48913,2.27277,1.85028,4.07836,4.19648,2.99528,1.3035,6.78875,1.42223,3.4298
62.01,5.61279,5.30937,4.2501,4.70719,3.90737,3.40351,5.01201,2.67997,4.84638,3.49233,2.27914,1.84343,4.07578,4.20017,2.99494,1.30145,6.78726,1.42344,3.43943
63.01,5.61825,5.31823,4.25462,4.71063,3.90087,3.40294,5.01873,2.68131,4.85545,3.4922,2.2834,1.83492,4.06935,4.19987,2.99155,1.29863,6.77999,1.42365,3.44558
64.01,5.61607,5.31983,4.2532,4.70756,3.88926,3.39784,5.01844,2.67937,4.85786,3.48747,2.28488,1.8243,4.05753,4.19384,2.98407,1.29482,6.76381,1.4226,3.447
65.01,5.602,5.31882,4.24304,4.69474,3.87027,3.38626,5.00759,2.67288,4.85031,3.47625,2.28258,1.81102,4.03789,4.17946,2.97102,1.28973,6.73318,1.41988,3.4417
66.01,5.72656,5.43247,4.34742,4.80578,3.95045,3.47034,5.12511,2.74252,4.95552,3.56151,2.34258,1.85096,4.13077,4.27899,3.04526,1.31819,6.86282,1.45606,3.53149
67.01,5.75126,5.45948,4.36801,4.82659,3.96864,3.48343,5.14956,2.75549,4.98168,3.57519,2.35607,1.84925,4.14011,4.2948,3.05389,1.32025,6.87681,1.46175,3.55121
68.01,5.77594,5.48633,4.38847,4.84735,3.97753,3.49649,5.17376,2.76856,5.00775,3.58876,2.36953,1.84743,4.14948,4.31058,3.06239,1.32231,6.89082,1.46744,3.57075
69.01,5.80059,5.51307,4.4088,4.86805,3.98641,3.50952,5.19776,2.78173,5.0426,3.60225,2.38296,1.84549,4.15891,4.32636,3.07073,1.32444,6.90484,1.47318,3.59011
70.01,5.82522,5.53976,4.42902,4.88865,3.9953,3.52251,5.22158,2.79499,5.06826,3.61566,2.39634,1.84348,4.16828,4.34212,3.07893,1.32669,6.91888,1.47893,3.6093
71.01,5.84982,5.57523,4.44908,4.90921,4.0042,3.53546,5.24524,2.80834,5.09376,3.62899,2.40973,1.84133,4.17766,4.35786,3.08692,1.32909,6.93292,1.48468,3.62839
72.01,5.8744,5.60151,4.469,4.92972,4.01303,3.54838,5.26879,2.8218,5.11901,3.64225,2.42309,1.83902,4.18702,4.37359,3.09475,1.33154,6.9469,1.49042,3.64738
73.01,5.89896,5.62765,4.48882,4.95014,4.02187,3.56147,5.29223,2.83536,5.14403,3.65542,2.43642,1.83653,4.19638,4.38924,3.10242,1.33444,6.96085,1.49673,3.66625
74.01,5.92349,5.65368,4.50855,4.9705,4.03075,3.57444,5.31556,2.84901,5.16878,3.66844,2.44972,1.8339,4.20572,4.40488,3.10995,1.33718,6.97487,1.5027,3.68499
75.01,5.948,5.67958,4.52818,4.99093,4.03961,3.59632,5.33879,2.86281,5.19337,3.68135,2.46299,1.83114,4.21505,4.42051,3.11734,1.3545,6.98889,1.52494,3.70363
76.01,5.9726,5.70533,4.54767,5.0113,4.04844,3.60906,5.36195,2.87685,5.21781,3.69419,2.47641,1.82827,4.22437,4.4361,3.12459,1.35712,7.01193,1.53051,3.72234
77.01,5.99716,5.73097,4.56708,5.04052,4.05726,3.62177,5.39393,2.90047,5.24211,3.70711,2.48982,1.82528,4.23366,4.45164,3.1317,1.35972,7.02582,1.53604,3.74092
78.01,6.02473,5.75074,4.58118,5.05504,4.06111,3.62982,5.41102,2.91047,5.26073,3.71523,2.50891,1.81974,4.23784,4.46195,3.13456,1.36067,7.03354,1.53944,3.7636
79.01,6.03447,5.76179,4.58739,5.06133,4.0578,3.63121,5.41958,2.91489,5.27104,3.72563,2.51394,1.81083,4.23463,4.46481,3.13126,1.35932,7.0319,1.53986,3.77028
80.01,6.03879,5.76749,4.59807,5.06286,4.05069,3.62909,5.42307,2.91655,5.27633,3.72325,2.51664,1.80033,4.22753,4.47241,3.13409,1.35691,7.02417,1.5389,3.7732
81.01,6.03491,5.76523,4.59332,5.05741,4.03822,3.62215,5.41896,2.91447,5.2744,3.71593,2.51622,1.79829,4.22395,4.46481,3.12325,1.35329,7.00709,1.53635,3.77093
82.01,6.01804,5.75049,4.57901,5.04131,4.01799,3.60827,5.4033,2.9072,5.26142,3.70154,2.51154,1.78301,4.20276,4.44819,3.10657,1.34813,6.97485,1.53179,3.76119
83.01,6.13823,5.87723,4.67811,5.14763,4.11008,3.69629,5.51556,2.97405,5.38026,3.78069,2.5675,1.80976,4.28888,4.5425,3.17246,1.37967,7.1069,1.57168,3.84646
84.01,6.1626,5.90196,4.69679,5.17643,4.11874,3.70881,5.5468,2.99809,5.40368,3.79301,2.58083,1.806,4.2979,4.55795,3.17862,1.3822,7.12054,1.57667,3.86436
85.01,6.19584,5.9266,4.71556,5.19615,4.12736,3.7213,5.56888,3.01239,5.42692,3.80517,2.60324,1.80224,4.30686,4.57348,3.18488,1.38474,7.13415,1.58157,3.89111
86.01,6.22007,5.95112,4.73419,5.21582,4.13594,3.73373,5.59086,3.02674,5.45,3.82628,2.61637,1.7986,4.31589,4.58905,3.1909,1.38712,7.14771,1.58623,3.90866
87.01,6.24419,5.97549,4.76167,5.23541,4.14449,3.74613,5.61278,3.04111,5.47293,3.83812,2.62949,1.80551,4.32487,4.61354,3.20609,1.38928,7.16123,1.59071,3.92612
88.01,6.26819,5.99971,4.77998,5.25493,4.153,3.75853,5.6346,3.05551,5.4956,3.84987,2.64262,1.80131,4.34289,4.62894,3.2117,1.39139,7.17468,1.59512,3.94349
89.01,6.29205,6.02375,4.79822,5.27437,4.16146,3.77093,5.65624,3.06987,5.51861,3.86153,2.65575,1.79703,4.35159,4.64433,3.21718,1.39351,7.1881,1.59939,3.96075
90.01,6.3158,6.04754,4.81638,5.29372,4.16986,3.78331,5.6778,3.08426,5.54192,3.87307,2.66882,1.79266,4.36024,4.6597,3.22252,1.39563,7.20151,1.60359,3.9779
91.01,6.33946,6.0711,4.83444,5.31303,4.17826,3.79566,5.69933,3.09869,5.56511,3.88448,2.6819,1.7882,4.36881,4.67505,3.2277,1.39765,7.21488,1.60767,3.99498
92.01,6.36309,6.09454,4.85237,5.33228,4.18674,3.80799,5.7208,3.11316,5.58822,3.89581,2.69502,1.7836,4.37732,4.69027,3.2327,1.39958,7.22821,1.61163,4.01201
93.01,6.38664,6.1179,4.87023,5.35148,4.2043,3.8203,5.74217,3.12764,5.61129,3.90703,2.70813,1.77887,4.38564,4.70549,3.2376,1.40133,7.24144,1.61525,4.02894
94.01,6.41012,6.14108,4.88804,5.37064,4.21251,3.83258,5.76346,3.14212,5.63434,3.91816,2.72123,1.77404,4.3939,4.72072,3.24239,1.40288,7.25464,1.61867,4.04574
95.01,6.42757,6.15829,4.90028,5.38404,4.21557,3.84004,5.77887,3.15229,5.66049,3.92434,2.73067,1.76676,4.3969,4.73057,3.24267,1.40263,7.26162,1.61979,4.05748
96.01,6.43598,6.16663,4.90438,5.38896,4.21125,3.84059,5.78553,3.15633,5.66888,3.92346,2.73493,1.75614,4.39228,4.73257,3.23663,1.39984,7.25913,1.61772,4.06195
97.01,6.43865,6.16944,4.90376,5.38881,4.20293,3.83746,5.78686,3.1573,5.67192,3.91881,2.73666,1.74408,4.38348,4.73017,3.22738,1.39596,7.25044,1.6141,4.06245
98.01,6.43254,6.17263,4.89631,5.38126,4.18896,3.82918,5.78023,3.15408,5.66706,3.90892,2.73495,1.73023,4.36877,4.72127,3.21378,1.39072,7.23211,1.6087,4.05736
99.01,6.41243,6.15345,4.87863,5.36229,4.16679,3.81344,5.76118,3.14503,5.65014,3.89151,2.7285,1.71402,4.34538,4.70269,3.19415,1.38378,7.19796,1.60103,4.04415
100.01,6.54507,6.27415,4.99039,5.48117,4.26114,3.90487,5.88589,3.22741,5.76454,3.98249,2.79882,1.74937,4.44267,4.80982,3.27028,1.41543,7.33159,1.64122,4.14244
101.01,6.56814,6.29681,5.00763,5.49997,4.26895,3.91696,5.90674,3.24184,5.78671,3.99296,2.81196,1.74399,4.45041,4.82473,3.27418,1.41611,7.34442,1.64348,4.15868
102.01,6.59116,6.31941,5.0248,5.5187,4.2767,3.92903,5.92749,3.25626,5.8177,4.00331,2.82507,1.73856,4.45811,4.83952,3.27795,1.41663,7.3572,1.64546,4.17484
103.01,6.61397,6.34205,5.0419,5.53735,4.2844,3.94106,5.94813,3.27066,5.83958,4.01352,2.83813,1.73308,4.46569,4.85426,3.28159,1.41702,7.36993,1.64728,4.19091
104.01,6.63659,6.37356,5.05888,5.55595,4.29204,3.95307,5.96873,3.28505,5.86142,4.02363,2.85114,1.72757,4.47317,4.86893,3.2851,1.4173,7.38256,1.64891,4.2069
105.01,6.65902,6.39598,5.0758,5.57451,4.29956,3.96504,5.98927,3.29943,5.88321,4.03363,2.86414,1.72201,4.48054,4.88358,3.28846,1.41744,7.39513,1.65035,4.22281
106.01,6.68134,6.41829,5.09264,5.59303,4.30704,3.97716,6.00976,3.31381,5.90495,4.04353,2.87707,1.71631,4.48782,4.89821,3.29169,1.41791,7.40766,1.65214,4.23863
107.01,6.70361,6.44056,5.10942,5.61149,4.31448,3.98915,6.0302,3.32817,5.92655,4.05333,2.88998,1.71047,4.49506,4.91281,3.29478,1.41797,7.4202,1.65338,4.25438
108.01,6.72586,6.46277,5.12613,5.63001,4.32187,4.01007,6.05062,3.34256,5.9481,4.06303,2.90288,1.70459,4.50221,4.92739,3.29775,1.43431,7.4327,1.67153,4.27004
109.01,6.74818,6.48489,5.14277,5.64843,4.32919,4.02182,6.07104,3.35708,5.96964,4.07262,2.91591,1.69867,4.50925,4.94195,3.30059,1.43364,7.45417,1.67198,4.28577
110.01,6.77045,6.50691,5.15932,5.67571,4.33642,4.03346,6.10035,3.38138,5.99114,4.08228,2.92894,1.69273,4.5162,4.95649,3.3033,1.43284,7.46646,1.67223,4.30139
111.01,6.80155,6.52887,5.17591,5.69389,4.34359,4.04502,6.12055,3.39562,6.01258,4.09179,2.95112,1.68673,4.52308,4.97105,3.30607,1.43189,7.47869,1.67229,4.32589
112.01,6.81753,6.54481,5.18676,5.7062,4.34549,4.05151,6.13476,3.40519,6.02806,4.10528,2.95996,1.67872,4.52461,4.98017,3.30417,1.42891,7.48467,1.66966,4.33603
113.01,6.82428,6.55162,5.19817,5.70978,4.33983,4.05074,6.14002,3.40815,6.03471,4.10223,2.96319,1.66736,4.51843,4.99009,3.30528,1.42314,7.48108,1.66352,4.33858
114.01,6.8251,6.55265,5.19562,5.7081,4.33006,4.04608,6.13974,3.40775,6.03592,4.0952,2.96359,1.66623,4.51709,4.98623,3.2935,1.41621,7.47106,1.65588,4.33692
115.01,6.81666,6.54474,5.18588,5.69855,4.31446,4.03595,6.13098,3.4027,6.02891,4.08266,2.96019,1.65173,4.50033,4.97552,3.27729,1.40794,7.45109,1.64641,4.32927
116.01,6.7932,6.5225,5.16518,5.67681,4.29034,4.01777,6.10893,3.39119,6.00893,4.06217,2.95147,1.63513,4.47454,4.9545,3.25494,1.39792,7.41469,1.63461,4.31282
117.01,6.91987,6.65551,5.27085,5.79906,4.38609,4.11223,6.237,3.47905,6.13594,4.14578,3.01728,1.65542,4.56363,5.05553,3.32122,1.42864,7.54969,1.67368,4.40567
118.01,6.95067,6.67715,5.28698,5.81687,4.39282,4.12328,6.25682,3.493,6.15695,4.15452,3.03929,1.64915,4.56996,5.06987,3.32315,1.42645,7.56143,1.67204,4.4296
119.01,6.97245,6.69876,5.30297,5.83464,4.39946,4.13422,6.27656,3.50691,6.17791,4.17223,3.05194,1.64305,4.5763,5.08425,3.32484,1.42398,7.57311,1.67002,4.44438
120.01,6.99421,6.72031,5.32786,5.85236,4.40597,4.14508,6.29622,3.52074,6.19883,4.18063,3.06457,1.64874,4.58255,5.10755,3.3359,1.42115,7.58471,1.66771,4.45907
121.01,7.0159,6.74179,5.34362,5.87003,4.41241,4.15591,6.31582,3.53449,6.21971,4.18892,3.07716,1.64219,4.59785,5.12175,3.33719,1.41815,7.59621,1.66519,4.47369
122.01,7.03752,6.76323,5.35932,5.8876,4.41879,4.1667,6.33533,3.54811,6.24055,4.19711,3.0897,1.63561,4.60381,5.13594,3.33837,1.41507,7.60765,1.66246,4.48819
123.01,7.05911,6.78463,5.37496,5.90515,4.42513,4.17739,6.35481,3.56168,6.26136,4.20515,3.10212,1.62899,4.60968,5.1501,3.33941,1.41185,7.61904,1.65951,4.50258
124.01,7.08068,6.80599,5.3905,5.92268,4.43142,4.18801,6.37427,3.57521,6.28209,4.21306,3.11453,1.62234,4.61547,5.16425,3.34028,1.40846,7.63032,1.65633,4.51692
125.01,7.10219,6.82729,5.40596,5.94017,4.43775,4.19857,6.39369,3.58869,6.30276,4.22088,3.12695,1.61556,4.62118,5.17833,3.34099,1.40491,7.64152,1.65292,4.53119
126.01,7.12366,6.84851,5.42132,5.95755,4.45315,4.20906,6.41308,3.60209,6.32342,4.22861,3.13933,1.60868,4.62674,5.1924,3.34159,1.40111,7.65265,1.64916,4.54539
127.01,7.14506,6.86966,5.43664,5.97489,4.45916,4.21949,6.43236,3.61539,6.34414,4.23624,3.15168,1.60179,4.63224,5.20648,3.34209,1.39705,7.66371,1.64513,4.55951
128.01,7.16644,6.89078,5.45189,5.99218,4.4651,4.22988,6.45161,3.62858,6.37376,4.24376,3.16399,1.59492,4.63769,5.22055,3.34247,1.3928,7.67469,1.64084,4.57354
129.01,7.18171,6.90592,5.46132,6.00351,4.46569,4.2351,6.46481,3.63676,6.38828,4.24605,3.17205,1.58592,4.63767,5.22897,3.33818,1.38669,7.6794,1.63409,4.58214
130.01,7.18762,6.91175,5.46215,6.00592,4.45856,4.23288,6.46889,3.63788,6.39373,4.24085,3.17411,1.57409,4.62973,5.22908,3.32739,1.37816,7.67447,1.62412,4.58289
131.01,7.18737,6.92046,5.45787,6.00287,4.44716,4.2266,6.46721,3.63536,6.39351,4.23158,3.17312,1.56111,4.6174,5.22434,3.3133,1.36863,7.66301,1.61271,4.57923
132.01,7.17748,6.91084,5.44607,5.99159,4.42974,4.21458,6.45672,3.62783,6.38463,4.21661,3.16796,1.54661,4.59878,5.21248,3.29476,1.35787,7.64134,1.59958,4.56925
133.01,7.15159,6.88592,5.42267,5.96734,4.40349,4.1941,6.43209,3.61327,6.36187,4.19338,3.15701,1.53024,4.57087,5.18973,3.27008,1.34541,7.60267,1.58418,4.5499
134.01,7.29002,7.01277,5.54014,6.09231,4.50047,4.2907,6.56289,3.70495,6.48324,4.28739,3.23604,1.55971,4.67007,5.30299,3.34542,1.37192,7.73837,1.61841,4.65455
135.01,7.31117,7.03364,5.55495,6.10928,4.50588,4.30067,6.58181,3.71744,6.51254,4.29416,3.24802,1.55257,4.67492,5.31694,3.34492,1.36653,7.74875,1.61252,4.66803
136.01,7.33229,7.05455,5.5697,6.12615,4.51122,4.3106,6.60068,3.72981,6.5327,4.30082,3.25994,1.54545,4.67968,5.33087,3.34429,1.36106,7.75906,1.60644,4.68141
137.01,7.35338,7.08437,5.58438,6.14298,4.51648,4.32048,6.61952,3.74208,6.55277,4.30736,3.27181,1.53832,4.68435,5.34479,3.34353,1.35549,7.76929,1.60017,4.69471
138.01,7.37445,7.10511,5.59898,6.15975,4.52162,4.3303,6.63831,3.75424,6.57281,4.31379,3.28363,1.53118,4.68894,5.35868,3.34262,1.3498,7.77945,1.59372,4.70793
139.01,7.39549,7.12581,5.61352,6.17648,4.52669,4.34026,6.65706,3.76627,6.59281,4.3201,3.2954,1.52391,4.69344,5.37255,3.34158,1.34451,7.78953,1.58766,4.72107
140.01,7.41645,7.14648,5.628,6.19316,4.53171,4.35009,6.67577,3.77813,6.61273,4.3263,3.30709,1.51658,4.69785,5.3864,3.34041,1.33886,7.79961,1.58105,4.73413
141.01,7.43738,7.16707,5.64241,6.20988,4.53667,4.36886,6.69447,3.78991,6.63262,4.33238,3.31865,1.5093,4.70218,5.40024,3.33911,1.35025,7.80962,1.59156,4.7471
142.01,7.45838,7.18759,5.65675,6.22656,4.54155,4.37849,6.71315,3.80172,6.6525,4.33836,3.33031,1.50201,4.70641,5.41406,3.33769,1.34389,7.8286,1.58419,4.76013
143.01,7.47934,7.20808,5.67103,6.25215,4.54636,4.38806,6.7407,3.8235,6.67236,4.34438,3.34193,1.49472,4.71057,5.42786,3.33613,1.33747,7.83837,1.57666,4.77305
144.01,7.50919,7.22855,5.68536,6.26863,4.5511,4.39759,6.75915,3.83486,6.69218,4.35025,3.36274,1.48743,4.71464,5.44168,3.33465,1.33101,7.84807,1.56898,4.79487
145.01,7.53,7.24901,5.69961,6.28506,4.5557,4.40704,6.77755,3.84608,6.71191,4.36514,3.37407,1.48059,4.7187,5.45558,3.33298,1.32442,7.85766,1.56102,4.8075
146.01,7.54463,7.26333,5.7169,6.29545,4.55487,4.41118,6.78985,3.85202,6.72558,4.36543,3.38089,1.47157,4.71723,5.47269,3.33632,1.3159,7.86095,1.55067,4.81457
147.01,7.54975,7.26821,5.71632,6.29675,4.54623,4.40772,6.79287,3.8505,6.73004,4.35807,3.38134,1.47327,4.7169,5.47218,3.32326,1.30522,7.85451,1.53743,4.81354
148.01,7.54848,7.26684,5.71045,6.2923,4.53326,4.40009,6.7899,3.84505,6.72861,4.34654,3.37849,1.46044,4.70276,5.46664,3.30692,1.29381,7.84149,1.52305,4.80789
149.01,7.53709,7.25569,5.69671,6.27926,4.51416,4.38647,6.77772,3.83427,6.71811,4.32913,3.37111,1.44641,4.68223,5.45363,3.28617,1.2814,7.81806,1.50723,4.79559
150.01,7.50885,7.22836,5.67071,6.25252,4.48601,4.36402,6.75058,3.81597,6.69289,4.30316,3.35747,1.43085,4.65221,5.42911,3.25931,1.26779,7.77714,1.48963,4.77338
151.01,7.64998,7.36696,5.78145,6.38012,4.58347,4.46296,6.88411,3.91054,6.8261,4.38874,3.44005,1.4432,4.74237,5.53617,3.32339,1.2909,7.91354,1.51908,4.88056
152.01,7.67052,7.3871,5.79523,6.39617,4.58755,4.47207,6.9022,3.92085,6.8456,4.40286,3.45087,1.43631,4.74583,5.54993,3.32082,1.28358,7.92261,1.50998,4.89262
153.01,7.69103,7.40721,5.81791,6.41217,4.59154,4.48111,6.92024,3.93103,6.86507,4.40759,3.46162,1.44306,4.74921,5.57262,3.32788,1.27604,7.93159,1.50065,4.9046
154.01,7.71151,7.42729,5.83146,6.42811,4.59546,4.4901,6.93824,3.94108,6.88448,4.41222,3.4723,1.4357,4.76166,5.58622,3.32492,1.26842,7.94047,1.49123,4.9165
155.01,7.73189,7.44734,5.84495,6.44396,4.59931,4.49907,6.95616,3.95093,6.90382,4.41673,3.48283,1.42841,4.76473,5.5998,3.32183,1.26088,7.94927,1.48177,4.92828
156.01,7.75223,7.46734,5.85836,6.45979,4.60307,4.50805,6.97404,3.96066,6.92313,4.42109,3.49323,1.42114,4.76771,5.61335,3.3186,1.25335,7.95799,1.47223,4.93995
157.01,7.77255,7.48727,5.87168,6.47559,4.60678,4.51695,6.99191,3.97028,6.9424,4.42531,3.50358,1.41393,4.7706,5.62689,3.31521,1.24581,7.96663,1.46262,4.95156
158.01,7.79287,7.50717,5.88492,6.49134,4.6105,4.52579,7.00974,3.97979,6.96164,4.42943,3.51388,1.4066,4.7734,5.64036,3.31165,1.23828,7.9752,1.453,4.96311
159.01,7.81317,7.52705,5.8981,6.50704,4.62331,4.53457,7.02754,3.98918,6.98087,4.43347,3.5241,1.39917,4.77604,5.65382,3.30797,1.23058,7.98369,1.44313,4.97457
160.01,7.83343,7.54689,5.91124,6.52269,4.6267,4.5433,7.04529,3.99845,7.00016,4.43739,3.53421,1.39182,4.77862,5.66722,3.3042,1.22271,7.99211,1.43311,4.98595
161.01,7.85367,7.5667,5.92431,6.53828,4.63,4.55199,7.063,4.0076,7.02836,4.4412,3.54421,1.38454,4.78113,5.68062,3.30031,1.21483,8.00046,1.42304,4.99724
162.01,7.87388,7.58659,5.93731,6.55383,4.63323,4.56064,7.08067,4.01659,7.04746,4.44489,3.55411,1.37731,4.78352,5.69399,3.29628,1.20701,8.00872,1.41298,5.00844
163.01,7.8879,7.60029,5.94431,6.56327,4.63096,4.56391,7.09215,4.02016,7.06045,4.44317,3.5593,1.36847,4.78031,5.70153,3.28759,1.19794,8.01071,1.40112,5.01397
164.01,7.89236,7.61341,5.94237,6.5635,4.62073,4.55939,7.09424,4.01605,7.0641,4.4337,3.55782,1.3575,4.76901,5.70038,3.27239,1.18724,8.00297,1.38697,5.01122
165.01,7.89026,7.61111,5.93497,6.55789,4.6061,4.55054,7.09018,4.00793,7.06164,4.41999,3.55288,1.34563,4.75319,5.69402,3.25397,1.17596,7.98853,1.37196,5.00371
166.01,7.87767,7.59858,5.91941,6.54332,4.58526,4.53561,7.07653,3.99424,7.04965,4.40032,3.54314,1.33268,4.73088,5.67991,3.23123,1.16389,7.96341,1.35603,4.9893
167.01,7.84729,7.56896,5.89104,6.51435,4.5552,4.52043,7.04711,3.97267,7.02204,4.37193,3.52668,1.31848,4.69899,5.6537,3.20258,1.16838,7.92038,1.35608,4.96448
168.01,7.99063,7.70089,6.01273,6.64402,4.65308,4.61188,7.18279,4.06891,7.158,4.46672,3.61153,1.34208,4.79847,5.77242,3.27434,1.16844,8.057,1.36098,5.07339
169.01,8.01061,7.72051,6.02527,6.65922,4.65575,4.62023,7.20013,4.07715,7.17682,4.46963,3.62073,1.33508,4.80024,5.78564,3.26942,1.16043,8.06468,1.35056,5.08401
170.01,8.03055,7.74905,6.03773,6.67438,4.65834,4.62853,7.21743,4.08528,7.19561,4.47241,3.62981,1.32815,4.80192,5.79884,3.26437,1.15248,8.07228,1.34017,5.09454
171.01,8.05047,7.7685,6.05013,6.68948,4.66079,4.63678,7.23469,4.09331,7.21436,4.47508,3.6388,1.32128,4.80352,5.812,3.25917,1.14459,8.07981,1.32981,5.10499
172.01,8.07037,7.78793,6.06245,6.70453,4.66313,4.64517,7.25192,4.10125,7.23309,4.47762,3.64767,1.3143,4.80501,5.82514,3.25383,1.13729,8.08727,1.32006,5.11535
173.01,8.09018,7.80732,6.0747,6.71953,4.66539,4.65345,7.26909,4.10908,7.25173,4.48006,3.65644,1.30732,4.80641,5.83825,3.24836,1.12971,8.09472,1.30994,5.12563
174.01,8.10993,7.82669,6.08688,6.73456,4.66759,4.67068,7.28626,4.11686,7.27035,4.48238,3.66509,1.30042,4.80772,5.85134,3.24276,1.13944,8.10211,1.31717,5.13582
175.01,8.12972,7.84599,6.09899,6.74955,4.6697,4.67876,7.30346,4.1247,7.28896,4.48459,3.67377,1.29361,4.80894,5.86439,3.23703,1.13141,8.11849,1.30667,5.14605
176.01,8.14947,7.86526,6.11104,6.77346,4.67173,4.6868,7.32953,4.14266,7.30755,4.48683,3.68234,1.28689,4.81006,5.87741,3.23118,1.12353,8.12565,1.29622,5.15617
177.01,8.17812,7.88446,6.12312,6.78825,4.67367,4.69479,7.34649,4.15009,7.3261,4.48892,3.70012,1.2803,4.8111,5.89044,3.2254,1.11568,8.13273,1.28582,5.17523
178.01,8.19774,7.90363,6.13512,6.80299,4.67552,4.70271,7.36341,4.15743,7.34462,4.50011,3.70829,1.27426,4.81212,5.90352,3.21942,1.10783,8.1397,1.27534,5.18506
179.01,8.21733,7.92274,6.15604,6.81767,4.67728,4.71056,7.38029,4.16467,7.36311,4.50185,3.71633,1.26795,4.81311,5.92554,3.22336,1.09979,8.1466,1.26471,5.19481
180.01,8.23077,7.93568,6.16179,6.8262,4.67351,4.71297,7.39099,4.16636,7.37544,4.49812,3.71946,1.27547,4.81768,5.9325,3.21246,1.0907,8.14716,1.25272,5.19878
181.01,8.23459,7.93906,6.15847,6.82535,4.66176,4.70746,7.39217,4.16012,7.37834,4.48657,3.71565,1.26558,4.80473,5.93057,3.19517,1.08044,8.13798,1.23905,5.1943
182.01,8.23165,7.93583,6.14954,6.81851,4.64558,4.6975,7.38703,4.14973,7.37493,4.47071,3.70812,1.25506,4.78723,5.92323,3.17475,1.06985,8.12206,1.22482,5.18488
183.01,8.21784,7.92205,6.13215,6.8024,4.62309,4.68114,7.37195,4.13362,7.36161,4.44879,3.69561,1.24372,4.76319,5.90779,3.15013,1.05881,8.09537,1.20999,5.16833
184.01,8.18535,7.89033,6.10138,6.77122,4.59128,4.65523,7.34034,4.10933,7.33188,4.41807,3.67603,1.23124,4.72948,5.87962,3.11977,1.04721,8.05041,1.19426,5.14095
185.01,8.33084,8.03343,6.21569,6.90294,4.6888,4.75766,7.47816,4.20737,7.47009,4.51266,3.76258,1.23683,4.81918,5.99158,3.17857,1.06235,8.18735,1.21274,5.25146
186.01,8.3502,8.05233,6.23612,6.91727,4.68997,4.76523,7.49475,4.21396,7.4883,4.51362,3.76971,1.24675,4.81954,6.0132,3.18167,1.05461,8.19374,1.20242,5.26061
187.01,8.36952,8.07119,6.2474,6.93153,4.69107,4.77278,7.5113,4.22044,7.50647,4.51446,3.77669,1.24057,4.82901,6.02569,3.17437,1.04691,8.20004,1.19228,5.26968
188.01,8.38879,8.09002,6.2586,6.94571,4.69207,4.78035,7.52777,4.22676,7.52461,4.5152,3.7835,1.23448,4.82905,6.03815,3.16694,1.03948,8.20627,1.1823,5.27863
189.01,8.40802,8.10882,6.26973,6.95985,4.69299,4.78787,7.5442,4.23298,7.54271,4.51578,3.79011,1.22851,4.82899,6.05061,3.15938,1.03224,8.21246,1.17248,5.28747
190.01,8.42724,8.12759,6.28077,6.97397,4.69387,4.79532,7.56061,4.23914,7.56078,4.51623,3.79658,1.22266,4.82883,6.06309,3.15166,1.02515,8.21853,1.16277,5.29624
191.01,8.44645,8.14633,6.29171,6.98803,4.69477,4.80272,7.57698,4.24521,7.57882,4.51658,3.80293,1.21669,4.82859,6.07554,3.14374,1.01819,8.22453,1.15328,5.30495
192.01,8.46563,8.16503,6.30259,7.00204,4.7048,4.81008,7.59327,4.25118,7.59685,4.51684,3.80913,1.21069,4.82818,6.08799,3.13572,1.01123,8.23045,1.14371,5.31357
193.01,8.48479,8.18371,6.31343,7.01599,4.70536,4.81739,7.60951,4.25704,7.61493,4.51699,3.81516,1.20476,4.8277,6.10043,3.12759,1.00431,8.23631,1.13413,5.3221
194.01,8.50391,8.2023,6.32419,7.02989,4.70583,4.82471,7.62571,4.26279,7.64193,4.51703,3.82102,1.19899,4.82716,6.11288,3.11935,0.99751,8.24209,1.1247,5.33054
195.01,8.52301,8.22096,6.33489,7.04373,4.70622,4.83199,7.64186,4.26841,7.65983,4.51696,3.82671,1.19332,4.82653,6.12532,3.11099,0.9909,8.2478,1.11548,5.33889
196.01,8.54207,8.23955,6.34551,7.05752,4.70651,4.83923,7.65797,4.27393,7.6777,4.51677,3.83222,1.18777,4.82581,6.13775,3.10249,0.9845,8.25344,1.10648,5.34714
197.01,8.55501,8.26092,6.35,7.06513,4.7012,4.84088,7.66789,4.27377,7.68941,4.51109,3.83266,1.1811,4.81944,6.14421,3.08945,0.97755,8.25279,1.09658,5.34956
198.01,8.55829,8.26366,6.34531,7.0633,4.68784,4.83451,7.66825,4.26556,7.69157,4.49756,3.82597,1.17272,4.8049,6.14171,3.07018,0.96986,8.24236,1.08573,5.3434
199.01,8.55467,8.25963,6.33489,7.05531,4.67006,4.82366,7.66212,4.25308,7.68725,4.47973,3.81548,1.1637,4.78579,6.1337,3.04791,0.9622,8.22511,1.07457,5.33223
200.01,8.5398,8.24466,6.31577,7.03774,4.64594,4.81523,7.6457,4.23468,7.67268,4.45586,3.79979,1.15402,4.76016,6.11733,3.02173,0.97158,8.19695,1.08027,5.3137
201.01,8.50532,8.21087,6.28284,7.00447,4.61246,4.78777,7.61202,4.20782,7.64088,4.42316,3.77671,1.14351,4.72488,6.08775,2.99021,0.96256,8.15941,1.06755,5.28396
202.01,8.65251,8.3469,6.40735,7.13769,4.70963,4.88238,7.75147,4.30656,7.78136,4.51674,3.86328,1.16301,4.82309,6.2109,3.0553,0.95696,8.28708,1.06389,5.39533
203.01,8.67133,8.37426,6.41747,7.15111,4.70932,4.88934,7.76728,4.31126,7.79901,4.51579,3.86755,1.1579,4.82174,6.2232,3.04591,0.95161,8.29219,1.05588,5.40299
204.01,8.69012,8.39253,6.42751,7.16448,4.70887,4.89626,7.78305,4.31585,7.81662,4.51472,3.87163,1.15292,4.82029,6.23546,3.03636,0.9465,8.29724,1.04807,5.41055
205.01,8.70889,8.41078,6.43749,7.1778,4.70833,4.90327,7.79878,4.32032,7.8342,4.51355,3.87551,1.14778,4.81874,6.2477,3.02667,0.94219,8.30222,1.04107,5.41803
206.01,8.72762,8.42899,6.44738,7.19106,4.70773,4.91017,7.81446,4.32465,7.85171,4.51227,3.87919,1.14261,4.81709,6.25991,3.01684,0.93766,8.3072,1.03385,5.42541
207.01,8.74633,8.44717,6.4572,7.20434,4.70705,4.92606,7.83012,4.3289,7.86918,4.51087,3.88267,1.13755,4.81535,6.27209,3.0069,0.95065,8.31212,1.04421,5.43271
208.01,8.76508,8.46529,6.46695,7.21758,4.70628,4.93282,7.84581,4.33315,7.88665,4.50937,3.88609,1.13262,4.81351,6.28425,2.99686,0.94597,8.32604,1.03698,5.44004
209.01,8.78379,8.48337,6.47662,7.23974,4.70542,4.93954,7.87044,4.34765,7.90409,4.50792,3.8893,1.1278,4.81158,6.29636,2.9867,0.94154,8.33073,1.02998,5.44726
210.01,8.81141,8.50143,6.48633,7.25278,4.70447,4.94621,7.88594,4.35142,7.9215,4.50632,3.90171,1.12309,4.80955,6.30844,2.97664,0.93733,8.33536,1.0232,5.46343
211.01,8.83,8.51948,6.49594,7.26576,4.70342,4.95282,7.90139,4.35505,7.93888,4.51392,3.90435,1.11907,4.80752,6.32058,2.96638,0.93322,8.33992,1.0165,5.47036
212.01,8.84855,8.53749,6.51449,7.27868,4.70228,4.95933,7.9168,4.35854,7.95622,4.51197,3.90677,1.11468,4.80545,6.34167,2.96652,0.92894,8.34441,1.00977,5.4772
213.01,8.86708,8.55547,6.52386,7.29155,4.70104,4.96582,7.93217,4.36187,7.97353,4.50991,3.90898,1.127,4.81256,6.35363,2.95583,0.92473,8.34879,1.00321,5.48394
214.01,8.87949,8.56731,6.52705,7.29815,4.69423,4.96676,7.94131,4.35934,7.98466,4.50236,3.906,1.12128,4.80458,6.35955,2.94078,0.92018,8.34689,0.99618,5.48477
215.01,8.88219,8.56948,6.52097,7.29526,4.67937,4.95952,7.94082,4.34856,7.9862,4.48692,3.89566,1.11421,4.78841,6.35637,2.91975,0.91507,8.33516,0.98835,5.47687
216.01,8.87786,8.56473,6.50901,7.28609,4.66007,4.94762,7.93371,4.33344,7.98111,4.46716,3.88147,1.10671,4.7677,6.34752,2.89589,0.90989,8.31657,0.98041,5.46387
217.01,8.86193,8.5487,6.4881,7.26706,4.63442,4.92897,7.91601,4.31229,7.96542,4.4414,3.86198,1.09849,4.74049,6.33001,2.86829,0.90458,8.28695,0.97227,5.44337
218.01,8.82559,8.51305,6.45295,7.23172,4.59951,4.90015,7.88031,4.28248,7.93172,4.40689,3.83496,1.08935,4.70365,6.29873,2.83578,0.89884,8.23855,0.96364,5.41134
219.01,8.97453,8.65972,6.57853,7.36644,4.69549,5.00533,8.02142,4.38141,8.074,4.49939,3.9205,1.10797,4.7914,6.4239,2.89654,0.91139,8.37541,0.97702,5.52353
220.01,8.99284,8.67745,6.58737,7.37892,4.69363,5.01158,8.03648,4.38369,8.09108,4.49661,3.92121,1.10363,4.79787,6.43566,2.88504,0.9081,8.37928,0.97168,5.52966
221.01,9.01106,8.69514,6.59613,7.39131,4.69169,5.01783,8.05145,4.38574,8.10812,4.49372,3.92168,1.0994,4.79481,6.4474,2.87346,0.90507,8.3831,0.9666,5.53568
222.01,9.02924,8.71279,6.60481,7.40365,4.68965,5.02405,8.06639,4.38763,8.12514,4.49069,3.92186,1.09531,4.79167,6.45911,2.86175,0.90226,8.38687,0.96178,5.54158
223.01,9.04741,8.73039,6.61338,7.41596,4.68756,5.03022,8.0813,4.38938,8.14212,4.48753,3.92183,1.09135,4.78842,6.47079,2.84988,0.8996,8.39058,0.9572,5.54741
224.01,9.06556,8.74788,6.62185,7.42822,4.6855,5.03635,8.09617,4.39098,8.15906,4.48428,3.92161,1.08721,4.78509,6.4824,2.83783,0.89715,8.39422,0.95284,5.55317
225.01,9.08368,8.76532,6.63026,7.44042,4.69264,5.04244,8.111,4.39241,8.176,4.48095,3.92116,1.08297,4.78159,6.49399,2.82569,0.89464,8.39778,0.94841,5.55884
226.01,9.10177,8.78271,6.63861,7.45257,4.69022,5.04849,8.12578,4.39366,8.19297,4.47752,3.92048,1.07886,4.77801,6.50557,2.81348,0.89203,8.40128,0.94398,5.56442
227.01,9.11983,8.80004,6.6469,7.46465,4.68771,5.05451,8.14051,4.39473,8.21888,4.47398,3.91957,1.07488,4.77437,6.51714,2.80117,0.88951,8.40471,0.93971,5.56991
228.01,9.13786,8.81742,6.65512,7.47668,4.68511,5.06048,8.1552,4.3956,8.23569,4.47034,3.91841,1.07101,4.77064,6.52868,2.78875,0.88717,8.40808,0.93565,5.5753
229.01,9.15586,8.83473,6.66329,7.48864,4.68241,5.06642,8.16983,4.39629,8.25247,4.46659,3.91702,1.06729,4.76682,6.54019,2.77622,0.88502,8.41137,0.9318,5.5806
230.01,9.17383,8.86096,6.67139,7.50055,4.67958,5.07232,8.18442,4.3968,8.26921,4.46272,3.9154,1.06367,4.76291,6.55167,2.76355,0.88302,8.4146,0.92815,5.5858
231.01,9.18573,8.87209,6.6733,7.50623,4.67114,5.07267,8.19282,4.39142,8.27978,4.45338,3.90857,1.05893,4.75333,6.55707,2.74674,0.88092,8.41153,0.92446,5.58506
232.01,9.18792,8.87356,6.66588,7.50233,4.65469,5.06472,8.19154,4.3777,8.28067,4.4362,3.89444,1.05282,4.73561,6.55328,2.72432,0.87802,8.39864,0.91971,5.57555
233.01,9.18294,8.868,6.65252,7.492,4.63383,5.06106,8.18349,4.35954,8.27478,4.4148,3.87643,1.04632,4.71337,6.54369,2.69936,0.89228,8.37891,0.93209,5.56085
234.01,9.16601,8.85084,6.63007,7.47155,4.60667,5.04132,8.16454,4.33527,8.25797,4.38745,3.85312,1.03936,4.68473,6.52522,2.67108,0.88826,8.3572,0.92634,5.53848
235.01,9.12784,8.8133,6.59299,7.44337,4.57026,5.01112,8.12699,4.30236,8.22237,4.35146,3.82233,1.03179,4.64666,6.49246,2.6384,0.88394,8.30728,0.92029,5.50435
236.01,9.27809,8.96154,6.71918,7.56999,4.66519,5.10813,8.26924,4.3997,8.36646,4.44211,3.90513,1.04877,4.74207,6.61926,2.6936,0.87806,8.43468,0.91484,5.61666
237.01,9.29585,8.97875,6.72684,7.58151,4.66171,5.11377,8.28352,4.39892,8.38297,4.43754,3.90196,1.04539,4.73751,6.63056,2.68023,0.87646,8.43745,0.91193,5.62125
238.01,9.31358,8.99595,6.73443,7.59297,4.65814,5.11954,8.29774,4.39794,8.39945,4.43287,3.89858,1.04177,4.73285,6.64182,2.66674,0.87551,8.44016,0.90978,5.62575
239.01,9.33128,9.0131,6.74195,7.60437,4.6545,5.12521,8.31191,4.39675,8.41586,4.4281,3.89497,1.0381,4.72809,6.65306,2.65316,0.8742,8.44287,0.90722,5.63016
240.01,9.34895,9.03023,6.74939,7.61578,4.65079,5.13989,8.32606,4.39542,8.43224,4.42322,3.89114,1.03452,4.72323,6.66427,2.63951,0.89029,8.44552,0.92212,5.63447
241.01,9.36666,9.04732,6.75676,7.62715,4.64698,5.14538,8.34023,4.39402,8.44861,4.41825,3.88723,1.03107,4.71828,6.67545,2.62577,0.88861,8.4572,0.91937,5.63882
242.01,9.38432,9.06439,6.76405,7.64746,4.64308,5.15083,8.36334,4.40298,8.46495,4.41334,3.88311,1.02774,4.71323,6.68661,2.61195,0.88709,8.45963,0.91678,5.64304
243.01,9.4109,9.08145,6.77137,7.65862,4.63908,5.15624,8.37732,4.40096,8.48125,4.40829,3.88826,1.02448,4.70809,6.69777,2.59836,0.88568,8.462,0.91436,5.65625
244.01,9.42844,9.09849,6.77859,7.66972,4.63498,5.16159,8.39125,4.39873,8.49753,4.41257,3.88354,1.02186,4.70294,6.70898,2.58462,0.88427,8.46431,0.91188,5.66019
245.01,9.44595,9.1155,6.79478,7.68076,4.63078,5.16688,8.40513,4.39628,8.51376,4.40718,3.87862,1.01882,4.69776,6.72916,2.58204,0.88256,8.46654,0.90923,5.66403
246.01,9.46342,9.13249,6.80175,7.69174,4.62649,5.17214,8.41896,4.39362,8.52997,4.40169,3.87348,1.03299,4.70185,6.74021,2.56791,0.88081,8.46867,0.90665,5.66779
247.01,9.48082,9.14944,6.80865,7.70262,4.6221,5.1774,8.43272,4.39069,8.54613,4.3961,3.86813,1.02965,4.69632,6.75122,2.55373,0.87925,8.47075,0.90425,5.67143
248.01,9.49214,9.16027,6.80931,7.70727,4.61214,5.17693,8.44028,4.38179,8.55615,4.38504,3.85755,1.0255,4.68516,6.75612,2.53572,0.87731,8.46654,0.90145,5.66905
249.01,9.49378,9.16137,6.80053,7.7023,4.59418,5.16808,8.43814,4.36455,8.55647,4.36615,3.83977,1.02029,4.66589,6.75173,2.51259,0.8733,8.45249,0.89802,5.65785
250.01,9.48813,9.15529,6.78568,7.69079,4.57184,5.15441,8.42912,4.34289,8.54988,4.34311,3.81824,1.01457,4.64217,6.74138,2.48711,0.86855,8.43151,0.89443,5.64142
251.01,9.4702,9.13728,6.76157,7.66892,4.54345,5.13369,8.40892,4.31514,8.53203,4.31426,3.79155,1.00815,4.6121,6.72189,2.45886,0.86344,8.39936,0.89037,5.61723
252.01,9.43023,9.09808,6.72251,7.62968,4.51515,5.10229,8.36942,4.27875,8.49465,4.27698,3.7576,1.00107,4.57281,6.68762,2.42683,0.85781,8.34812,0.8858,5.58107
253.01,9.58178,9.24757,6.84927,7.76645,4.59865,5.20953,8.51294,4.37388,8.64014,4.36574,3.83719,1.01754,4.66642,6.81614,2.47666,0.86875,8.4845,0.89855,5.69351
254.01,9.59894,9.26423,6.85562,7.77692,4.59362,5.21452,8.52636,4.36944,8.65608,4.35947,3.83048,1.0144,4.66025,6.82696,2.46222,0.86583,8.48613,0.89651,5.69653
255.01,9.61605,9.28085,6.86189,7.78735,4.5885,5.21949,8.53973,4.36479,8.67198,4.35306,3.82352,1.01134,4.65399,6.83776,2.44773,0.86328,8.48772,0.89461,5.69941
256.01,9.63314,9.29743,6.86806,7.79774,4.58333,5.22444,8.55306,4.35994,8.68785,4.34653,3.81638,1.00834,4.64764,6.84852,2.43318,0.86088,8.48924,0.89286,5.70224
257.01,9.65021,9.31396,6.87412,7.80807,4.57819,5.22936,8.56636,4.35488,8.70368,4.33991,3.8091,1.00513,4.64119,6.8592,2.41851,0.85865,8.4907,0.89121,5.70499
258.01,9.66725,9.33046,6.88012,7.81834,4.58234,5.23426,8.57961,4.3496,8.7195,4.33323,3.80164,1.00185,4.63457,6.86987,2.40382,0.85644,8.49209,0.88937,5.70765
259.01,9.68426,9.34692,6.88606,7.82855,4.57683,5.23914,8.5928,4.34409,8.73535,4.32645,3.79401,0.99863,4.62788,6.88052,2.38914,0.85427,8.49341,0.88744,5.71022
260.01,9.70123,9.36334,6.89192,7.8387,4.57123,5.244,8.60595,4.33834,8.76015,4.31957,3.78619,0.99555,4.62113,6.89116,2.37444,0.85218,8.49466,0.88559,5.7127
261.01,9.71817,9.3798,6.89769,7.84878,4.56554,5.24883,8.61904,4.33234,8.77585,4.31259,3.7782,0.99253,4.61429,6.90176,2.35972,0.85025,8.49585,0.88386,5.71507
262.01,9.73508,9.3962,6.90338,7.8588,4.55975,5.25364,8.63209,4.32611,8.79151,4.3055,3.77002,0.98964,4.60736,6.91233,2.34497,0.84851,8.49698,0.88225,5.71736
263.01,9.75195,9.42149,6.90899,7.86876,4.55382,5.25842,8.64508,4.31966,8.80713,4.29831,3.76167,0.98691,4.60033,6.92287,2.33017,0.84701,8.49803,0.88077,5.71954
264.01,9.76879,9.43775,6.91451,7.87866,4.54779,5.26331,8.65802,4.31298,8.82272,4.29101,3.75316,0.98396,4.59321,6.93337,2.31531,0.84609,8.49902,0.87993,5.72164
265.01,9.77964,9.44794,6.91377,7.88231,4.53623,5.2624,8.66478,4.30037,8.83215,4.27832,3.73964,0.98009,4.58049,6.93773,2.29702,0.84451,8.49373,0.87813,5.71773
266.01,9.7808,9.44842,6.90355,7.87626,4.51674,5.2621,8.6618,4.27946,8.83185,4.25796,3.71909,0.97524,4.55975,6.93272,2.27414,0.85966,8.47862,0.89296,5.70495
267.01,9.77453,9.44157,6.88722,7.86365,4.49294,5.24772,8.65181,4.25419,8.82453,4.23352,3.69492,0.97015,4.53466,6.92166,2.24934,0.8567,8.46569,0.88971,5.68685
268.01,9.75574,9.42246,6.86149,7.84952,4.46306,5.22617,8.63051,4.22316,8.80565,4.20341,3.66584,0.96475,4.50343,6.90123,2.22206,0.85361,8.43232,0.8862,5.66101
269.01,9.7231,9.38141,6.82053,7.80838,4.42431,5.19371,8.59815,4.19429,8.76651,4.16515,3.63966,0.9589,4.46325,6.86552,2.19156,0.85041,8.37975,0.88234,5.63223
270.01,9.86659,9.53207,6.9473,7.93662,4.51533,5.29259,8.7334,4.27441,8.91343,4.25112,3.70527,0.97396,4.55429,6.99531,2.23509,0.84077,8.50647,0.87669,5.73489
271.01,9.8832,9.54804,6.95226,7.9461,4.50866,5.29728,8.746,4.26623,8.92879,4.24316,3.69574,0.97107,4.54653,7.00558,2.22009,0.83034,8.50701,0.87603,5.73636
272.01,9.89977,9.56396,6.95713,7.95552,4.50192,5.30188,8.75854,4.25784,8.94408,4.2351,3.68606,0.96803,4.53867,7.01582,2.2051,0.82183,8.50756,0.87489,5.73776
273.01,9.91631,9.57985,6.96192,7.96494,4.49511,5.31552,8.77105,4.24933,8.95933,4.22694,3.67625,0.96509,4.53071,7.02602,2.19011,0.83212,8.50806,0.89113,5.73906
274.01,9.93288,9.59566,6.96663,7.97431,4.48819,5.31995,8.78357,4.24079,8.97457,4.2187,3.66645,0.96229,4.52267,7.03619,2.17514,0.826,8.5176,0.88967,5.74038
275.01,9.94941,9.61143,6.97125,7.99264,4.48119,5.32435,8.80503,4.24284,8.98979,4.21053,3.65653,0.95961,4.51453,7.04632,2.16022,0.82127,8.51788,0.88833,5.74157
276.01,9.97485,9.62717,6.97589,8.0018,4.47409,5.32872,8.81736,4.23369,9.00497,4.20221,3.6561,0.95703,4.50631,7.05644,2.14561,0.81444,8.5181,0.88708,5.75181
277.01,9.99124,9.64287,6.98043,8.01089,4.46688,5.33303,8.82964,4.22435,9.02011,4.20338,3.64576,0.9551,4.49808,7.06661,2.13087,0.82307,8.51825,0.88571,5.75273
278.01,10.00759,9.65854,6.99395,8.01993,4.45958,5.33727,8.84186,4.21482,9.03522,4.19474,3.6353,0.95267,4.48982,7.08574,2.12855,0.83096,8.51833,0.8841,5.75355
279.01,10.02391,9.67416,6.99822,8.0289,4.45219,5.34151,8.85403,4.20507,9.0503,4.18599,3.62473,0.96763,4.49097,7.09572,2.11363,0.83801,8.51831,0.88249,5.75428
280.01,10.04018,9.68973,7.00242,8.03776,4.4447,5.34574,8.86612,4.19506,9.06533,4.17714,3.61404,0.96493,4.48236,7.10566,2.0988,0.84265,8.51823,0.87931,5.75491
281.01,10.05638,9.70527,7.00653,8.04657,4.43712,5.34993,8.87815,4.18482,9.08033,4.16819,3.60317,0.96235,4.47366,7.11557,2.08399,0.8482,8.51811,0.87575,5.75542
282.01,10.06665,9.71478,7.00434,8.04915,4.42404,5.34832,8.88404,4.16879,9.08922,4.15384,3.58746,0.95911,4.45943,7.11929,2.06609,0.85295,8.51168,0.87179,5.74989
283.01,10.06726,9.71458,6.99259,8.04201,4.40321,5.33818,8.88017,4.14465,9.08838,4.13195,3.56503,0.95481,4.43728,7.11354,2.04405,0.85622,8.49535,0.86736,5.73549
284.01,10.06033,9.70696,6.97469,8.02813,4.3782,5.32308,8.8692,4.11631,9.08038,4.10615,3.53921,0.94754,4.41083,7.10162,2.02043,0.85641,8.47206,0.86282,5.71577
285.01,10.04054,9.68682,6.9473,8.00348,4.35665,5.30072,8.84654,4.08228,9.06053,4.07488,3.50879,0.93922,4.37845,7.08012,1.99485,0.85675,8.43754,0.8582,5.68822
286.01,9.99716,9.64402,6.90446,7.96059,4.31694,5.26726,8.80341,4.0403,9.01979,4.0358,3.47196,0.93066,4.33747,7.04288,1.96666,0.85855,8.38382,0.85342,5.64855
287.01,10.15064,9.79547,7.03125,8.09854,4.3956,5.37617,8.94855,4.12696,9.16771,4.11895,3.54337,0.94309,4.42589,7.17397,2.00484,0.87205,8.5193,0.86466,5.75993
288.01,10.16659,9.81071,7.03478,8.10692,4.38739,5.38014,8.96022,4.1153,9.18248,4.10931,3.53183,0.93769,4.41657,7.18361,1.99022,0.87334,8.51875,0.86218,5.7598
289.01,10.18251,9.8259,7.03821,8.11526,4.37913,5.38408,8.97185,4.10346,9.19721,4.09954,3.52023,0.93298,4.40716,7.1932,1.97558,0.87541,8.51812,0.86004,5.75959
290.01,10.19843,9.84105,7.04152,8.12354,4.37091,5.38798,8.98344,4.09145,9.2119,4.08971,3.50858,0.92845,4.39767,7.20271,1.96094,0.87656,8.51744,0.85821,5.75935
291.01,10.21433,9.85615,7.04476,8.13176,4.37211,5.39185,8.99498,4.07923,9.22658,4.0798,3.49686,0.92389,4.388,7.21218,1.94637,0.87519,8.51668,0.85618,5.75902
292.01,10.23022,9.8712,7.04794,8.1399,4.36351,5.39568,9.00646,4.0668,9.24129,4.06979,3.48506,0.91945,4.37827,7.22163,1.93191,0.87356,8.51586,0.85402,5.75858
293.01,10.24608,9.88622,7.05104,8.14798,4.35483,5.39948,9.01788,4.05417,9.26494,4.05969,3.47319,0.91539,4.36847,7.23104,1.91752,0.87207,8.51498,0.85202,5.75805
294.01,10.26192,9.90126,7.05404,8.156,4.34605,5.40325,9.02924,4.04132,9.27949,4.04951,3.46125,0.91176,4.3586,7.24041,1.90318,0.87078,8.51402,0.85028,5.75741
295.01,10.27774,9.91624,7.05696,8.16395,4.33718,5.40699,9.04056,4.02826,9.29401,4.03922,3.44922,0.90838,4.34864,7.24973,1.88894,0.87013,8.513,0.84873,5.75668
296.01,10.29354,9.94013,7.05979,8.17184,4.32817,5.41069,9.05181,4.01501,9.30849,4.02882,3.43713,0.90518,4.33858,7.259,1.87471,0.86878,8.51192,0.84732,5.75589
297.01,10.30932,9.95495,7.06253,8.17965,4.31906,5.4145,9.063,4.00159,9.32293,4.01831,3.42498,0.90183,4.32844,7.26822,1.86049,0.86715,8.51077,0.84656,5.755
298.01,10.32507,9.96974,7.06518,8.18741,4.30987,5.41824,9.07414,3.98797,9.33731,4.00771,3.41277,0.89855,4.31819,7.27739,1.84633,0.86549,8.5096,0.84542,5.75401
299.01,10.33494,9.97855,7.06154,8.18893,4.29528,5.42524,9.07913,3.9687,9.3456,3.99189,3.39595,0.8949,4.30249,7.28036,1.82966,0.88105,8.50213,0.8612,5.74698
300.01,10.33517,9.97764,7.04833,8.18074,4.27297,5.41443,9.07439,3.9417,9.34417,3.96872,3.37269,0.89076,4.27904,7.27382,1.80961,0.87823,8.49391,0.8591,5.73102
301.01,10.32787,9.9692,7.02891,8.17478,4.24656,5.3986,9.06249,3.91077,9.33548,3.94175,3.3464,0.88647,4.2515,7.26099,1.7883,0.8751,8.46947,0.84386,5.70988
302.01,10.31639,9.94799,6.99991,8.14874,4.21445,5.3754,9.04761,3.88544,9.31467,3.90961,3.32566,0.88205,4.21825,7.23835,1.76536,0.87162,8.4338,0.83127,5.69004
303.01,10.27153,9.90342,6.95533,8.10407,4.17412,5.3409,9.00267,3.84155,9.27223,3.87987,3.28899,0.87744,4.1768,7.19952,1.74029,0.86787,8.37892,0.82042,5.64879
304.01,10.41678,10.05568,7.08164,8.23314,4.25954,5.44127,9.13918,3.9111,9.42132,3.94925,3.34597,0.89443,4.26176,7.33137,1.7726,0.86224,8.50452,0.81457,5.7498
305.01,10.43233,10.07016,7.0837,8.24045,4.24975,5.44479,9.14993,3.89629,9.43545,3.938,3.33343,0.87599,4.25091,7.34014,1.75894,0.86117,8.50293,0.80932,5.7482
306.01,10.44783,10.0846,7.08567,8.24776,4.23987,5.45737,9.16064,3.88137,9.44955,3.92665,3.32087,0.86023,4.23997,7.34885,1.74537,0.87753,8.50129,0.82214,5.74651
307.01,10.46336,10.09896,7.08755,8.25501,4.22992,5.46073,9.17135,3.86646,9.46364,3.91525,3.30842,0.84792,4.22895,7.35748,1.73191,0.87614,8.50874,0.81473,5.74485
308.01,10.47884,10.11328,7.08935,8.27123,4.21987,5.46406,9.191,3.8625,9.47769,3.90394,3.29595,0.83787,4.21784,7.36603,1.71855,0.87488,8.50689,0.82348,5.74307
309.01,10.50325,10.12756,7.09116,8.27827,4.20973,5.46735,9.20153,3.84703,9.49171,3.89248,3.29323,0.82958,4.20664,7.37453,1.70567,0.87374,8.50497,0.83181,5.75035
310.01,10.5186,10.14181,7.09286,8.28524,4.19948,5.47059,9.21201,3.83141,9.50569,3.8907,3.28052,0.82384,4.19545,7.38303,1.69273,0.87257,8.50299,0.83921,5.74832
311.01,10.53392,10.15601,7.10357,8.29215,4.18915,5.47377,9.22244,3.81564,9.51964,3.8789,3.26779,0.81428,4.18425,7.40045,1.69405,0.87109,8.50094,0.84378,5.74619
312.01,10.5492,10.17017,7.105,8.29898,4.17872,5.47694,9.23282,3.79972,9.53355,3.867,3.25503,0.84071,4.18263,7.40866,1.68102,0.86958,8.49878,0.84924,5.74397
313.01,10.56443,10.18428,7.10635,8.30571,4.16821,5.48014,9.24315,3.7836,9.54742,3.855,3.24226,0.84888,4.17107,7.41678,1.66814,0.86825,8.49658,0.85436,5.74164
314.01,10.5796,10.19835,7.1076,8.31239,4.15761,5.48332,9.25343,3.7673,9.56125,3.84289,3.22937,0.8563,4.15943,7.4248,1.65536,0.86707,8.49433,0.85849,5.73917
315.01,10.59473,10.21236,7.10876,8.31902,4.14692,5.48642,9.26368,3.7509,9.57505,3.83063,3.21648,0.86095,4.14771,7.43272,1.64264,0.86601,8.49202,0.85973,5.73663
316.01,10.60405,10.22045,7.10358,8.31939,4.13108,5.48366,9.26783,3.72913,9.5828,3.81333,3.19925,0.866,4.13064,7.43436,1.62763,0.86455,8.48336,0.86263,5.72806
317.01,10.60375,10.21885,7.08881,8.30996,4.10761,5.47224,9.26221,3.6999,9.5808,3.78891,3.17592,0.86971,4.10593,7.42642,1.6098,0.86236,8.46477,0.86532,5.71058
318.01,10.59573,10.20965,7.06783,8.29367,4.0898,5.45576,9.24933,3.66703,9.57144,3.76088,3.14969,0.87215,4.07731,7.41212,1.59102,0.85971,8.43921,0.86426,5.68787
319.01,10.57434,10.18742,7.03721,8.2663,4.05677,5.43188,9.22435,3.62929,9.54982,3.72791,3.11955,0.87147,4.04327,7.38783,1.57099,0.85673,8.40246,0.86445,5.65735
320.01,10.52792,10.14118,6.99093,8.21999,4.01594,5.39659,9.17789,3.58486,9.51479,3.68801,3.08404,0.87112,4.00151,7.34697,1.54935,0.85351,8.3466,0.86392,5.61481
321.01,10.68289,10.29394,7.11677,8.35839,4.08794,5.50667,9.32405,3.65962,9.65558,3.76339,3.14695,0.88812,4.08296,7.4793,1.57757,0.86583,8.48079,0.87765,5.72395
322.01,10.69776,10.30765,7.11732,8.36456,4.0767,5.50958,9.334,3.64238,9.66914,3.75053,3.13398,0.88927,4.07066,7.48681,1.56549,0.86487,8.47805,0.87609,5.72083
323.01,10.7126,10.3213,7.11775,8.37067,4.06552,5.51245,9.34391,3.62505,9.68265,3.7376,3.12104,0.89048,4.05827,7.49425,1.55338,0.86401,8.47524,0.87518,5.71765
324.01,10.7274,10.33491,7.11811,8.37672,4.06394,5.51529,9.35376,3.60761,9.69615,3.7246,3.10811,0.89206,4.04572,7.50166,1.54141,0.86297,8.47236,0.87368,5.71437
325.01,10.74216,10.34848,7.1184,8.3827,4.05238,5.5181,9.36356,3.59008,9.70967,3.71152,3.09517,0.89262,4.0331,7.50908,1.52961,0.86175,8.46942,0.87259,5.711
326.01,10.75688,10.362,7.1186,8.3886,4.04074,5.52092,9.3733,3.57244,9.73215,3.69836,3.08224,0.89099,4.02043,7.51649,1.51795,0.86055,8.46641,0.87173,5.70753
327.01,10.77155,10.37555,7.11871,8.39444,4.02901,5.52371,9.383,3.55466,9.74551,3.6851,3.0693,0.88917,4.00768,7.52387,1.50644,0.85948,8.46334,0.87005,5.70397
328.01,10.78619,10.38902,7.11873,8.4002,4.0172,5.52648,9.39263,3.53678,9.75884,3.6718,3.05634,0.88742,3.99486,7.53124,1.49507,0.85852,8.4602,0.86793,5.70035
329.01,10.80077,10.41141,7.11865,8.4059,4.00525,5.52918,9.40221,3.51882,9.77213,3.6584,3.04337,0.88622,3.98196,7.53859,1.48372,0.85766,8.45699,0.86607,5.69667
330.01,10.81532,10.42474,7.11848,8.41152,3.99319,5.53197,9.41173,3.50077,9.78539,3.6449,3.03042,0.88508,3.96898,7.54592,1.47243,0.8573,8.45373,0.86533,5.69289
331.01,10.82983,10.43802,7.11822,8.41709,3.98108,5.5347,9.42119,3.48265,9.79858,3.63133,3.01748,0.8831,3.95591,7.55323,1.46125,0.85676,8.45044,0.86427,5.68903
332.01,10.84429,10.45125,7.11788,8.42263,3.9689,5.54656,9.43061,3.46445,9.81173,3.61767,3.00454,0.88065,3.94276,7.56052,1.4502,0.87355,8.44713,0.88038,5.68507
333.01,10.853,10.45858,7.11121,8.42194,3.95151,5.5433,9.434,3.44142,9.81887,3.5991,2.98754,0.87797,3.92442,7.56162,1.43751,0.87193,8.44664,0.87808,5.67515
334.01,10.85215,10.45625,7.09493,8.42049,3.92678,5.53133,9.42757,3.4113,9.8163,3.57368,2.96489,0.87513,3.89876,7.55316,1.42254,0.86974,8.42692,0.87527,5.65637
335.01,10.85249,10.44624,7.0724,8.40295,3.89829,5.51426,9.42277,3.38937,9.80627,3.54503,2.94956,0.87222,3.86938,7.53829,1.40683,0.86737,8.40025,0.87241,5.64151
336.01,10.83016,10.42298,7.04028,8.37421,3.86462,5.48963,9.39662,3.35141,9.78362,3.52173,2.92041,0.86893,3.83488,7.5133,1.39017,0.86377,8.36241,0.8693,5.6096
337.01,10.78209,10.37508,7.00164,8.32622,3.82366,5.4534,9.34853,3.30755,9.73807,3.48182,2.88638,0.86491,3.79318,7.4715,1.3882,0.85879,8.30556,0.8656,5.56581
338.01,10.92845,10.52837,7.11726,8.45544,3.90165,5.55479,9.48589,3.36378,9.88875,3.54204,2.93474,0.87686,3.87019,7.60449,1.3955,0.85253,8.42969,0.8606,5.66402
339.01,10.94263,10.54129,7.1163,8.46054,3.88891,5.56642,9.49494,3.34518,9.90165,3.52781,2.92185,0.87512,3.85649,7.61163,1.38526,0.86754,8.42594,0.87697,5.65945
340.01,10.95682,10.55414,7.11525,8.46558,3.8761,5.56884,9.50398,3.32672,9.91453,3.5135,2.90914,0.87354,3.84272,7.61876,1.37519,0.86494,8.43131,0.87567,5.65492
341.01,10.97096,10.56693,7.11411,8.4796,3.86322,5.57123,9.52198,3.31986,9.92738,3.49931,2.89645,0.87208,3.82887,7.62585,1.36527,0.86276,8.42735,0.87448,5.65029
342.01,10.99402,10.57969,7.11299,8.48441,3.85026,5.57359,9.53081,3.30102,9.94019,3.48498,2.89378,0.87075,3.81494,7.63295,1.35598,0.86087,8.42332,0.87341,5.6548
343.01,11.00802,10.59241,7.11175,8.48916,3.83719,5.57589,9.5396,3.28215,9.95297,3.48061,2.88091,0.87011,3.80104,7.6401,1.34654,0.85896,8.41923,0.87221,5.64995
344.01,11.02198,10.6051,7.11954,8.49383,3.82404,5.5781,9.54834,3.26324,9.9657,3.46596,2.86806,0.86901,3.78714,7.65624,1.35341,0.85674,8.41508,0.87077,5.645
345.01,11.0359,10.61773,7.11802,8.49844,3.81081,5.5803,9.55702,3.2443,9.9784,3.45125,2.85523,0.8853,3.78308,7.66323,1.34389,0.85463,8.41082,0.86935,5.63997
346.01,11.04976,10.63031,7.11641,8.50294,3.7975,5.58254,9.5656,3.22524,9.99106,3.43646,2.84241,0.88388,3.76884,7.6702,1.33457,0.85286,8.4065,0.86809,5.63483
347.01,11.06356,10.64285,7.11471,8.50738,3.78411,5.58476,9.57412,3.20612,10.00368,3.4216,2.8295,0.88257,3.75453,7.67714,1.3254,0.85127,8.40215,0.86697,5.62956
348.01,11.07733,10.65533,7.11291,8.51178,3.77063,5.58694,9.58259,3.18701,10.01626,3.40666,2.81662,0.88137,3.74015,7.68405,1.31634,0.84979,8.39773,0.86596,5.62421
349.01,11.09107,10.66777,7.11097,8.51611,3.75731,5.5891,9.59102,3.16792,10.0288,3.39166,2.8038,0.88006,3.7257,7.69091,1.30719,0.84848,8.39325,0.86505,5.61881
350.01,11.09907,10.67436,7.10271,8.51417,3.73881,5.58532,9.59338,3.14415,10.03536,3.37202,2.78709,0.87799,3.70615,7.69155,1.2966,0.84671,8.38239,0.86348,5.6074
351.01,11.09754,10.67133,7.08488,8.50241,3.72309,5.57277,9.58594,3.11397,10.03225,3.34588,2.76501,0.87526,3.67957,7.68261,1.28428,0.84417,8.36156,0.86109,5.58715
352.01,11.08814,10.66055,7.06081,8.48365,3.69382,5.55509,9.57108,3.0809,10.02163,3.3166,2.74048,0.87242,3.64953,7.6672,1.27142,0.8414,8.3338,0.85847,5.5617
353.01,11.06491,10.63629,7.02711,8.4536,3.6597,5.52987,9.54377,3.04401,10.0071,3.2831,2.7127,0.86938,3.61475,7.6415,1.25784,0.8385,8.29495,0.85567,5.52862
354.01,11.01532,10.58682,6.9778,8.40411,3.61881,5.493,9.49411,3.00201,9.96003,3.24382,2.68051,0.86603,3.57336,7.59859,1.24331,0.83541,8.23729,0.85261,5.48391
355.01,11.17112,10.74037,7.10172,8.54234,3.68218,5.60383,9.64075,3.06358,10.10218,3.30917,2.73498,0.8792,3.64591,7.73249,1.26457,0.84705,8.36978,0.865,5.58972
356.01,11.18456,10.75248,7.09917,8.54621,3.66831,5.6058,9.64878,3.0444,10.11447,3.29371,2.72224,0.87791,3.63101,7.73915,1.2562,0.85483,8.36487,0.86416,5.58373
357.01,11.19796,10.76456,7.09656,8.55,3.66432,5.60772,9.65677,3.02524,10.12673,3.27822,2.70952,0.87644,3.61595,7.74579,1.24796,0.84367,8.3599,0.86308,5.57767
358.01,11.21132,10.77658,7.09387,8.55372,3.65009,5.60959,9.6647,3.00608,10.13901,3.26267,2.69681,0.87502,3.60086,7.75242,1.23997,0.83177,8.35486,0.86185,5.57151
359.01,11.22464,10.78855,7.09108,8.55737,3.6358,5.61144,9.67257,2.98693,10.16026,3.24706,2.68413,0.87376,3.58574,7.75903,1.23215,0.8227,8.34976,0.86068,5.5653
360.01,11.23791,10.80055,7.08821,8.56094,3.62144,5.6133,9.68037,2.96775,10.17239,3.2314,2.67144,0.87262,3.57058,7.76562,1.22449,0.81571,8.34459,0.85964,5.55906
361.01,11.25113,10.81248,7.08524,8.56444,3.60702,5.61513,9.68811,2.94856,10.18448,3.21566,2.65874,0.87158,3.55536,7.77218,1.21701,0.81017,8.33936,0.85871,5.55274
362.01,11.26431,10.83333,7.08218,8.56787,3.59247,5.61693,9.69579,2.92941,10.19653,3.19984,2.64605,0.87062,3.54009,7.7787,1.2095,0.80589,8.33406,0.85786,5.54632
363.01,11.27745,10.84511,7.07901,8.57122,3.57784,5.61883,9.7034,2.91028,10.20854,3.18397,2.63337,0.86943,3.52476,7.7852,1.202,0.80112,8.3287,0.85764,5.53983
364.01,11.29054,10.85684,7.07575,8.5745,3.56317,5.62066,9.71096,2.89119,10.22049,3.16805,2.62072,0.86809,3.50935,7.79167,1.19463,0.81006,8.32333,0.857,5.53325
365.01,11.30359,10.86852,7.07243,8.57776,3.54847,5.63159,9.71848,2.87213,10.23239,3.15208,2.60809,0.86682,3.49388,7.79811,1.18745,0.8359,8.31794,0.87372,5.52659
366.01,11.31663,10.88015,7.06901,8.58098,3.53371,5.63328,9.72602,2.85343,10.24427,3.13606,2.5956,0.86567,3.47837,7.80452,1.18043,0.84304,8.32171,0.87264,5.51995
367.01,11.32401,10.88596,7.05925,8.58702,3.51411,5.62903,9.72746,2.83028,10.25021,3.11577,2.57952,0.86414,3.45807,7.80472,1.17233,0.84715,8.30975,0.86983,5.50732
368.01,11.33087,10.88218,7.03988,8.57407,3.48777,5.61598,9.7281,2.81365,10.24645,3.08943,2.56871,0.86205,3.43111,7.79528,1.16276,0.85165,8.28781,0.86607,5.49513
369.01,11.32077,10.87061,7.01439,8.5541,3.45812,5.59776,9.7122,2.782,10.23507,3.07051,2.54513,0.85978,3.40093,7.77929,1.15293,0.85546,8.25896,0.86202,5.46847
370.01,11.29662,10.84537,6.98847,8.52275,3.42401,5.57183,9.68371,2.74708,10.21063,3.03729,2.51861,0.85722,3.3664,7.75301,1.15942,0.85768,8.21911,0.85745,5.43433
371.01,11.24548,10.79435,6.93776,8.47178,3.38376,5.53417,9.63248,2.70784,10.16215,2.99891,2.48815,0.87016,3.33624,7.71808,1.14742,0.85657,8.16062,0.85273,5.3888
372.01,11.39245,10.94821,7.05098,8.60063,3.4524,5.64539,9.77007,2.75002,10.31394,3.04785,2.52756,0.86284,3.39303,7.84335,1.14795,0.87093,8.28286,0.86461,5.48315
373.01,11.40521,10.95951,7.04693,8.60343,3.43725,5.6469,9.77719,2.73151,10.32556,3.03151,2.51518,0.85987,3.37718,7.84957,1.14145,0.87525,8.28621,0.86252,5.47598
374.01,11.41792,10.97075,7.0428,8.61523,3.42205,5.64838,9.79329,2.72561,10.33714,3.01536,2.50282,0.85697,3.36129,7.85576,1.13513,0.87641,8.28017,0.86057,5.4687
375.01,11.43956,10.98195,7.03867,8.61782,3.4068,5.64983,9.80024,2.70687,10.34869,2.99911,2.5008,0.8544,3.34536,7.86194,1.12945,0.87799,8.27406,0.85875,5.47055
376.01,11.45213,10.99313,7.03443,8.62035,3.39147,5.65123,9.80712,2.68819,10.36019,2.99314,2.48823,0.85281,3.32951,7.86817,1.12352,0.88001,8.2679,0.85696,5.46299
377.01,11.46466,11.00425,7.03925,8.62281,3.37608,5.65253,9.81395,2.66957,10.37166,2.97669,2.47568,0.85087,3.3137,7.88339,1.1348,0.88064,8.26167,0.85503,5.45536
378.01,11.47714,11.01532,7.03473,8.62521,3.36065,5.65383,9.82071,2.65101,10.38308,2.96021,2.46314,0.8663,3.30809,7.88946,1.12858,0.87881,8.25533,0.85317,5.44764
379.01,11.48957,11.02635,7.03012,8.6275,3.34517,5.65515,9.82738,2.6324,10.39446,2.94372,2.45061,0.86411,3.29198,7.8955,1.12248,0.87728,8.24894,0.8515,5.43983
380.01,11.50194,11.03733,7.02542,8.62974,3.32966,5.65646,9.83399,2.61381,10.40581,2.92712,2.43798,0.86222,3.27584,7.90151,1.11648,0.8757,8.24251,0.85,5.43189
381.01,11.51427,11.04826,7.02061,8.63196,3.3141,5.65775,9.84055,2.59531,10.41711,2.91043,2.42538,0.8606,3.25967,7.9075,1.11053,0.87469,8.23602,0.8487,5.42389
382.01,11.52657,11.05913,7.01567,8.6341,3.29874,5.659,9.84706,2.57691,10.42837,2.89373,2.41282,0.85888,3.24346,7.91342,1.10435,0.87401,8.22947,0.84755,5.41584
383.01,11.53882,11.06997,7.01065,8.63618,3.28323,5.6602,9.85351,2.55858,10.43959,2.87709,2.40029,0.85689,3.22714,7.91931,1.09817,0.87239,8.22286,0.84626,5.40772
384.01,11.54546,11.07505,6.99934,8.632,3.27331,5.65541,9.85394,2.53645,10.44497,2.8564,2.38438,0.85452,3.20629,7.91899,1.09108,0.86952,8.20981,0.84437,5.39365
385.01,11.54264,11.07057,6.97844,8.61795,3.24667,5.64182,9.84458,2.50918,10.44065,2.83014,2.36387,0.85183,3.17922,7.90903,1.08276,0.86615,8.18678,0.84193,5.37089
386.01,11.53185,11.0582,6.95135,8.59685,3.21701,5.62307,9.82769,2.47974,10.43762,2.80135,2.34134,0.84908,3.14922,7.89245,1.07404,0.86315,8.15689,0.83944,5.34311
387.01,11.50682,11.03209,6.91479,8.56432,3.1833,5.59666,9.79809,2.44751,10.41229,2.76922,2.31616,0.84618,3.1153,7.86532,1.0648,0.86004,8.11611,0.83411,5.30803
388.01,11.45425,10.98862,6.86293,8.51208,3.14404,5.55842,9.74547,2.4117,10.36236,2.7326,2.28751,0.84303,3.07605,7.82037,1.05475,0.85647,8.05701,0.81975,5.26192
389.01,11.61047,11.13349,6.98397,8.64969,3.1971,5.66964,9.89215,2.46034,10.50543,2.78622,2.33301,0.85502,3.13805,7.95539,1.071,0.8686,8.18733,0.83036,5.36335
390.01,11.62242,11.144,6.97837,8.6513,3.19171,5.67063,9.89823,2.44242,10.5164,2.76945,2.32051,0.85341,3.1215,7.96108,1.06491,0.867,8.18029,0.82236,5.35481
391.01,11.63434,11.15446,6.9727,8.65283,3.17573,5.67158,9.90425,2.42458,10.52737,2.75271,2.30804,0.85697,3.10493,7.96676,1.05896,0.86535,8.17319,0.81555,5.3462
392.01,11.64621,11.16488,6.96693,8.65429,3.15973,5.6725,9.9102,2.4068,10.54732,2.73599,2.29561,0.84436,3.08839,7.97243,1.05307,0.86382,8.16603,0.81001,5.33751
393.01,11.65804,11.17533,6.96108,8.65567,3.1437,5.67344,9.91609,2.38903,10.55814,2.71926,2.28318,0.83365,3.07183,7.97806,1.04725,0.86247,8.1588,0.80575,5.32873
394.01,11.66982,11.18569,6.95514,8.65698,3.12764,5.67435,9.92193,2.3713,10.56892,2.70251,2.27073,0.82575,3.05526,7.98367,1.0415,0.86126,8.15151,0.79888,5.31988
395.01,11.68155,11.20499,6.94909,8.65822,3.11149,5.67522,9.9277,2.35366,10.57966,2.68574,2.25829,0.81958,3.03867,7.98925,1.03564,0.86015,8.14416,0.80772,5.31094
396.01,11.69324,11.21522,6.94296,8.65939,3.09528,5.67615,9.93343,2.3361,10.59035,2.66897,2.24589,0.81392,3.02205,7.99479,1.02961,0.85956,8.13674,0.8167,5.30193
397.01,11.70489,11.2254,6.93673,8.66052,3.07908,5.67702,9.93912,2.31863,10.60098,2.65222,2.23351,0.809,3.00539,8.0003,1.02357,0.85879,8.12932,0.82453,5.29285
398.01,11.71649,11.23554,6.9304,8.66163,3.06287,5.68704,9.94475,2.30125,10.61157,2.63549,2.22115,0.80184,2.9887,8.00579,1.01762,0.87538,8.12187,0.84694,5.28369
399.01,11.72808,11.24561,6.92399,8.6627,3.04665,5.68774,9.9504,2.28434,10.62213,2.61877,2.20895,0.81056,2.97201,8.01124,1.01183,0.8741,8.12365,0.85259,5.27456
400.01,11.73964,11.25561,6.91749,8.67278,3.03041,5.68841,9.95597,2.26729,10.63265,2.60227,2.19686,0.81888,2.9553,8.01667,1.00615,0.87295,8.11598,0.85786,5.26537
401.01,11.75462,11.25993,6.90471,8.66741,3.00987,5.68308,9.9645,2.26052,10.63731,2.58206,2.19234,0.82605,2.9344,8.01587,1.00004,0.87139,8.10186,0.86172,5.25954
402.01,11.75115,11.25473,6.88236,8.65217,2.9834,5.66888,9.95418,2.23544,10.6323,2.56742,2.17271,0.83016,2.90773,8.00544,0.9927,0.86924,8.07773,0.86191,5.23572
403.01,11.73966,11.2416,6.86309,8.62987,2.9542,5.64943,9.93629,2.20865,10.61953,2.53973,2.15131,0.83493,2.87849,7.98838,1.00235,0.86648,8.0468,0.86325,5.207
404.01,11.71374,11.21447,6.82515,8.59609,2.92139,5.62227,9.90557,2.17956,10.59333,2.50916,2.12755,0.8561,2.85658,7.96959,0.99365,0.86335,8.00507,0.86518,5.17118
405.01,11.65974,11.16056,6.77215,8.54249,2.88373,5.58325,9.85152,2.14747,10.54205,2.47476,2.10078,0.85793,2.81899,7.92363,0.98451,0.85994,7.94534,0.8634,5.12468
406.01,11.80701,11.31465,6.88201,8.67051,2.94151,5.69459,9.98905,2.17606,10.69455,2.51126,2.13068,0.85359,2.86406,8.04989,0.97973,0.87283,8.0745,0.87851,5.2142
407.01,11.81828,11.32435,6.8749,8.6801,2.92513,5.69499,10.00327,2.17386,10.70479,2.49492,2.11864,0.85501,2.84728,8.05511,0.97431,0.87179,8.06642,0.88065,5.20449
408.01,11.83847,11.33402,6.8678,8.68046,2.90873,5.69534,10.00832,2.1574,10.71499,2.47852,2.11745,0.85971,2.8305,8.06033,0.96958,0.87086,8.05827,0.88168,5.20398
409.01,11.84959,11.34364,6.86059,8.68074,2.89229,5.69562,10.0133,2.14109,10.72515,2.47288,2.10524,0.86145,2.81385,8.06559,0.96457,0.8699,8.05005,0.88013,5.194
410.01,11.86067,11.35322,6.86248,8.68096,2.87582,5.69583,10.01824,2.12492,10.73527,2.45635,2.09306,0.86354,2.79729,8.07985,0.97699,0.86861,8.04178,0.87869,5.18396
411.01,11.87171,11.36274,6.85499,8.68111,2.85935,5.69601,10.02315,2.10886,10.74534,2.43986,2.08088,0.88325,2.79143,8.08495,0.97173,0.86727,8.0334,0.87706,5.17384
412.01,11.88269,11.37224,6.84742,8.68114,2.84288,5.69616,10.02798,2.0928,10.75537,2.42341,2.06872,0.88402,2.77463,8.09002,0.96664,0.86611,8.02496,0.87601,5.16363
413.01,11.89361,11.38169,6.83981,8.68111,2.8264,5.69627,10.03275,2.0768,10.76536,2.40697,2.05645,0.88244,2.75783,8.09505,0.96176,0.86508,8.01649,0.87534,5.1533
414.01,11.9045,11.39108,6.8321,8.68103,2.80993,5.69631,10.03748,2.06089,10.7753,2.3905,2.04423,0.88139,2.74105,8.10006,0.95695,0.86415,8.00796,0.87386,5.14292
415.01,11.91535,11.40042,6.82426,8.68089,2.79373,5.6963,10.04216,2.04518,10.7852,2.37412,2.03209,0.87996,2.72427,8.10501,0.95199,0.86331,7.99938,0.87183,5.1325
416.01,11.92616,11.40971,6.81635,8.68067,2.77739,5.69622,10.04678,2.0296,10.79506,2.3578,2.01999,0.8788,2.7074,8.10991,0.94708,0.86238,7.99072,0.86984,5.12201
417.01,11.93693,11.41896,6.80837,8.68039,2.7717,5.69608,10.05134,2.01413,10.80494,2.34152,2.00792,0.87785,2.69058,8.11481,0.94245,0.86122,7.98201,0.86815,5.11145
418.01,11.94217,11.42256,6.79406,8.67382,2.75122,5.68988,10.04988,1.99579,10.80896,2.32197,1.99308,0.87561,2.66995,8.11349,0.93737,0.85955,7.96681,0.86611,5.09507
419.01,11.93807,11.41667,6.7702,8.65738,2.72532,5.67477,10.03863,1.97355,10.81234,2.29798,1.97447,0.87223,2.64409,8.10247,0.93164,0.85738,7.94162,0.8633,5.07022
420.01,11.92588,11.40287,6.7403,8.63391,2.697,5.65441,10.01978,1.94982,10.79886,2.27217,1.95427,0.86887,2.61594,8.08471,0.92579,0.85508,7.90968,0.86029,5.04061
421.01,11.89913,11.38388,6.70119,8.59896,2.66548,5.62628,9.98802,1.92425,10.77177,2.2439,1.93213,0.86576,2.58475,8.05617,0.91959,0.85257,7.86714,0.85718,5.00415
422.01,11.8438,11.32859,6.64739,8.54422,2.62971,5.58623,9.93274,1.89633,10.7191,2.21243,1.90743,0.86219,2.54954,8.00931,0.91284,0.84976,7.80696,0.85392,4.95747
423.01,12.00013,11.47355,6.76463,8.68068,2.68194,5.69691,10.07914,1.93333,10.8627,2.25408,1.94361,0.87441,2.59979,8.14511,0.9253,0.86175,7.9346,0.86594,5.05344
424.01,12.01061,11.4825,6.75606,8.67996,2.66546,5.69624,10.08331,1.91855,10.87229,2.23813,1.93168,0.8725,2.58309,8.1498,0.92143,0.85873,7.92547,0.86445,5.0424
425.01,12.02104,11.49141,6.7474,8.67918,2.64902,5.69549,10.08743,1.90388,10.89085,2.22225,1.91979,0.87084,2.56646,8.15447,0.9178,0.85592,7.91627,0.86303,5.0313
426.01,12.03142,11.50033,6.73865,8.67832,2.6326,5.69466,10.09149,1.88921,10.90028,2.20647,1.90791,0.86944,2.54987,8.15911,0.91441,0.85317,7.90701,0.86174,5.02012
427.01,12.04176,11.50918,6.72982,8.67739,2.61621,5.69374,10.09549,1.87459,10.90967,2.19073,1.89598,0.8682,2.53332,8.16371,0.91122,0.85072,7.89769,0.86056,5.00886
428.01,12.05206,11.52697,6.72089,8.67639,2.59974,5.69273,10.09943,1.86011,10.91901,2.17503,1.88409,0.86705,2.5168,8.16828,0.908,0.84865,7.8883,0.8595,4.99754
429.01,12.0623,11.53568,6.71187,8.67533,2.58323,5.69176,10.10335,1.84578,10.92831,2.1594,1.87226,0.86566,2.50031,8.17282,0.90472,0.8473,7.87886,0.85908,4.98615
430.01,12.07252,11.54433,6.70277,8.67419,2.56682,5.69067,10.10723,1.83155,10.93754,2.14381,1.86047,0.86416,2.48381,8.17732,0.90154,0.84579,7.8694,0.85826,4.9747
431.01,12.08269,11.55296,6.69357,8.67302,2.55047,5.6987,10.11106,1.81745,10.94673,2.1283,1.84873,0.86277,2.46733,8.18179,0.8986,0.86162,7.85993,0.8748,4.96318
432.01,12.09284,11.56154,6.6843,8.67183,2.53414,5.6973,10.1149,1.80395,10.95587,2.1129,1.83719,0.86152,2.4509,8.18623,0.89586,0.85971,7.85975,0.87357,4.95171
433.01,12.10298,11.57006,6.67493,8.67966,2.51785,5.69581,10.11867,1.79028,10.96499,2.09781,1.82579,0.86041,2.43452,8.19064,0.89329,0.85811,7.85006,0.87247,4.94018
434.01,12.12205,11.57853,6.66557,8.67824,2.5016,5.69421,10.13139,1.79205,10.97406,2.08279,1.82572,0.85941,2.41818,8.19502,0.89133,0.85666,7.8403,0.87148,4.93791
435.01,12.1266,11.58138,6.64989,8.67053,2.48172,5.68652,10.12903,1.77579,10.97733,2.07597,1.81159,0.85844,2.39839,8.19326,0.88867,0.85483,7.82403,0.86995,4.92043
436.01,12.12186,11.57477,6.63394,8.65293,2.45697,5.66984,10.11689,1.75627,10.97098,2.05395,1.79419,0.85645,2.37418,8.18174,0.9027,0.85203,7.79777,0.86744,4.89464
437.01,12.109,11.56014,6.6027,8.62826,2.43015,5.64789,10.09711,1.73558,10.95676,2.03035,1.77549,0.87155,2.35923,8.17246,0.89857,0.849,7.76481,0.86465,4.86425
438.01,12.08141,11.53123,6.56243,8.59209,2.40063,5.61819,10.06434,1.7133,10.92879,2.00477,1.75512,0.8685,2.3301,8.14318,0.89427,0.8459,7.72141,0.8617,4.82727
439.01,12.02474,11.47473,6.50785,8.53617,2.36754,5.57655,10.00782,1.68907,10.87483,1.97659,1.73254,0.86516,2.29757,8.09535,0.88966,0.8426,7.6608,0.85849,4.7805
440.01,12.17207,11.62879,6.61341,8.67195,2.41371,5.68619,10.15408,1.72136,11.02766,2.00137,1.75277,0.85909,2.3302,8.22224,0.88383,0.8548,7.787,0.87143,4.86394
441.01,12.19085,11.63698,6.6035,8.67007,2.39766,5.68383,10.15735,1.70823,11.03643,1.98684,1.75305,0.85819,2.31413,8.22642,0.88252,0.85366,7.77682,0.87053,4.86122
442.01,12.20054,11.64512,6.59348,8.66812,2.38164,5.68131,10.16057,1.69523,11.04516,1.98357,1.74168,0.85793,2.29833,8.23063,0.88091,0.85253,7.76658,0.86949,4.84897
443.01,12.2102,11.65322,6.5926,8.6661,2.36562,5.67864,10.16374,1.68236,11.05383,1.969,1.73037,0.85716,2.28267,8.24386,0.89671,0.85996,7.75628,0.8682,4.83667
444.01,12.21982,11.66127,6.58232,8.66401,2.34963,5.67586,10.16685,1.66964,11.06247,1.95454,1.71912,0.87376,2.27838,8.24791,0.89475,0.84818,7.74587,0.86691,4.82431
445.01,12.22938,11.66926,6.57195,8.66181,2.3337,5.67297,10.16988,1.6569,11.07105,1.94018,1.70793,0.87267,2.2625,8.25193,0.89294,0.83648,7.73541,0.86578,4.81186
446.01,12.23888,11.67721,6.56149,8.65955,2.31782,5.66994,10.17285,1.64418,11.07959,1.9259,1.69664,0.87169,2.24669,8.25591,0.89127,0.82782,7.72491,0.86478,4.7993
447.01,12.24836,11.68511,6.55094,8.65725,2.30201,5.66678,10.17578,1.63163,11.08809,1.91161,1.68546,0.87081,2.23094,8.25986,0.88965,0.82113,7.71436,0.86388,4.78669
448.01,12.2578,11.693,6.54027,8.65488,2.28661,5.66346,10.17867,1.61927,11.09653,1.89743,1.67434,0.86978,2.2153,8.26375,0.88646,0.81584,7.70374,0.86308,4.77406
449.01,12.26719,11.70084,6.52953,8.65245,2.27109,5.65999,10.1815,1.60703,11.10494,1.8834,1.66331,0.8685,2.1996,8.2676,0.88216,0.81131,7.69307,0.86208,4.76136
450.01,12.27655,11.70864,6.51873,8.64995,2.26687,5.65635,10.18428,1.59495,11.11336,1.86948,1.65236,0.86722,2.18396,8.27143,0.87817,0.80492,7.68233,0.86091,4.74861
451.01,12.28587,11.71639,6.50785,8.64738,2.25123,5.65255,10.18701,1.58302,11.12172,1.85567,1.64148,0.86611,2.16839,8.27524,0.87431,0.81301,7.67152,0.85975,4.73579
452.01,12.28976,11.71858,6.49068,8.63852,2.23239,5.64263,10.18372,1.56897,11.13331,1.83943,1.62854,0.86462,2.14979,8.27282,0.8704,0.82063,7.65419,0.85825,4.71733
453.01,12.28437,11.71134,6.46407,8.61976,2.20929,5.62373,10.17066,1.5522,11.12624,1.81989,1.61274,0.86258,2.1271,8.26064,0.86635,0.82698,7.62688,0.85623,4.69075
454.01,12.27084,11.70505,6.43164,8.59394,2.18437,5.5995,10.15,1.53454,11.11126,1.79905,1.59582,0.86038,2.1028,8.24165,0.86218,0.8305,7.593,0.85274,4.65974
455.01,12.24248,11.6753,6.39041,8.55677,2.15713,5.56749,10.11632,1.51576,11.08238,1.77658,1.57757,0.85768,2.07636,8.21169,0.85757,0.83465,7.54888,0.84871,4.62247
456.01,12.18462,11.61754,6.33534,8.49993,2.12689,5.52362,10.05877,1.49552,11.02709,1.75202,1.55761,0.85443,2.04707,8.16298,0.8527,0.83777,7.48798,0.84409,4.57598
457.01,12.34086,11.7624,6.44781,8.6348,2.1677,5.63077,10.20469,1.52293,11.17092,1.78314,1.58505,0.86671,2.08578,8.29924,0.86401,0.85293,7.61231,0.85464,4.66515
458.01,12.34989,11.76986,6.43638,8.63185,2.15242,5.62569,10.20712,1.51185,11.18801,1.77002,1.57464,0.86492,2.07066,8.30282,0.86181,0.85517,7.60108,0.85202,4.65192
459.01,12.35889,11.77735,6.42488,8.62882,2.13726,5.62038,10.20949,1.50073,11.19596,1.75702,1.56426,0.86219,2.05561,8.30637,0.8598,0.85642,7.58979,0.84986,4.63861
460.01,12.36784,11.78477,6.41329,8.62573,2.12216,5.61483,10.2118,1.48967,11.20386,1.74407,1.55387,0.85966,2.04069,8.30988,0.85792,0.86098,7.57844,0.84795,4.62524
461.01,12.37674,11.80114,6.40162,8.62257,2.10705,5.60904,10.21406,1.47876,11.21171,1.73119,1.54355,0.85718,2.02585,8.31335,0.85595,0.86198,7.56703,0.84613,4.61181
462.01,12.38559,11.80841,6.38986,8.61935,2.09191,5.60311,10.21627,1.46801,11.21952,1.71842,1.53336,0.85464,2.01108,8.31679,0.85393,0.86434,7.55556,0.84501,4.59832
463.01,12.39442,11.81565,6.37802,8.61606,2.07688,5.59689,10.21843,1.45741,11.22726,1.7058,1.52327,0.85229,1.99634,8.32019,0.85203,0.86681,7.54408,0.84364,4.58478
464.01,12.40321,11.82283,6.3661,8.61275,2.06199,5.59962,10.22053,1.44697,11.23494,1.69333,1.51327,0.85012,1.98167,8.32356,0.85031,0.8854,7.53258,0.85976,4.57118
465.01,12.41198,11.82996,6.35411,8.60942,2.04719,5.59272,10.22266,1.43725,11.24259,1.68097,1.50354,0.8481,1.9671,8.32689,0.84873,0.88363,7.53046,0.85813,4.55764
466.01,12.42071,11.83703,6.34204,8.61512,2.03247,5.58552,10.22471,1.42731,11.25021,1.66898,1.49401,0.84623,1.95262,8.33018,0.84731,0.8824,7.51873,0.85661,4.54405
467.01,12.4384,11.84405,6.32998,8.61157,2.01784,5.578,10.23573,1.43416,11.25777,1.65708,1.49671,0.84463,1.93822,8.33345,0.84649,0.88102,7.50694,0.85527,4.53981
468.01,12.44703,11.85105,6.31786,8.60794,2.00322,5.57015,10.23762,1.42415,11.2653,1.65698,1.48699,0.8438,1.92404,8.33677,0.85221,0.88023,7.49509,0.85398,4.52596
469.01,12.45027,11.85253,6.30874,8.59802,1.98578,5.55598,10.23351,1.41253,11.26707,1.64286,1.47552,0.8421,1.90741,8.33383,0.85533,0.87875,7.4767,0.85195,4.5066
470.01,12.44428,11.84461,6.28088,8.57819,1.96468,5.53277,10.21962,1.39878,11.25927,1.62598,1.4617,0.85713,1.89931,8.33014,0.84176,0.87557,7.4483,0.8493,4.47934
471.01,12.4301,11.82861,6.24733,8.55129,1.94213,5.50418,10.19804,1.38416,11.24351,1.6081,1.447,0.85417,1.8774,8.3105,0.83093,0.87172,7.41343,0.84661,4.44784
472.01,12.40093,11.79811,6.20524,8.51303,1.91772,5.46783,10.16337,1.36849,11.21373,1.5889,1.43114,0.85109,1.85373,8.27979,0.82161,0.86786,7.36857,0.84377,4.41034
473.01,12.34187,11.73927,6.1498,8.45525,1.8909,5.4198,10.10473,1.35162,11.1572,1.56792,1.41384,0.8478,1.8278,8.23016,0.8132,0.86422,7.30743,0.84072,4.3642
474.01,12.49809,11.89314,6.25013,8.58926,1.92607,5.52244,10.25039,1.376,11.31003,1.58308,1.43812,0.84102,1.8486,8.35735,0.8079,0.87717,7.42995,0.86003,4.44965
475.01,12.50642,11.89988,6.23748,8.5852,1.91197,5.51236,10.25192,1.36687,11.31723,1.58388,1.42898,0.84058,1.83509,8.36043,0.80184,0.87571,7.41768,0.84818,4.43542
476.01,12.51471,11.90658,6.23402,8.58108,1.89793,5.50199,10.25341,1.35788,11.32438,1.57272,1.41997,0.83964,1.82177,8.37253,0.82824,0.87377,7.40534,0.83681,4.42113
477.01,12.52296,11.91323,6.22111,8.57689,1.88399,5.49139,10.25485,1.34906,11.33148,1.56171,1.41108,0.85606,1.8208,8.37544,0.83632,0.87187,7.39289,0.82804,4.40679
478.01,12.53117,11.91983,6.20813,8.57259,1.87016,5.48061,10.25621,1.34022,11.33853,1.55085,1.40232,0.86228,1.80734,8.37831,0.84366,0.8703,7.38039,0.82127,4.39238
479.01,12.53933,11.92639,6.19512,8.56824,1.85644,5.46965,10.25751,1.33139,11.34553,1.54006,1.39346,0.85068,1.794,8.38115,0.84852,0.86892,7.36785,0.81592,4.37785
480.01,12.54746,11.9329,6.18207,8.56385,1.84282,5.45854,10.25878,1.32272,11.35249,1.52927,1.38469,0.84015,1.7808,8.38396,0.85414,0.86768,7.35526,0.81179,4.36329
481.01,12.55554,11.93936,6.1689,8.5594,1.82967,5.44731,10.26001,1.31424,11.35939,1.51862,1.37607,0.83182,1.76771,8.38669,0.85909,0.86654,7.3426,0.80594,4.34871
482.01,12.56359,11.94582,6.15567,8.55488,1.8164,5.43597,10.26119,1.30594,11.36625,1.50814,1.36759,0.82451,1.75459,8.38939,0.8631,0.86532,7.32989,0.81453,4.33409
483.01,12.57159,11.95225,6.1424,8.55031,1.81542,5.42455,10.26232,1.29779,11.37312,1.49781,1.35922,0.81841,1.74154,8.39206,0.86454,0.86391,7.3171,0.82251,4.31941
484.01,12.57958,11.95864,6.12905,8.54566,1.80213,5.41307,10.26339,1.28982,11.37993,1.48764,1.35103,0.81376,1.72864,8.39472,0.8667,0.86249,7.30425,0.82969,4.30468
485.01,12.58752,11.96503,6.11563,8.54095,1.78894,5.40156,10.26442,1.28183,11.3957,1.47761,1.34289,0.80763,1.71593,8.39734,0.87102,0.86122,7.29134,0.83426,4.28988
486.01,12.59012,11.96589,6.09599,8.52993,1.77341,5.38416,10.25945,1.27235,11.39669,1.46584,1.3332,0.81597,1.701,8.39372,0.87121,0.8596,7.27188,0.83949,4.26972
487.01,12.58352,11.96637,6.06711,8.50901,1.75467,5.35816,10.24469,1.26114,11.38812,1.45171,1.3215,0.82331,1.68309,8.38031,0.87187,0.85746,7.24249,0.84373,4.24192
488.01,12.56872,11.9497,6.03268,8.48108,1.73464,5.32723,10.22226,1.24936,11.37156,1.43676,1.30918,0.82941,1.66412,8.36002,0.87206,0.85517,7.20674,0.84678,4.21012
489.01,12.53884,11.91842,5.99002,8.44187,1.71312,5.28917,10.18672,1.23687,11.34085,1.42079,1.29603,0.83238,1.64367,8.32861,0.87048,0.85243,7.16123,0.84659,4.17273
490.01,12.47871,11.85847,5.93461,8.38331,1.68968,5.24951,10.12713,1.22345,11.28304,1.40349,1.28176,0.83582,1.6214,8.27816,0.86626,0.86713,7.09999,0.8648,4.12731
491.01,12.63475,12.00312,6.04131,8.51617,1.72045,5.33913,10.27233,1.24461,11.43582,1.42706,1.30302,0.85172,1.65033,8.41454,0.87891,0.86096,7.2202,0.86244,4.20829
492.01,12.64242,12.00922,6.02739,8.51103,1.70798,5.32754,10.27302,1.23724,11.4422,1.41783,1.29554,0.85636,1.63834,8.41691,0.87769,0.85982,7.20685,0.86351,4.19314
493.01,12.65005,12.01527,6.01339,8.50583,1.69561,5.31595,10.2737,1.22988,11.44852,1.40865,1.28807,0.85908,1.62646,8.41924,0.87655,0.8588,7.19345,0.8652,4.17793
494.01,12.65763,12.03027,5.99932,8.50058,1.68323,5.30437,10.27437,1.22264,11.4548,1.39952,1.2807,0.86029,1.61471,8.42154,0.87586,0.85789,7.17998,0.86736,4.16267
495.01,12.66517,12.03619,5.98516,8.49526,1.6709,5.29292,10.27499,1.21554,11.46103,1.3905,1.27347,0.86478,1.60311,8.4238,0.87425,0.85748,7.16645,0.869,4.14736
496.01,12.67267,12.04206,5.97093,8.48988,1.65875,5.28143,10.27556,1.20856,11.46719,1.38162,1.26637,0.8659,1.59153,8.42602,0.87181,0.85689,7.15292,0.86786,4.132
497.01,12.68017,12.04789,5.95663,8.48448,1.64676,5.27917,10.27608,1.2017,11.47329,1.37289,1.2594,0.8673,1.58005,8.4282,0.8696,0.87365,7.13938,0.88426,4.1166
498.01,12.68765,12.05368,5.94227,8.47906,1.63488,5.26756,10.27663,1.1955,11.47936,1.36434,1.25278,0.86931,1.56872,8.43035,0.8679,0.87252,7.13529,0.88275,4.10128
499.01,12.69509,12.05947,5.92783,8.4827,1.62312,5.25593,10.2771,1.18896,11.48538,1.35619,1.24635,0.87032,1.5575,8.43246,0.86655,0.8715,7.1215,0.88174,4.08593
500.01,12.7115,12.06521,5.91341,8.47707,1.61153,5.24429,10.28656,1.19973,11.49136,1.34812,1.25345,0.86899,1.54645,8.43453,0.86558,0.8706,7.10765,0.88114,4.08002
