time,Muttonpulao_02_small peptides absorbed,Cholebhature_01_small peptides absorbed,Curdrice_01_small peptides absorbed,Lemonrice_01_small peptides absorbed,Pasta_01_small peptides absorbed,Masaladosa_01_small peptides absorbed,Vegetable_Biryani_01_small peptides absorbed,Rice_01_small peptides absorbed,Paneer_01_small peptides absorbed,Milk_Chocolate_01_small peptides absorbed,Peanuts_01_small peptides absorbed,Curd_01_small peptides absorbed,Bread_Meal_01_small peptides absorbed,Chickensandwich_01_small peptides absorbed,Apple_Pineapplesalad_01_small peptides absorbed,Spinach_01_small peptides absorbed,Bread_Meal_02_small peptides absorbed,Orange_01_small peptides absorbed,Omelette_01_small peptides absorbed
1.01,5e-05,5e-05,3e-05,2e-05,0.0,3e-05,3e-05,0.0,8e-05,0.0,0.0,0.0,0.0,6e-05,1e-05,0.0,0.0,0.0,7e-05
2.01,0.00012,0.00013,0.0001,9e-05,1e-05,0.00011,0.00011,1e-05,0.00019,1e-05,2e-05,2e-05,1e-05,0.00016,5e-05,1e-05,1e-05,1e-05,0.00021
3.01,0.00016,0.00016,0.00016,0.00013,1e-05,0.00017,0.00015,1e-05,0.00026,4e-05,4e-05,6e-05,1e-05,0.00023,0.00011,3e-05,1e-05,1e-05,0.00029
4.01,0.00019,0.00018,0.00018,0.00017,2e-05,0.00022,0.00017,2e-05,0.00031,7e-05,6e-05,0.00012,2e-05,0.0003,0.00018,5e-05,2e-05,2e-05,0.00034
5.01,0.00022,0.0002,0.00019,0.0002,3e-05,0.00027,0.00018,3e-05,0.00038,0.00012,0.0001,0.00019,3e-05,0.00037,0.00024,8e-05,3e-05,3e-05,0.00039
6.01,0.00026,0.00025,0.0002,0.00022,4e-05,0.00031,0.00019,4e-05,0.00045,0.00016,0.00015,0.00026,4e-05,0.00043,0.00029,0.00012,4e-05,4e-05,0.00044
7.01,0.0003,0.0003,0.00021,0.00024,5e-05,0.00035,0.00023,5e-05,0.00051,0.00021,0.0002,0.00033,6e-05,0.00048,0.00033,0.00015,6e-05,4e-05,0.00053
8.01,0.00034,0.00035,0.00022,0.00026,7e-05,0.00038,0.00027,6e-05,0.00056,0.00025,0.00025,0.00039,7e-05,0.00053,0.00037,0.00019,7e-05,5e-05,0.00062
9.01,0.00038,0.00041,0.00024,0.00028,8e-05,0.00042,0.00031,7e-05,0.0006,0.0003,0.00031,0.00044,8e-05,0.00058,0.0004,0.00022,8e-05,6e-05,0.00068
10.01,0.00042,0.00047,0.00027,0.0003,9e-05,0.00045,0.00035,8e-05,0.00064,0.00034,0.00036,0.00047,0.0001,0.00063,0.00044,0.00025,0.0001,6e-05,0.00073
11.01,0.00046,0.00052,0.0003,0.00032,0.00011,0.00048,0.00039,9e-05,0.00068,0.00038,0.00042,0.0005,0.00011,0.00068,0.00047,0.00027,0.00011,7e-05,0.00076
12.01,0.0005,0.00055,0.00034,0.00033,0.00012,0.0005,0.00043,0.0001,0.0007,0.00042,0.00047,0.00052,0.00012,0.00072,0.0005,0.00029,0.00012,7e-05,0.00078
13.01,0.00053,0.00058,0.00037,0.00035,0.00013,0.00053,0.00047,0.00011,0.00073,0.00046,0.00052,0.00054,0.00013,0.00076,0.00054,0.00031,0.00013,8e-05,0.00081
14.01,0.00057,0.00059,0.00041,0.00036,0.00015,0.00055,0.0005,0.00012,0.00075,0.00049,0.00057,0.00055,0.00015,0.0008,0.00057,0.00033,0.00015,8e-05,0.00083
15.01,0.0006,0.0006,0.00044,0.00037,0.00016,0.00057,0.00052,0.00012,0.00077,0.00052,0.00062,0.00055,0.00016,0.00084,0.00061,0.00034,0.00016,9e-05,0.00085
16.01,0.00063,0.00061,0.00048,0.00039,0.00018,0.00058,0.00054,0.00013,0.00079,0.00055,0.00066,0.00056,0.00018,0.00087,0.00065,0.00035,0.00018,9e-05,0.00087
17.01,0.00066,0.00063,0.00052,0.00041,0.0002,0.0006,0.00056,0.00014,0.00081,0.00058,0.00071,0.00056,0.00019,0.0009,0.00068,0.00036,0.00019,0.0001,0.00089
18.01,0.00069,0.00064,0.00056,0.00043,0.00021,0.00061,0.00058,0.00015,0.00082,0.0006,0.00075,0.00056,0.00021,0.00093,0.00072,0.00037,0.00021,0.0001,0.00091
19.01,0.00073,0.00066,0.00058,0.00045,0.00023,0.00063,0.00059,0.00016,0.00084,0.00063,0.00079,0.00056,0.00022,0.00096,0.00076,0.00037,0.00022,0.00011,0.00093
20.01,0.00076,0.00068,0.0006,0.00048,0.00025,0.00064,0.00061,0.00017,0.00086,0.00064,0.00082,0.00057,0.00024,0.00099,0.00079,0.00038,0.00024,0.00011,0.00095
21.01,0.0008,0.00071,0.00062,0.00052,0.00027,0.00065,0.00064,0.00019,0.00089,0.00066,0.00086,0.00058,0.00026,0.00102,0.00082,0.00038,0.00026,0.00011,0.00097
22.01,0.00084,0.00074,0.00064,0.00056,0.00029,0.00067,0.00066,0.0002,0.00091,0.00068,0.00089,0.00059,0.00028,0.00105,0.00085,0.00039,0.00028,0.00012,0.00098
23.01,0.00088,0.00077,0.00065,0.0006,0.00031,0.00068,0.00068,0.00022,0.00093,0.00069,0.00092,0.00059,0.0003,0.00108,0.00087,0.00039,0.0003,0.00012,0.001
24.01,0.00092,0.0008,0.00066,0.00064,0.00033,0.00069,0.0007,0.00023,0.00094,0.0007,0.00095,0.0006,0.00032,0.0011,0.0009,0.00039,0.00032,0.00012,0.00101
25.01,0.00095,0.00082,0.00067,0.00067,0.00034,0.0007,0.00071,0.00024,0.00095,0.0007,0.00098,0.00061,0.00034,0.00113,0.00092,0.0004,0.00034,0.00013,0.00102
26.01,0.00097,0.00083,0.00067,0.00069,0.00036,0.0007,0.00072,0.00026,0.00096,0.0007,0.001,0.00061,0.00036,0.00115,0.00094,0.0004,0.00036,0.00013,0.00103
27.01,0.00098,0.00083,0.00068,0.00071,0.00037,0.00071,0.00072,0.00027,0.00096,0.00071,0.00102,0.00061,0.00038,0.00117,0.00096,0.0004,0.00038,0.00013,0.00104
28.01,0.00099,0.00083,0.00068,0.00073,0.00039,0.00072,0.00073,0.00028,0.00097,0.00071,0.00103,0.00061,0.00041,0.00119,0.00098,0.0004,0.0004,0.00013,0.00105
29.01,0.001,0.00084,0.00069,0.00075,0.0004,0.00072,0.00073,0.0003,0.00097,0.00071,0.00105,0.0006,0.00043,0.00121,0.00099,0.00039,0.00042,0.00013,0.00106
30.01,0.00101,0.00084,0.00069,0.00076,0.00042,0.00073,0.00074,0.00031,0.00098,0.00071,0.00106,0.0006,0.00045,0.00123,0.00101,0.00039,0.00044,0.00013,0.00107
31.01,0.00102,0.00085,0.0007,0.00078,0.00043,0.00074,0.00075,0.00032,0.00098,0.00071,0.00107,0.0006,0.00048,0.00124,0.00102,0.00039,0.00045,0.00013,0.00107
32.01,0.00103,0.00086,0.00071,0.0008,0.00045,0.00074,0.00076,0.00034,0.00099,0.00072,0.00109,0.0006,0.0005,0.00126,0.00103,0.00039,0.00047,0.00013,0.00108
33.01,0.00105,0.00087,0.00071,0.00081,0.00046,0.00075,0.00077,0.00035,0.00099,0.00072,0.0011,0.0006,0.00053,0.00127,0.00105,0.00039,0.00048,0.00013,0.00109
34.01,0.00107,0.00088,0.00072,0.00083,0.00047,0.00075,0.00078,0.00037,0.001,0.00072,0.00111,0.0006,0.00055,0.00129,0.00106,0.00038,0.0005,0.00013,0.0011
35.01,0.00108,0.00089,0.00072,0.00084,0.00048,0.00075,0.00079,0.00038,0.00101,0.00072,0.00112,0.0006,0.00057,0.0013,0.00107,0.00038,0.00051,0.00012,0.00111
36.01,0.0011,0.00091,0.00073,0.00086,0.00049,0.00076,0.0008,0.0004,0.00102,0.00072,0.00114,0.0006,0.00058,0.00132,0.00108,0.00038,0.00052,0.00012,0.00112
37.01,0.00112,0.00092,0.00073,0.00087,0.00049,0.00076,0.00081,0.00042,0.00103,0.00072,0.00115,0.0006,0.0006,0.00134,0.00109,0.00037,0.00053,0.00012,0.00113
38.01,0.00115,0.00094,0.00074,0.00089,0.0005,0.00076,0.00083,0.00044,0.00104,0.00072,0.00117,0.0006,0.00061,0.00135,0.0011,0.00037,0.00053,0.00012,0.00113
39.01,0.00118,0.00097,0.00074,0.0009,0.0005,0.00076,0.00084,0.00046,0.00105,0.00072,0.00119,0.00061,0.00061,0.00137,0.00111,0.00036,0.00054,0.00012,0.00114
40.01,0.00121,0.00099,0.00074,0.0009,0.0005,0.00076,0.00085,0.00048,0.00106,0.00072,0.00121,0.00061,0.00061,0.00139,0.00111,0.00036,0.00054,0.00012,0.00115
41.01,0.00123,0.00101,0.00075,0.00091,0.0005,0.00076,0.00086,0.00051,0.00107,0.00072,0.00123,0.00061,0.00061,0.00141,0.00112,0.00035,0.00055,0.00012,0.00115
42.01,0.00124,0.00102,0.00075,0.00091,0.0005,0.00076,0.00086,0.00053,0.00107,0.00072,0.00124,0.00062,0.0006,0.00142,0.00113,0.00035,0.00055,0.00012,0.00116
43.01,0.00124,0.00101,0.00075,0.00091,0.0005,0.00076,0.00086,0.00055,0.00107,0.00073,0.00124,0.00062,0.0006,0.00144,0.00114,0.00034,0.00055,0.00011,0.00116
44.01,0.00123,0.00101,0.00075,0.0009,0.0005,0.00076,0.00086,0.00057,0.00107,0.00073,0.00124,0.00061,0.00059,0.00145,0.00114,0.00034,0.00055,0.00011,0.00116
45.01,0.00123,0.001,0.00075,0.0009,0.0005,0.00076,0.00086,0.00059,0.00107,0.00073,0.00124,0.00061,0.00058,0.00146,0.00115,0.00033,0.00055,0.00011,0.00116
46.01,0.00123,0.001,0.00075,0.0009,0.0005,0.00076,0.00086,0.0006,0.00107,0.00073,0.00125,0.00061,0.00058,0.00147,0.00115,0.00033,0.00055,0.00011,0.00117
47.01,0.00123,0.001,0.00075,0.00089,0.00049,0.00076,0.00086,0.00062,0.00107,0.00073,0.00125,0.0006,0.00057,0.00148,0.00116,0.00032,0.00055,0.0001,0.00117
48.01,0.00123,0.001,0.00075,0.00089,0.00049,0.00075,0.00086,0.00063,0.00107,0.00073,0.00125,0.0006,0.00056,0.00149,0.00116,0.00032,0.00055,0.0001,0.00117
49.01,0.00124,0.00101,0.00075,0.00089,0.00049,0.00075,0.00087,0.00064,0.00107,0.00074,0.00125,0.0006,0.00056,0.0015,0.00117,0.00031,0.00055,0.0001,0.00117
50.01,0.00124,0.00101,0.00075,0.00089,0.00049,0.00075,0.00087,0.00065,0.00108,0.00074,0.00125,0.00059,0.00055,0.00151,0.00117,0.0003,0.00055,0.0001,0.00118
51.01,0.00125,0.00102,0.00075,0.00089,0.00049,0.00075,0.00087,0.00066,0.00108,0.00074,0.00126,0.00059,0.00055,0.00152,0.00117,0.0003,0.00055,9e-05,0.00118
52.01,0.00126,0.00103,0.00075,0.00089,0.00049,0.00075,0.00088,0.00067,0.00108,0.00074,0.00127,0.00059,0.00054,0.00153,0.00118,0.00029,0.00055,9e-05,0.00118
53.01,0.00127,0.00103,0.00075,0.00089,0.00049,0.00074,0.00088,0.00068,0.00109,0.00075,0.00128,0.00059,0.00054,0.00154,0.00118,0.00029,0.00055,9e-05,0.00118
54.01,0.00128,0.00104,0.00075,0.00089,0.00049,0.00074,0.00089,0.00069,0.0011,0.00075,0.00129,0.00059,0.00053,0.00155,0.00118,0.00028,0.00056,9e-05,0.00119
55.01,0.0013,0.00106,0.00075,0.00089,0.00049,0.00074,0.0009,0.0007,0.0011,0.00075,0.0013,0.00059,0.00053,0.00156,0.00118,0.00027,0.00056,9e-05,0.00119
56.01,0.00131,0.00107,0.00075,0.00089,0.00048,0.00074,0.0009,0.0007,0.00111,0.00076,0.00132,0.00059,0.00052,0.00157,0.00119,0.00027,0.00056,8e-05,0.00119
57.01,0.00133,0.00109,0.00074,0.00089,0.00048,0.00073,0.0009,0.00071,0.00111,0.00076,0.00134,0.00059,0.00052,0.00158,0.00119,0.00026,0.00056,8e-05,0.00119
58.01,0.00134,0.00109,0.00074,0.00088,0.00048,0.00073,0.0009,0.00071,0.00112,0.00076,0.00135,0.00059,0.00051,0.00159,0.00119,0.00026,0.00056,8e-05,0.00119
59.01,0.00134,0.00109,0.00074,0.00088,0.00048,0.00073,0.0009,0.00071,0.00112,0.00076,0.00135,0.00059,0.00051,0.0016,0.00119,0.00025,0.00056,8e-05,0.00119
60.01,0.00133,0.00108,0.00074,0.00087,0.00048,0.00073,0.0009,0.00072,0.00112,0.00076,0.00135,0.00059,0.0005,0.00161,0.00119,0.00024,0.00056,8e-05,0.00119
61.01,0.00132,0.00107,0.00074,0.00087,0.00048,0.00072,0.00089,0.00072,0.00112,0.00077,0.00135,0.00058,0.0005,0.00162,0.00119,0.00024,0.00056,7e-05,0.00119
62.01,0.00131,0.00107,0.00074,0.00086,0.00048,0.00072,0.00089,0.00072,0.00112,0.00077,0.00134,0.00058,0.0005,0.00162,0.00119,0.00023,0.00056,7e-05,0.00119
63.01,0.00131,0.00106,0.00074,0.00086,0.00048,0.00072,0.00088,0.00072,0.00111,0.00077,0.00134,0.00057,0.0005,0.00163,0.00119,0.00023,0.00057,7e-05,0.00119
64.01,0.0013,0.00106,0.00074,0.00085,0.00048,0.00071,0.00088,0.00072,0.00112,0.00077,0.00134,0.00057,0.00049,0.00163,0.00119,0.00022,0.00057,7e-05,0.00119
65.01,0.0013,0.00106,0.00074,0.00085,0.00048,0.00071,0.00088,0.00072,0.00112,0.00078,0.00134,0.00057,0.00049,0.00164,0.00119,0.00022,0.00057,7e-05,0.00119
66.01,0.0013,0.00106,0.00074,0.00084,0.00048,0.00071,0.00088,0.00072,0.00112,0.00078,0.00134,0.00056,0.00049,0.00164,0.00119,0.00021,0.00057,6e-05,0.00119
67.01,0.0013,0.00106,0.00074,0.00084,0.00048,0.00071,0.00088,0.00073,0.00112,0.00078,0.00134,0.00056,0.00049,0.00165,0.00119,0.00021,0.00057,6e-05,0.00119
68.01,0.0013,0.00106,0.00073,0.00083,0.00049,0.0007,0.00088,0.00073,0.00112,0.00079,0.00134,0.00055,0.00049,0.00165,0.00119,0.0002,0.00057,6e-05,0.00119
69.01,0.00131,0.00106,0.00073,0.00083,0.00049,0.0007,0.00088,0.00073,0.00113,0.00079,0.00134,0.00055,0.00049,0.00166,0.00119,0.00019,0.00057,6e-05,0.00119
70.01,0.00131,0.00107,0.00073,0.00083,0.00049,0.0007,0.00088,0.00073,0.00113,0.00079,0.00135,0.00055,0.00049,0.00166,0.00119,0.00019,0.00058,6e-05,0.00119
71.01,0.00132,0.00108,0.00073,0.00083,0.00049,0.0007,0.00088,0.00073,0.00114,0.0008,0.00135,0.00054,0.00049,0.00167,0.00119,0.00018,0.00058,6e-05,0.00119
72.01,0.00133,0.00108,0.00073,0.00082,0.00049,0.0007,0.00089,0.00073,0.00114,0.0008,0.00136,0.00054,0.00049,0.00168,0.00118,0.00018,0.00058,5e-05,0.00119
73.01,0.00134,0.00109,0.00073,0.00082,0.00049,0.00069,0.00089,0.00073,0.00115,0.0008,0.00137,0.00054,0.00049,0.00169,0.00118,0.00017,0.00058,5e-05,0.00119
74.01,0.00135,0.0011,0.00073,0.00082,0.00049,0.00069,0.00089,0.00073,0.00115,0.0008,0.00138,0.00054,0.00049,0.0017,0.00118,0.00017,0.00058,5e-05,0.00119
75.01,0.00135,0.0011,0.00073,0.00082,0.00049,0.00069,0.00089,0.00073,0.00116,0.00081,0.00138,0.00053,0.00049,0.0017,0.00118,0.00017,0.00058,5e-05,0.00119
76.01,0.00134,0.00109,0.00073,0.00081,0.00049,0.00069,0.00088,0.00072,0.00116,0.00081,0.00137,0.00053,0.00049,0.00171,0.00118,0.00016,0.00058,5e-05,0.00119
77.01,0.00133,0.00108,0.00073,0.00081,0.00049,0.00068,0.00088,0.00071,0.00116,0.00081,0.00137,0.00053,0.00049,0.00172,0.00118,0.00016,0.00058,5e-05,0.00119
78.01,0.00132,0.00107,0.00073,0.0008,0.00049,0.00068,0.00087,0.0007,0.00115,0.00081,0.00136,0.00052,0.00049,0.00172,0.00118,0.00015,0.00058,5e-05,0.00118
79.01,0.00131,0.00107,0.00073,0.0008,0.0005,0.00068,0.00087,0.00069,0.00115,0.00081,0.00135,0.00052,0.0005,0.00172,0.00117,0.00015,0.00058,4e-05,0.00118
80.01,0.0013,0.00106,0.00073,0.0008,0.0005,0.00068,0.00087,0.00069,0.00115,0.00082,0.00134,0.00051,0.0005,0.00173,0.00117,0.00014,0.00058,4e-05,0.00118
81.01,0.0013,0.00106,0.00073,0.0008,0.0005,0.00068,0.00087,0.00068,0.00116,0.00082,0.00133,0.00051,0.0005,0.00173,0.00117,0.00014,0.00058,4e-05,0.00118
82.01,0.00129,0.00106,0.00073,0.00079,0.0005,0.00067,0.00086,0.00067,0.00116,0.00082,0.00132,0.0005,0.0005,0.00173,0.00117,0.00014,0.00058,4e-05,0.00118
83.01,0.00129,0.00105,0.00073,0.00079,0.0005,0.00067,0.00086,0.00067,0.00116,0.00082,0.00131,0.00049,0.0005,0.00173,0.00117,0.00013,0.00058,4e-05,0.00118
84.01,0.00129,0.00105,0.00073,0.00079,0.0005,0.00067,0.00086,0.00066,0.00116,0.00083,0.00131,0.00049,0.0005,0.00173,0.00116,0.00013,0.00058,4e-05,0.00118
85.01,0.00129,0.00105,0.00073,0.00079,0.0005,0.00067,0.00086,0.00066,0.00116,0.00083,0.0013,0.00048,0.0005,0.00174,0.00116,0.00013,0.00058,4e-05,0.00118
86.01,0.00129,0.00106,0.00073,0.00079,0.0005,0.00067,0.00086,0.00066,0.00117,0.00083,0.0013,0.00048,0.0005,0.00174,0.00116,0.00012,0.00059,4e-05,0.00118
87.01,0.00129,0.00106,0.00072,0.00078,0.0005,0.00066,0.00087,0.00065,0.00117,0.00083,0.0013,0.00047,0.0005,0.00174,0.00116,0.00012,0.00059,4e-05,0.00118
88.01,0.0013,0.00106,0.00072,0.00078,0.0005,0.00066,0.00087,0.00065,0.00118,0.00084,0.0013,0.00047,0.0005,0.00175,0.00115,0.00012,0.00059,3e-05,0.00118
89.01,0.0013,0.00107,0.00072,0.00078,0.00051,0.00066,0.00087,0.00065,0.00118,0.00084,0.0013,0.00046,0.0005,0.00175,0.00115,0.00011,0.00059,3e-05,0.00118
90.01,0.00131,0.00107,0.00072,0.00078,0.00051,0.00066,0.00087,0.00065,0.00119,0.00084,0.0013,0.00046,0.0005,0.00176,0.00115,0.00011,0.00059,3e-05,0.00118
91.01,0.00131,0.00107,0.00072,0.00078,0.00051,0.00066,0.00087,0.00064,0.00119,0.00084,0.0013,0.00046,0.0005,0.00176,0.00115,0.00011,0.00059,3e-05,0.00118
92.01,0.00131,0.00107,0.00072,0.00078,0.00051,0.00065,0.00087,0.00064,0.0012,0.00084,0.0013,0.00045,0.0005,0.00177,0.00114,0.0001,0.00059,3e-05,0.00118
93.01,0.0013,0.00106,0.00072,0.00078,0.00051,0.00065,0.00086,0.00063,0.0012,0.00084,0.00129,0.00045,0.0005,0.00177,0.00114,0.0001,0.00059,3e-05,0.00118
94.01,0.00129,0.00106,0.00072,0.00078,0.00051,0.00065,0.00086,0.00062,0.0012,0.00084,0.00128,0.00044,0.0005,0.00177,0.00114,0.0001,0.00059,3e-05,0.00117
95.01,0.00128,0.00105,0.00072,0.00078,0.00051,0.00065,0.00086,0.00062,0.0012,0.00085,0.00127,0.00044,0.0005,0.00177,0.00113,9e-05,0.00059,3e-05,0.00117
96.01,0.00127,0.00104,0.00072,0.00078,0.00051,0.00065,0.00086,0.00061,0.0012,0.00085,0.00126,0.00043,0.0005,0.00177,0.00113,9e-05,0.00059,3e-05,0.00117
97.01,0.00126,0.00104,0.00072,0.00077,0.00051,0.00064,0.00086,0.00061,0.0012,0.00085,0.00125,0.00042,0.0005,0.00177,0.00113,9e-05,0.00059,3e-05,0.00117
98.01,0.00126,0.00104,0.00072,0.00077,0.00051,0.00064,0.00086,0.0006,0.0012,0.00085,0.00124,0.00042,0.0005,0.00177,0.00113,9e-05,0.00059,3e-05,0.00117
99.01,0.00125,0.00104,0.00072,0.00077,0.00051,0.00064,0.00086,0.0006,0.0012,0.00085,0.00123,0.00041,0.0005,0.00177,0.00112,8e-05,0.00059,3e-05,0.00117
100.01,0.00125,0.00103,0.00072,0.00077,0.00051,0.00064,0.00086,0.0006,0.00121,0.00085,0.00122,0.00041,0.0005,0.00177,0.00112,8e-05,0.0006,3e-05,0.00117
101.01,0.00125,0.00103,0.00072,0.00077,0.00051,0.00063,0.00086,0.00059,0.00121,0.00086,0.00121,0.0004,0.00051,0.00177,0.00112,8e-05,0.0006,2e-05,0.00117
102.01,0.00125,0.00103,0.00072,0.00077,0.00051,0.00063,0.00086,0.00059,0.00121,0.00086,0.00121,0.00039,0.00051,0.00177,0.00111,8e-05,0.0006,2e-05,0.00117
103.01,0.00125,0.00104,0.00072,0.00077,0.00051,0.00063,0.00086,0.00059,0.00122,0.00086,0.0012,0.00039,0.00051,0.00177,0.00111,8e-05,0.0006,2e-05,0.00117
104.01,0.00125,0.00104,0.00072,0.00077,0.00051,0.00063,0.00086,0.00059,0.00122,0.00086,0.0012,0.00038,0.00051,0.00177,0.00111,7e-05,0.0006,2e-05,0.00117
105.01,0.00125,0.00104,0.00072,0.00077,0.00051,0.00063,0.00086,0.00059,0.00122,0.00086,0.0012,0.00038,0.00051,0.00177,0.0011,7e-05,0.0006,2e-05,0.00117
106.01,0.00125,0.00104,0.00072,0.00077,0.00051,0.00063,0.00086,0.00059,0.00123,0.00086,0.0012,0.00037,0.00051,0.00178,0.0011,7e-05,0.0006,2e-05,0.00117
107.01,0.00126,0.00105,0.00072,0.00077,0.00051,0.00062,0.00086,0.00059,0.00123,0.00086,0.0012,0.00037,0.00051,0.00178,0.0011,7e-05,0.0006,2e-05,0.00117
108.01,0.00126,0.00105,0.00072,0.00077,0.00051,0.00062,0.00086,0.00059,0.00124,0.00087,0.0012,0.00036,0.00051,0.00178,0.00109,6e-05,0.0006,2e-05,0.00117
109.01,0.00125,0.00104,0.00072,0.00077,0.00051,0.00062,0.00086,0.00058,0.00124,0.00087,0.0012,0.00036,0.00051,0.00179,0.00109,6e-05,0.00061,2e-05,0.00117
110.01,0.00125,0.00104,0.00072,0.00077,0.00051,0.00062,0.00086,0.00058,0.00124,0.00087,0.00119,0.00035,0.00051,0.00179,0.00108,6e-05,0.00061,2e-05,0.00117
111.01,0.00124,0.00103,0.00072,0.00077,0.00051,0.00061,0.00085,0.00057,0.00124,0.00087,0.00119,0.00035,0.00051,0.00179,0.00108,6e-05,0.00061,2e-05,0.00116
112.01,0.00123,0.00103,0.00072,0.00077,0.00051,0.00061,0.00085,0.00057,0.00124,0.00087,0.00118,0.00034,0.00051,0.00178,0.00108,6e-05,0.00061,2e-05,0.00116
113.01,0.00122,0.00103,0.00072,0.00077,0.00051,0.00061,0.00085,0.00056,0.00124,0.00087,0.00117,0.00033,0.00051,0.00178,0.00107,6e-05,0.00061,2e-05,0.00116
114.01,0.00122,0.00102,0.00072,0.00077,0.00051,0.00061,0.00085,0.00056,0.00124,0.00087,0.00116,0.00033,0.00051,0.00178,0.00107,5e-05,0.00061,2e-05,0.00116
115.01,0.00122,0.00102,0.00072,0.00077,0.00051,0.00061,0.00085,0.00055,0.00124,0.00087,0.00115,0.00032,0.00051,0.00178,0.00107,5e-05,0.00061,2e-05,0.00116
116.01,0.00121,0.00102,0.00072,0.00077,0.00051,0.00061,0.00085,0.00055,0.00124,0.00087,0.00114,0.00032,0.00051,0.00178,0.00106,5e-05,0.00061,2e-05,0.00116
117.01,0.00121,0.00102,0.00072,0.00077,0.00051,0.0006,0.00085,0.00055,0.00124,0.00088,0.00114,0.00031,0.00051,0.00178,0.00106,5e-05,0.00061,2e-05,0.00116
118.01,0.00121,0.00102,0.00072,0.00076,0.00051,0.0006,0.00085,0.00054,0.00125,0.00088,0.00113,0.0003,0.00051,0.00178,0.00105,5e-05,0.00061,2e-05,0.00116
119.01,0.00121,0.00102,0.00072,0.00076,0.00051,0.0006,0.00085,0.00054,0.00125,0.00088,0.00113,0.0003,0.00051,0.00177,0.00105,5e-05,0.00061,1e-05,0.00116
120.01,0.00121,0.00102,0.00072,0.00076,0.00051,0.0006,0.00085,0.00054,0.00125,0.00088,0.00113,0.00029,0.00051,0.00177,0.00105,5e-05,0.00061,1e-05,0.00116
121.01,0.00121,0.00102,0.00072,0.00076,0.00051,0.0006,0.00085,0.00054,0.00126,0.00088,0.00112,0.00029,0.00051,0.00177,0.00104,4e-05,0.00061,1e-05,0.00116
122.01,0.00121,0.00103,0.00072,0.00076,0.00051,0.0006,0.00085,0.00054,0.00126,0.00088,0.00112,0.00028,0.00051,0.00177,0.00104,4e-05,0.00061,1e-05,0.00116
123.01,0.00122,0.00103,0.00072,0.00076,0.00051,0.0006,0.00085,0.00053,0.00126,0.00088,0.00112,0.00028,0.00051,0.00177,0.00103,4e-05,0.00062,1e-05,0.00116
124.01,0.00122,0.00103,0.00072,0.00076,0.00051,0.00059,0.00085,0.00053,0.00126,0.00088,0.00112,0.00027,0.00051,0.00177,0.00103,4e-05,0.00062,1e-05,0.00116
125.01,0.00122,0.00103,0.00072,0.00076,0.00051,0.00059,0.00085,0.00053,0.00127,0.00088,0.00112,0.00027,0.00051,0.00178,0.00102,4e-05,0.00062,1e-05,0.00116
126.01,0.00122,0.00103,0.00072,0.00076,0.00051,0.00059,0.00085,0.00052,0.00127,0.00088,0.00112,0.00026,0.00051,0.00178,0.00102,4e-05,0.00062,1e-05,0.00116
127.01,0.00121,0.00102,0.00072,0.00076,0.00051,0.00059,0.00085,0.00051,0.00127,0.00088,0.00111,0.00026,0.00051,0.00178,0.00101,4e-05,0.00062,1e-05,0.00115
128.01,0.0012,0.00102,0.00072,0.00076,0.00051,0.00059,0.00085,0.00051,0.00127,0.00088,0.00111,0.00025,0.00051,0.00177,0.00101,4e-05,0.00062,1e-05,0.00115
129.01,0.0012,0.00102,0.00072,0.00076,0.00051,0.00059,0.00085,0.0005,0.00127,0.00088,0.0011,0.00024,0.00051,0.00177,0.00101,3e-05,0.00061,1e-05,0.00115
130.01,0.00119,0.00101,0.00072,0.00076,0.00051,0.00059,0.00085,0.0005,0.00127,0.00088,0.00109,0.00024,0.00051,0.00177,0.001,3e-05,0.00062,1e-05,0.00115
131.01,0.00119,0.00101,0.00072,0.00076,0.00051,0.00058,0.00085,0.00049,0.00127,0.00088,0.00108,0.00023,0.00051,0.00177,0.001,3e-05,0.00062,1e-05,0.00115
132.01,0.00119,0.00101,0.00072,0.00076,0.00051,0.00058,0.00085,0.00049,0.00127,0.00089,0.00107,0.00023,0.00051,0.00176,0.00099,3e-05,0.00062,1e-05,0.00115
133.01,0.00119,0.00101,0.00072,0.00076,0.00051,0.00058,0.00085,0.00048,0.00127,0.00089,0.00107,0.00022,0.00051,0.00176,0.00099,3e-05,0.00062,1e-05,0.00115
134.01,0.00119,0.00101,0.00072,0.00076,0.00051,0.00058,0.00085,0.00048,0.00127,0.00089,0.00106,0.00022,0.00051,0.00176,0.00098,3e-05,0.00062,1e-05,0.00115
135.01,0.00119,0.00101,0.00072,0.00076,0.00051,0.00058,0.00085,0.00048,0.00127,0.00089,0.00105,0.00021,0.00051,0.00175,0.00098,3e-05,0.00062,1e-05,0.00115
136.01,0.00119,0.00101,0.00072,0.00076,0.00051,0.00058,0.00085,0.00047,0.00127,0.00089,0.00105,0.00021,0.00051,0.00175,0.00097,3e-05,0.00062,1e-05,0.00115
137.01,0.00119,0.00101,0.00072,0.00076,0.00051,0.00058,0.00085,0.00047,0.00127,0.00089,0.00104,0.0002,0.00052,0.00175,0.00097,3e-05,0.00062,1e-05,0.00115
138.01,0.00119,0.00102,0.00072,0.00076,0.00051,0.00058,0.00085,0.00047,0.00128,0.00089,0.00104,0.0002,0.00052,0.00175,0.00096,3e-05,0.00062,1e-05,0.00115
139.01,0.00119,0.00102,0.00072,0.00076,0.00051,0.00058,0.00085,0.00046,0.00128,0.00089,0.00104,0.00019,0.00052,0.00175,0.00096,2e-05,0.00062,1e-05,0.00115
140.01,0.00119,0.00102,0.00071,0.00076,0.00051,0.00058,0.00085,0.00046,0.00128,0.00089,0.00104,0.00019,0.00052,0.00175,0.00096,2e-05,0.00062,1e-05,0.00115
141.01,0.0012,0.00102,0.00071,0.00076,0.00051,0.00058,0.00085,0.00046,0.00128,0.00089,0.00104,0.00018,0.00052,0.00175,0.00095,2e-05,0.00062,1e-05,0.00114
142.01,0.0012,0.00102,0.00071,0.00076,0.00051,0.00058,0.00085,0.00045,0.00128,0.00089,0.00103,0.00018,0.00052,0.00175,0.00095,2e-05,0.00062,1e-05,0.00114
143.01,0.00119,0.00102,0.00071,0.00076,0.00051,0.00058,0.00085,0.00045,0.00128,0.00089,0.00103,0.00018,0.00052,0.00174,0.00094,2e-05,0.00062,1e-05,0.00114
144.01,0.00119,0.00102,0.00071,0.00076,0.00051,0.00057,0.00085,0.00044,0.00128,0.00089,0.00102,0.00017,0.00052,0.00174,0.00094,2e-05,0.00062,1e-05,0.00114
145.01,0.00118,0.00101,0.00071,0.00076,0.00051,0.00057,0.00085,0.00044,0.00128,0.00089,0.00101,0.00017,0.00052,0.00174,0.00093,2e-05,0.00062,1e-05,0.00114
146.01,0.00118,0.00101,0.00071,0.00076,0.00051,0.00057,0.00085,0.00043,0.00128,0.00089,0.00101,0.00016,0.00052,0.00174,0.00093,2e-05,0.00062,1e-05,0.00114
147.01,0.00118,0.00101,0.00071,0.00076,0.00051,0.00057,0.00085,0.00043,0.00128,0.00089,0.001,0.00016,0.00052,0.00173,0.00092,2e-05,0.00062,1e-05,0.00114
148.01,0.00118,0.00101,0.00071,0.00076,0.00051,0.00057,0.00085,0.00043,0.00128,0.00089,0.00099,0.00015,0.00052,0.00173,0.00092,2e-05,0.00062,1e-05,0.00114
149.01,0.00118,0.00101,0.00071,0.00076,0.00051,0.00057,0.00085,0.00042,0.00128,0.00089,0.00098,0.00015,0.00052,0.00173,0.00091,2e-05,0.00062,1e-05,0.00114
150.01,0.00117,0.00101,0.00071,0.00076,0.00051,0.00057,0.00085,0.00042,0.00128,0.00089,0.00098,0.00015,0.00052,0.00172,0.00091,2e-05,0.00062,1e-05,0.00113
151.01,0.00117,0.00101,0.00071,0.00076,0.00051,0.00057,0.00085,0.00042,0.00128,0.00089,0.00097,0.00014,0.00052,0.00172,0.0009,2e-05,0.00062,1e-05,0.00113
152.01,0.00117,0.00101,0.00071,0.00076,0.00051,0.00057,0.00085,0.00041,0.00128,0.00089,0.00096,0.00014,0.00052,0.00171,0.0009,1e-05,0.00062,0.0,0.00113
153.01,0.00118,0.00101,0.00071,0.00076,0.00051,0.00057,0.00085,0.00041,0.00128,0.00089,0.00096,0.00013,0.00052,0.00171,0.00089,1e-05,0.00062,0.0,0.00113
154.01,0.00118,0.00101,0.00071,0.00076,0.00051,0.00057,0.00085,0.00041,0.00128,0.00089,0.00095,0.00013,0.00052,0.00171,0.00089,1e-05,0.00062,0.0,0.00113
155.01,0.00118,0.00101,0.00071,0.00076,0.00051,0.00057,0.00085,0.00041,0.00128,0.00089,0.00095,0.00013,0.00052,0.0017,0.00088,1e-05,0.00062,0.0,0.00113
156.01,0.00118,0.00101,0.00071,0.00076,0.00051,0.00057,0.00085,0.00041,0.00129,0.00089,0.00095,0.00012,0.00052,0.0017,0.00088,1e-05,0.00062,0.0,0.00113
157.01,0.00118,0.00101,0.00071,0.00076,0.00051,0.00057,0.00085,0.0004,0.00129,0.00089,0.00094,0.00012,0.00052,0.0017,0.00087,1e-05,0.00062,0.0,0.00113
158.01,0.00118,0.00101,0.00071,0.00076,0.00051,0.00056,0.00085,0.0004,0.00129,0.00089,0.00094,0.00012,0.00052,0.0017,0.00087,1e-05,0.00062,0.0,0.00113
159.01,0.00118,0.00101,0.00071,0.00076,0.00051,0.00056,0.00085,0.0004,0.00129,0.00089,0.00094,0.00011,0.00052,0.0017,0.00086,1e-05,0.00062,0.0,0.00113
160.01,0.00118,0.00101,0.00071,0.00076,0.00051,0.00056,0.00085,0.0004,0.00129,0.00089,0.00093,0.00011,0.00052,0.0017,0.00086,1e-05,0.00062,0.0,0.00113
161.01,0.00118,0.00101,0.00071,0.00076,0.00051,0.00056,0.00085,0.00039,0.00129,0.00089,0.00093,0.00011,0.00052,0.00169,0.00085,1e-05,0.00062,0.0,0.00113
162.01,0.00117,0.00101,0.00071,0.00076,0.00051,0.00056,0.00084,0.00039,0.00129,0.00089,0.00092,0.0001,0.00052,0.00169,0.00084,1e-05,0.00062,0.0,0.00112
163.01,0.00117,0.00101,0.00071,0.00076,0.00051,0.00056,0.00084,0.00039,0.00129,0.00089,0.00091,0.0001,0.00052,0.00169,0.00084,1e-05,0.00062,0.0,0.00112
164.01,0.00117,0.001,0.00071,0.00076,0.00051,0.00056,0.00084,0.00038,0.00128,0.00089,0.00091,0.0001,0.00052,0.00168,0.00083,1e-05,0.00062,0.0,0.00112
165.01,0.00117,0.001,0.00071,0.00076,0.00051,0.00056,0.00084,0.00038,0.00128,0.00089,0.0009,9e-05,0.00052,0.00168,0.00083,1e-05,0.00062,0.0,0.00112
166.01,0.00117,0.001,0.00071,0.00076,0.00051,0.00056,0.00084,0.00038,0.00128,0.00089,0.00089,9e-05,0.00052,0.00167,0.00082,1e-05,0.00062,0.0,0.00112
167.01,0.00117,0.001,0.00071,0.00076,0.00051,0.00056,0.00084,0.00038,0.00128,0.00089,0.00089,9e-05,0.00052,0.00167,0.00082,1e-05,0.00062,0.0,0.00112
168.01,0.00117,0.001,0.00071,0.00076,0.00051,0.00056,0.00084,0.00038,0.00128,0.00089,0.00088,8e-05,0.00052,0.00166,0.00081,1e-05,0.00062,0.0,0.00112
169.01,0.00117,0.001,0.00071,0.00076,0.00051,0.00056,0.00084,0.00038,0.00128,0.00089,0.00087,8e-05,0.00052,0.00166,0.00081,1e-05,0.00062,0.0,0.00112
170.01,0.00117,0.001,0.00071,0.00075,0.00051,0.00056,0.00084,0.00038,0.00128,0.00089,0.00087,8e-05,0.00052,0.00166,0.0008,1e-05,0.00062,0.0,0.00112
171.01,0.00117,0.001,0.00071,0.00075,0.00051,0.00056,0.00084,0.00037,0.00129,0.00089,0.00087,8e-05,0.00052,0.00165,0.0008,1e-05,0.00062,0.0,0.00112
172.01,0.00117,0.00101,0.00071,0.00075,0.00051,0.00056,0.00084,0.00037,0.00129,0.00089,0.00086,7e-05,0.00052,0.00165,0.00079,1e-05,0.00062,0.0,0.00111
173.01,0.00117,0.00101,0.00071,0.00075,0.00051,0.00055,0.00084,0.00037,0.00129,0.00089,0.00086,7e-05,0.00052,0.00165,0.00079,1e-05,0.00062,0.0,0.00111
174.01,0.00117,0.00101,0.00071,0.00075,0.00051,0.00055,0.00084,0.00037,0.00129,0.00089,0.00086,7e-05,0.00052,0.00164,0.00078,1e-05,0.00062,0.0,0.00111
175.01,0.00117,0.00101,0.00071,0.00075,0.00051,0.00055,0.00084,0.00037,0.00129,0.00089,0.00085,7e-05,0.00052,0.00164,0.00078,1e-05,0.00062,0.0,0.00111
176.01,0.00117,0.00101,0.00071,0.00075,0.00051,0.00055,0.00084,0.00037,0.00129,0.00089,0.00085,6e-05,0.00052,0.00164,0.00077,1e-05,0.00062,0.0,0.00111
177.01,0.00117,0.00101,0.00071,0.00075,0.00051,0.00055,0.00084,0.00037,0.00129,0.00088,0.00085,6e-05,0.00052,0.00164,0.00077,1e-05,0.00062,0.0,0.00111
178.01,0.00117,0.001,0.00071,0.00075,0.00051,0.00055,0.00084,0.00036,0.00129,0.00088,0.00084,6e-05,0.00052,0.00164,0.00076,0.0,0.00062,0.0,0.00111
179.01,0.00117,0.001,0.00071,0.00075,0.00051,0.00055,0.00084,0.00036,0.00129,0.00088,0.00083,6e-05,0.00052,0.00163,0.00076,0.0,0.00062,0.0,0.00111
180.01,0.00117,0.001,0.00071,0.00075,0.00051,0.00055,0.00084,0.00036,0.00129,0.00088,0.00083,6e-05,0.00052,0.00163,0.00075,0.0,0.00062,0.0,0.0011
181.01,0.00117,0.001,0.00071,0.00075,0.00051,0.00055,0.00084,0.00036,0.00128,0.00088,0.00082,5e-05,0.00052,0.00162,0.00075,0.0,0.00062,0.0,0.0011
182.01,0.00116,0.001,0.00071,0.00075,0.00051,0.00055,0.00084,0.00036,0.00128,0.00088,0.00082,5e-05,0.00052,0.00162,0.00074,0.0,0.00062,0.0,0.0011
183.01,0.00116,0.001,0.00071,0.00075,0.00051,0.00055,0.00084,0.00036,0.00128,0.00088,0.00081,5e-05,0.00052,0.00161,0.00074,0.0,0.00062,0.0,0.0011
184.01,0.00116,0.001,0.0007,0.00075,0.00051,0.00055,0.00084,0.00036,0.00128,0.00088,0.00081,5e-05,0.00052,0.00161,0.00073,0.0,0.00062,0.0,0.0011
185.01,0.00116,0.001,0.0007,0.00075,0.00051,0.00054,0.00084,0.00036,0.00128,0.00088,0.0008,5e-05,0.00052,0.0016,0.00072,0.0,0.00062,0.0,0.0011
186.01,0.00116,0.001,0.0007,0.00075,0.00051,0.00054,0.00084,0.00036,0.00128,0.00088,0.0008,4e-05,0.00052,0.0016,0.00072,0.0,0.00062,0.0,0.0011
187.01,0.00116,0.001,0.0007,0.00075,0.00051,0.00054,0.00084,0.00035,0.00128,0.00088,0.00079,4e-05,0.00052,0.0016,0.00071,0.0,0.00062,0.0,0.0011
188.01,0.00117,0.001,0.0007,0.00075,0.00051,0.00054,0.00084,0.00035,0.00128,0.00088,0.00079,4e-05,0.00052,0.00159,0.00071,0.0,0.00062,0.0,0.0011
189.01,0.00117,0.001,0.0007,0.00075,0.00051,0.00054,0.00084,0.00035,0.00128,0.00088,0.00079,4e-05,0.00052,0.00159,0.0007,0.0,0.00063,0.0,0.0011
190.01,0.00117,0.001,0.0007,0.00075,0.00051,0.00054,0.00084,0.00035,0.00129,0.00088,0.00078,4e-05,0.00052,0.00159,0.0007,0.0,0.00063,0.0,0.00109
191.01,0.00117,0.001,0.0007,0.00075,0.00051,0.00054,0.00084,0.00035,0.00129,0.00088,0.00078,4e-05,0.00052,0.00158,0.00069,0.0,0.00063,0.0,0.00109
192.01,0.00117,0.001,0.0007,0.00075,0.00051,0.00054,0.00084,0.00035,0.00129,0.00087,0.00078,4e-05,0.00052,0.00158,0.00069,0.0,0.00063,0.0,0.00109
193.01,0.00117,0.001,0.0007,0.00075,0.00051,0.00054,0.00084,0.00035,0.00129,0.00087,0.00078,3e-05,0.00052,0.00158,0.00068,0.0,0.00062,0.0,0.00109
194.01,0.00117,0.001,0.0007,0.00075,0.00051,0.00054,0.00084,0.00035,0.00129,0.00087,0.00077,3e-05,0.00052,0.00158,0.00068,0.0,0.00062,0.0,0.00109
195.01,0.00117,0.001,0.0007,0.00075,0.00051,0.00054,0.00084,0.00035,0.00128,0.00087,0.00077,3e-05,0.00052,0.00157,0.00067,0.0,0.00062,0.0,0.00109
196.01,0.00116,0.001,0.0007,0.00075,0.00051,0.00053,0.00084,0.00035,0.00128,0.00087,0.00076,3e-05,0.00052,0.00157,0.00067,0.0,0.00062,0.0,0.00109
197.01,0.00116,0.001,0.0007,0.00075,0.00051,0.00053,0.00084,0.00034,0.00128,0.00087,0.00076,3e-05,0.00052,0.00157,0.00066,0.0,0.00062,0.0,0.00108
198.01,0.00116,0.001,0.0007,0.00075,0.00051,0.00053,0.00084,0.00034,0.00128,0.00087,0.00076,3e-05,0.00052,0.00156,0.00066,0.0,0.00062,0.0,0.00108
199.01,0.00116,0.001,0.0007,0.00075,0.00051,0.00053,0.00084,0.00034,0.00128,0.00087,0.00075,3e-05,0.00052,0.00156,0.00065,0.0,0.00062,0.0,0.00108
200.01,0.00116,0.001,0.0007,0.00075,0.00051,0.00053,0.00084,0.00034,0.00128,0.00087,0.00075,3e-05,0.00052,0.00155,0.00065,0.0,0.00062,0.0,0.00108
201.01,0.00116,0.001,0.0007,0.00075,0.00051,0.00053,0.00084,0.00034,0.00128,0.00086,0.00074,2e-05,0.00052,0.00155,0.00064,0.0,0.00062,0.0,0.00108
202.01,0.00116,0.001,0.0007,0.00075,0.00051,0.00053,0.00084,0.00034,0.00128,0.00086,0.00074,2e-05,0.00052,0.00155,0.00064,0.0,0.00062,0.0,0.00108
203.01,0.00116,0.001,0.0007,0.00075,0.00051,0.00053,0.00084,0.00034,0.00128,0.00086,0.00074,2e-05,0.00052,0.00154,0.00063,0.0,0.00063,0.0,0.00108
204.01,0.00116,0.001,0.0007,0.00075,0.00051,0.00053,0.00084,0.00034,0.00128,0.00086,0.00074,2e-05,0.00052,0.00154,0.00063,0.0,0.00063,0.0,0.00108
205.01,0.00116,0.001,0.0007,0.00075,0.00051,0.00053,0.00084,0.00034,0.00128,0.00086,0.00073,2e-05,0.00052,0.00153,0.00062,0.0,0.00063,0.0,0.00107
206.01,0.00116,0.001,0.0007,0.00074,0.00051,0.00053,0.00084,0.00034,0.00128,0.00086,0.00073,2e-05,0.00052,0.00153,0.00062,0.0,0.00063,0.0,0.00107
207.01,0.00116,0.001,0.0007,0.00074,0.00051,0.00053,0.00084,0.00034,0.00128,0.00086,0.00073,2e-05,0.00052,0.00153,0.00061,0.0,0.00063,0.0,0.00107
208.01,0.00116,0.001,0.0007,0.00074,0.00051,0.00052,0.00083,0.00034,0.00128,0.00086,0.00073,2e-05,0.00052,0.00153,0.0006,0.0,0.00063,0.0,0.00107
209.01,0.00116,0.001,0.0007,0.00074,0.00051,0.00052,0.00083,0.00034,0.00128,0.00085,0.00073,2e-05,0.00052,0.00153,0.0006,0.0,0.00063,0.0,0.00107
210.01,0.00116,0.001,0.0007,0.00074,0.00051,0.00052,0.00083,0.00033,0.00128,0.00085,0.00073,2e-05,0.00052,0.00152,0.00059,0.0,0.00063,0.0,0.00107
211.01,0.00116,0.001,0.0007,0.00074,0.00051,0.00052,0.00083,0.00033,0.00128,0.00085,0.00072,2e-05,0.00052,0.00152,0.00059,0.0,0.00063,0.0,0.00107
212.01,0.00116,0.001,0.0007,0.00074,0.00051,0.00052,0.00083,0.00033,0.00128,0.00085,0.00072,2e-05,0.00052,0.00152,0.00058,0.0,0.00063,0.0,0.00106
213.01,0.00116,0.00099,0.00069,0.00074,0.00051,0.00052,0.00083,0.00033,0.00128,0.00085,0.00072,1e-05,0.00052,0.00152,0.00058,0.0,0.00063,0.0,0.00106
214.01,0.00116,0.00099,0.00069,0.00074,0.00051,0.00052,0.00083,0.00033,0.00128,0.00085,0.00072,1e-05,0.00052,0.00151,0.00057,0.0,0.00063,0.0,0.00106
215.01,0.00116,0.00099,0.00069,0.00074,0.00051,0.00052,0.00083,0.00033,0.00128,0.00085,0.00071,1e-05,0.00052,0.00151,0.00057,0.0,0.00063,0.0,0.00106
216.01,0.00116,0.00099,0.00069,0.00074,0.00051,0.00052,0.00083,0.00033,0.00128,0.00084,0.00071,1e-05,0.00052,0.00151,0.00056,0.0,0.00063,0.0,0.00106
217.01,0.00115,0.00099,0.00069,0.00074,0.00051,0.00052,0.00083,0.00033,0.00127,0.00084,0.00071,1e-05,0.00052,0.0015,0.00056,0.0,0.00063,0.0,0.00106
218.01,0.00115,0.00099,0.00069,0.00074,0.00051,0.00051,0.00083,0.00033,0.00127,0.00084,0.00071,1e-05,0.00052,0.0015,0.00055,0.0,0.00063,0.0,0.00106
219.01,0.00115,0.00099,0.00069,0.00074,0.00051,0.00051,0.00083,0.00033,0.00127,0.00084,0.00071,1e-05,0.00052,0.0015,0.00055,0.0,0.00063,0.0,0.00105
220.01,0.00116,0.00099,0.00069,0.00074,0.00051,0.00051,0.00083,0.00033,0.00127,0.00084,0.0007,1e-05,0.00052,0.00149,0.00054,0.0,0.00063,0.0,0.00105
221.01,0.00116,0.00099,0.00069,0.00074,0.00051,0.00051,0.00083,0.00033,0.00127,0.00084,0.0007,1e-05,0.00052,0.00149,0.00054,0.0,0.00063,0.0,0.00105
222.01,0.00116,0.00099,0.00069,0.00074,0.00051,0.00051,0.00083,0.00033,0.00127,0.00084,0.0007,1e-05,0.00052,0.00149,0.00053,0.0,0.00063,0.0,0.00105
223.01,0.00116,0.00099,0.00069,0.00074,0.00051,0.00051,0.00083,0.00033,0.00127,0.00083,0.0007,1e-05,0.00052,0.00148,0.00053,0.0,0.00063,0.0,0.00105
224.01,0.00116,0.00099,0.00069,0.00074,0.00051,0.00051,0.00083,0.00032,0.00127,0.00083,0.0007,1e-05,0.00052,0.00148,0.00052,0.0,0.00063,0.0,0.00105
225.01,0.00116,0.00099,0.00069,0.00074,0.00051,0.00051,0.00083,0.00032,0.00127,0.00083,0.0007,1e-05,0.00052,0.00148,0.00052,0.0,0.00063,0.0,0.00105
226.01,0.00116,0.00099,0.00069,0.00074,0.00051,0.00051,0.00083,0.00032,0.00127,0.00083,0.0007,1e-05,0.00052,0.00148,0.00051,0.0,0.00063,0.0,0.00105
227.01,0.00116,0.00099,0.00069,0.00074,0.00051,0.00051,0.00083,0.00032,0.00127,0.00083,0.0007,1e-05,0.00052,0.00148,0.00051,0.0,0.00063,0.0,0.00104
228.01,0.00116,0.00099,0.00069,0.00074,0.00051,0.0005,0.00083,0.00032,0.00127,0.00082,0.0007,1e-05,0.00052,0.00148,0.0005,0.0,0.00063,0.0,0.00104
229.01,0.00115,0.00099,0.00069,0.00074,0.00051,0.0005,0.00083,0.00032,0.00127,0.00082,0.0007,1e-05,0.00051,0.00148,0.0005,0.0,0.00063,0.0,0.00104
230.01,0.00115,0.00099,0.00069,0.00074,0.00051,0.0005,0.00083,0.00032,0.00127,0.00082,0.0007,1e-05,0.00051,0.00147,0.00049,0.0,0.00063,0.0,0.00104
231.01,0.00115,0.00099,0.00069,0.00074,0.00051,0.0005,0.00083,0.00032,0.00127,0.00082,0.0007,1e-05,0.00051,0.00147,0.00049,0.0,0.00063,0.0,0.00104
232.01,0.00115,0.00099,0.00069,0.00074,0.00051,0.0005,0.00083,0.00032,0.00127,0.00082,0.0007,1e-05,0.00051,0.00147,0.00048,0.0,0.00063,0.0,0.00104
233.01,0.00115,0.00099,0.00069,0.00074,0.00051,0.0005,0.00083,0.00032,0.00127,0.00081,0.0007,1e-05,0.00051,0.00147,0.00048,0.0,0.00063,0.0,0.00103
234.01,0.00115,0.00099,0.00069,0.00074,0.00051,0.0005,0.00083,0.00032,0.00127,0.00081,0.00069,1e-05,0.00051,0.00146,0.00047,0.0,0.00063,0.0,0.00103
235.01,0.00115,0.00099,0.00069,0.00074,0.00051,0.0005,0.00083,0.00032,0.00127,0.00081,0.00069,1e-05,0.00051,0.00146,0.00047,0.0,0.00063,0.0,0.00103
236.01,0.00115,0.00099,0.00069,0.00074,0.00051,0.0005,0.00083,0.00032,0.00127,0.00081,0.00069,1e-05,0.00051,0.00146,0.00046,0.0,0.00063,0.0,0.00103
237.01,0.00115,0.00099,0.00069,0.00074,0.00051,0.0005,0.00083,0.00032,0.00127,0.00081,0.00069,0.0,0.00051,0.00146,0.00046,0.0,0.00063,0.0,0.00103
238.01,0.00115,0.00099,0.00069,0.00074,0.00051,0.00049,0.00083,0.00032,0.00127,0.00081,0.00069,0.0,0.00051,0.00145,0.00045,0.0,0.00063,0.0,0.00103
239.01,0.00115,0.00098,0.00069,0.00073,0.00051,0.00049,0.00083,0.00032,0.00127,0.0008,0.00069,0.0,0.00051,0.00145,0.00045,0.0,0.00063,0.0,0.00103
240.01,0.00115,0.00098,0.00069,0.00073,0.00051,0.00049,0.00083,0.00032,0.00127,0.0008,0.00069,0.0,0.00051,0.00145,0.00044,0.0,0.00063,0.0,0.00102
241.01,0.00115,0.00098,0.00069,0.00073,0.00051,0.00049,0.00083,0.00032,0.00127,0.0008,0.00069,0.0,0.00051,0.00145,0.00044,0.0,0.00063,0.0,0.00102
242.01,0.00115,0.00098,0.00068,0.00073,0.00051,0.00049,0.00083,0.00031,0.00127,0.0008,0.00069,0.0,0.00051,0.00145,0.00043,0.0,0.00063,0.0,0.00102
243.01,0.00115,0.00098,0.00068,0.00073,0.00051,0.00049,0.00083,0.00031,0.00127,0.00079,0.00069,0.0,0.00051,0.00145,0.00043,0.0,0.00063,0.0,0.00102
244.01,0.00115,0.00098,0.00068,0.00073,0.00051,0.00049,0.00082,0.00031,0.00127,0.00079,0.00069,0.0,0.00051,0.00145,0.00042,0.0,0.00063,0.0,0.00102
245.01,0.00115,0.00098,0.00068,0.00073,0.00051,0.00049,0.00082,0.00031,0.00127,0.00079,0.00069,0.0,0.00051,0.00145,0.00042,0.0,0.00063,0.0,0.00102
246.01,0.00115,0.00098,0.00068,0.00073,0.00051,0.00048,0.00082,0.00031,0.00127,0.00079,0.00069,0.0,0.00051,0.00145,0.00041,0.0,0.00063,0.0,0.00101
247.01,0.00115,0.00097,0.00068,0.00073,0.00051,0.00048,0.00082,0.00031,0.00126,0.00078,0.00069,0.0,0.00051,0.00145,0.00041,0.0,0.00063,0.0,0.00101
248.01,0.00115,0.00097,0.00068,0.00073,0.00051,0.00048,0.00082,0.00031,0.00126,0.00078,0.00069,0.0,0.00051,0.00145,0.0004,0.0,0.00063,0.0,0.00101
249.01,0.00115,0.00097,0.00068,0.00073,0.00051,0.00048,0.00082,0.00031,0.00126,0.00078,0.00069,0.0,0.00051,0.00145,0.0004,0.0,0.00063,0.0,0.00101
250.01,0.00115,0.00097,0.00068,0.00073,0.00051,0.00048,0.00082,0.00031,0.00126,0.00078,0.00069,0.0,0.00051,0.00144,0.00039,0.0,0.00063,0.0,0.00101
251.01,0.00115,0.00097,0.00068,0.00073,0.00051,0.00048,0.00082,0.00031,0.00126,0.00078,0.00069,0.0,0.00051,0.00144,0.00039,0.0,0.00063,0.0,0.00101
252.01,0.00115,0.00097,0.00068,0.00073,0.00051,0.00048,0.00082,0.00031,0.00126,0.00077,0.00069,0.0,0.00051,0.00144,0.00038,0.0,0.00063,0.0,0.001
253.01,0.00115,0.00097,0.00068,0.00073,0.00051,0.00048,0.00082,0.00031,0.00126,0.00077,0.00069,0.0,0.00051,0.00144,0.00038,0.0,0.00063,0.0,0.001
254.01,0.00115,0.00097,0.00068,0.00073,0.00051,0.00048,0.00082,0.00031,0.00126,0.00077,0.00069,0.0,0.00051,0.00144,0.00037,0.0,0.00063,0.0,0.001
255.01,0.00115,0.00097,0.00068,0.00073,0.00051,0.00048,0.00082,0.00031,0.00126,0.00077,0.00069,0.0,0.00051,0.00144,0.00037,0.0,0.00063,0.0,0.001
256.01,0.00115,0.00096,0.00068,0.00073,0.00051,0.00048,0.00082,0.00031,0.00126,0.00076,0.00069,0.0,0.00051,0.00144,0.00036,0.0,0.00063,0.0,0.001
257.01,0.00115,0.00096,0.00068,0.00073,0.00051,0.00047,0.00082,0.00031,0.00126,0.00076,0.00069,0.0,0.00051,0.00144,0.00036,0.0,0.00063,0.0,0.001
258.01,0.00115,0.00096,0.00068,0.00073,0.0005,0.00047,0.00082,0.00031,0.00126,0.00076,0.00069,0.0,0.00051,0.00144,0.00036,0.0,0.00063,0.0,0.001
259.01,0.00115,0.00096,0.00068,0.00073,0.0005,0.00047,0.00082,0.00031,0.00126,0.00076,0.00069,0.0,0.00051,0.00144,0.00035,0.0,0.00063,0.0,0.00099
260.01,0.00115,0.00096,0.00068,0.00073,0.0005,0.00047,0.00082,0.00031,0.00126,0.00075,0.00069,0.0,0.00051,0.00145,0.00035,0.0,0.00063,0.0,0.00099
261.01,0.00115,0.00096,0.00067,0.00073,0.0005,0.00047,0.00082,0.00031,0.00126,0.00075,0.00069,0.0,0.00051,0.00145,0.00034,0.0,0.00063,0.0,0.00099
262.01,0.00114,0.00096,0.00067,0.00073,0.0005,0.00047,0.00082,0.00031,0.00126,0.00075,0.00069,0.0,0.00051,0.00145,0.00034,0.0,0.00063,0.0,0.00099
263.01,0.00114,0.00096,0.00067,0.00073,0.0005,0.00047,0.00082,0.00031,0.00126,0.00075,0.00069,0.0,0.0005,0.00145,0.00033,0.0,0.00063,0.0,0.00099
264.01,0.00114,0.00096,0.00067,0.00072,0.0005,0.00047,0.00082,0.00031,0.00126,0.00074,0.00069,0.0,0.0005,0.00145,0.00033,0.0,0.00063,0.0,0.00098
265.01,0.00114,0.00096,0.00067,0.00072,0.0005,0.00046,0.00082,0.00031,0.00125,0.00074,0.00069,0.0,0.0005,0.00145,0.00032,0.0,0.00063,0.0,0.00098
266.01,0.00114,0.00095,0.00067,0.00072,0.0005,0.00046,0.00082,0.00031,0.00125,0.00074,0.00069,0.0,0.0005,0.00145,0.00032,0.0,0.00063,0.0,0.00098
267.01,0.00114,0.00095,0.00067,0.00072,0.0005,0.00046,0.00082,0.00031,0.00125,0.00073,0.00069,0.0,0.0005,0.00145,0.00031,0.0,0.00063,0.0,0.00098
268.01,0.00114,0.00095,0.00067,0.00072,0.0005,0.00046,0.00082,0.00031,0.00125,0.00073,0.00069,0.0,0.0005,0.00145,0.00031,0.0,0.00063,0.0,0.00098
269.01,0.00114,0.00095,0.00067,0.00072,0.0005,0.00046,0.00082,0.00031,0.00125,0.00073,0.00069,0.0,0.0005,0.00146,0.0003,0.0,0.00063,0.0,0.00098
270.01,0.00114,0.00095,0.00067,0.00072,0.0005,0.00046,0.00082,0.00031,0.00125,0.00073,0.00069,0.0,0.0005,0.00146,0.0003,0.0,0.00063,0.0,0.00098
271.01,0.00114,0.00095,0.00067,0.00072,0.0005,0.00046,0.00082,0.00031,0.00125,0.00072,0.00069,0.0,0.0005,0.00146,0.00029,0.0,0.00063,0.0,0.00097
272.01,0.00114,0.00095,0.00067,0.00072,0.0005,0.00046,0.00082,0.00031,0.00125,0.00072,0.00069,0.0,0.0005,0.00146,0.00029,0.0,0.00063,0.0,0.00097
273.01,0.00114,0.00095,0.00067,0.00072,0.0005,0.00046,0.00082,0.00031,0.00125,0.00072,0.00069,0.0,0.0005,0.00146,0.00029,0.0,0.00063,0.0,0.00097
274.01,0.00114,0.00095,0.00067,0.00072,0.0005,0.00046,0.00082,0.00031,0.00125,0.00072,0.00069,0.0,0.0005,0.00146,0.00028,0.0,0.00064,0.0,0.00097
275.01,0.00114,0.00095,0.00067,0.00072,0.0005,0.00046,0.00082,0.00031,0.00125,0.00071,0.00069,0.0,0.0005,0.00146,0.00028,0.0,0.00064,0.0,0.00097
276.01,0.00114,0.00095,0.00067,0.00072,0.0005,0.00045,0.00082,0.00031,0.00125,0.00071,0.00069,0.0,0.0005,0.00146,0.00027,0.0,0.00064,0.0,0.00097
277.01,0.00114,0.00095,0.00067,0.00072,0.0005,0.00045,0.00082,0.00031,0.00125,0.00071,0.00069,0.0,0.0005,0.00146,0.00027,0.0,0.00064,0.0,0.00096
278.01,0.00114,0.00095,0.00067,0.00072,0.0005,0.00045,0.00081,0.00031,0.00125,0.0007,0.00069,0.0,0.0005,0.00146,0.00026,0.0,0.00064,0.0,0.00096
279.01,0.00114,0.00095,0.00066,0.00072,0.0005,0.00045,0.00081,0.00031,0.00125,0.0007,0.00069,0.0,0.0005,0.00146,0.00026,0.0,0.00064,0.0,0.00096
280.01,0.00114,0.00095,0.00066,0.00072,0.0005,0.00045,0.00081,0.00031,0.00125,0.0007,0.00069,0.0,0.0005,0.00146,0.00025,0.0,0.00064,0.0,0.00096
281.01,0.00114,0.00095,0.00066,0.00072,0.0005,0.00045,0.00081,0.00031,0.00125,0.0007,0.00068,0.0,0.0005,0.00146,0.00025,0.0,0.00064,0.0,0.00096
282.01,0.00114,0.00095,0.00066,0.00072,0.00049,0.00045,0.00081,0.00031,0.00125,0.00069,0.00068,0.0,0.00049,0.00146,0.00025,0.0,0.00064,0.0,0.00095
283.01,0.00114,0.00095,0.00066,0.00072,0.00049,0.00045,0.00081,0.00031,0.00124,0.00069,0.00068,0.0,0.00049,0.00145,0.00024,0.0,0.00064,0.0,0.00095
284.01,0.00114,0.00095,0.00066,0.00072,0.00049,0.00044,0.00081,0.00031,0.00124,0.00069,0.00068,0.0,0.00049,0.00145,0.00024,0.0,0.00064,0.0,0.00095
285.01,0.00114,0.00095,0.00066,0.00072,0.00049,0.00044,0.00081,0.00031,0.00124,0.00068,0.00068,0.0,0.00049,0.00145,0.00023,0.0,0.00064,0.0,0.00095
286.01,0.00114,0.00095,0.00066,0.00072,0.00049,0.00044,0.00081,0.00031,0.00124,0.00068,0.00068,0.0,0.00049,0.00145,0.00023,0.0,0.00064,0.0,0.00095
287.01,0.00114,0.00095,0.00066,0.00072,0.00049,0.00044,0.00081,0.00031,0.00124,0.00068,0.00068,0.0,0.00049,0.00145,0.00022,0.0,0.00064,0.0,0.00095
288.01,0.00114,0.00095,0.00066,0.00072,0.00049,0.00044,0.00081,0.00031,0.00124,0.00068,0.00068,0.0,0.00049,0.00145,0.00022,0.0,0.00064,0.0,0.00094
289.01,0.00114,0.00095,0.00066,0.00072,0.00049,0.00044,0.00081,0.00031,0.00124,0.00067,0.00067,0.0,0.00049,0.00145,0.00022,0.0,0.00064,0.0,0.00094
290.01,0.00114,0.00095,0.00066,0.00072,0.00049,0.00044,0.00081,0.00031,0.00124,0.00067,0.00067,0.0,0.00049,0.00144,0.00021,0.0,0.00064,0.0,0.00094
291.01,0.00114,0.00095,0.00066,0.00072,0.00049,0.00044,0.00081,0.00031,0.00124,0.00067,0.00067,0.0,0.00049,0.00144,0.00021,0.0,0.00064,0.0,0.00094
292.01,0.00114,0.00095,0.00066,0.00071,0.00049,0.00044,0.00081,0.00031,0.00124,0.00066,0.00067,0.0,0.00049,0.00144,0.0002,0.0,0.00064,0.0,0.00094
293.01,0.00114,0.00095,0.00066,0.00071,0.00049,0.00044,0.00081,0.0003,0.00124,0.00066,0.00067,0.0,0.00049,0.00144,0.0002,0.0,0.00064,0.0,0.00094
294.01,0.00113,0.00095,0.00066,0.00071,0.00049,0.00043,0.00081,0.0003,0.00124,0.00066,0.00067,0.0,0.00049,0.00144,0.0002,0.0,0.00064,0.0,0.00093
295.01,0.00113,0.00095,0.00066,0.00071,0.00049,0.00043,0.00081,0.0003,0.00124,0.00065,0.00067,0.0,0.00049,0.00144,0.00019,0.0,0.00064,0.0,0.00093
296.01,0.00113,0.00095,0.00066,0.00071,0.00049,0.00043,0.00081,0.0003,0.00124,0.00065,0.00067,0.0,0.00048,0.00144,0.00019,0.0,0.00064,0.0,0.00093
297.01,0.00113,0.00095,0.00065,0.00071,0.00049,0.00043,0.00081,0.0003,0.00124,0.00065,0.00066,0.0,0.00048,0.00144,0.00018,0.0,0.00064,0.0,0.00093
298.01,0.00113,0.00095,0.00065,0.00071,0.00049,0.00043,0.00081,0.0003,0.00124,0.00064,0.00066,0.0,0.00048,0.00143,0.00018,0.0,0.00064,0.0,0.00093
299.01,0.00113,0.00095,0.00065,0.00071,0.00048,0.00043,0.00081,0.0003,0.00124,0.00064,0.00066,0.0,0.00048,0.00143,0.00018,0.0,0.00064,0.0,0.00092
300.01,0.00113,0.00095,0.00065,0.00071,0.00048,0.00043,0.00081,0.0003,0.00123,0.00064,0.00066,0.0,0.00048,0.00143,0.00017,0.0,0.00064,0.0,0.00092
301.01,0.00113,0.00095,0.00065,0.00071,0.00048,0.00043,0.00081,0.0003,0.00123,0.00063,0.00066,0.0,0.00048,0.00143,0.00017,0.0,0.00064,0.0,0.00092
302.01,0.00113,0.00095,0.00065,0.00071,0.00048,0.00043,0.00081,0.0003,0.00123,0.00063,0.00065,0.0,0.00048,0.00142,0.00016,0.0,0.00064,0.0,0.00092
303.01,0.00113,0.00095,0.00065,0.00071,0.00048,0.00042,0.00081,0.0003,0.00123,0.00063,0.00065,0.0,0.00048,0.00142,0.00016,0.0,0.00064,0.0,0.00092
304.01,0.00113,0.00095,0.00065,0.00071,0.00048,0.00042,0.00081,0.0003,0.00123,0.00063,0.00065,0.0,0.00048,0.00142,0.00016,0.0,0.00064,0.0,0.00092
305.01,0.00113,0.00095,0.00065,0.00071,0.00048,0.00042,0.00081,0.0003,0.00123,0.00062,0.00065,0.0,0.00048,0.00142,0.00015,0.0,0.00064,0.0,0.00091
306.01,0.00113,0.00095,0.00065,0.00071,0.00048,0.00042,0.00081,0.0003,0.00123,0.00062,0.00065,0.0,0.00048,0.00142,0.00015,0.0,0.00064,0.0,0.00091
307.01,0.00113,0.00095,0.00065,0.00071,0.00048,0.00042,0.00081,0.0003,0.00123,0.00062,0.00064,0.0,0.00048,0.00142,0.00015,0.0,0.00064,0.0,0.00091
308.01,0.00112,0.00095,0.00065,0.00071,0.00048,0.00042,0.00081,0.0003,0.00123,0.00061,0.00064,0.0,0.00047,0.00141,0.00014,0.0,0.00064,0.0,0.00091
309.01,0.00112,0.00095,0.00065,0.00071,0.00048,0.00042,0.00081,0.0003,0.00123,0.00061,0.00064,0.0,0.00047,0.00141,0.00014,0.0,0.00064,0.0,0.00091
310.01,0.00112,0.00095,0.00065,0.00071,0.00048,0.00042,0.00081,0.0003,0.00123,0.00061,0.00064,0.0,0.00047,0.00141,0.00013,0.0,0.00064,0.0,0.00091
311.01,0.00112,0.00095,0.00065,0.00071,0.00048,0.00042,0.00081,0.0003,0.00123,0.0006,0.00063,0.0,0.00047,0.00141,0.00013,0.0,0.00064,0.0,0.0009
312.01,0.00112,0.00095,0.00065,0.00071,0.00047,0.00041,0.00081,0.0003,0.00123,0.0006,0.00063,0.0,0.00047,0.00141,0.00013,0.0,0.00064,0.0,0.0009
313.01,0.00112,0.00095,0.00065,0.0007,0.00047,0.00041,0.0008,0.0003,0.00123,0.0006,0.00063,0.0,0.00047,0.00141,0.00012,0.0,0.00064,0.0,0.0009
314.01,0.00112,0.00095,0.00064,0.0007,0.00047,0.00041,0.0008,0.0003,0.00123,0.00059,0.00063,0.0,0.00047,0.0014,0.00012,0.0,0.00064,0.0,0.0009
315.01,0.00112,0.00095,0.00064,0.0007,0.00047,0.00041,0.0008,0.0003,0.00123,0.00059,0.00062,0.0,0.00047,0.0014,0.00012,0.0,0.00064,0.0,0.0009
316.01,0.00112,0.00095,0.00064,0.0007,0.00047,0.00041,0.0008,0.0003,0.00122,0.00059,0.00062,0.0,0.00047,0.0014,0.00011,0.0,0.00064,0.0,0.00089
317.01,0.00112,0.00095,0.00064,0.0007,0.00047,0.00041,0.0008,0.0003,0.00122,0.00058,0.00062,0.0,0.00047,0.0014,0.00011,0.0,0.00064,0.0,0.00089
318.01,0.00112,0.00095,0.00064,0.0007,0.00047,0.00041,0.0008,0.0003,0.00122,0.00058,0.00062,0.0,0.00046,0.0014,0.00011,0.0,0.00064,0.0,0.00089
319.01,0.00111,0.00095,0.00064,0.0007,0.00047,0.00041,0.0008,0.0003,0.00122,0.00058,0.00061,0.0,0.00046,0.0014,0.00011,0.0,0.00064,0.0,0.00089
320.01,0.00111,0.00095,0.00064,0.0007,0.00047,0.00041,0.0008,0.0003,0.00122,0.00057,0.00061,0.0,0.00046,0.00139,0.0001,0.0,0.00064,0.0,0.00089
321.01,0.00111,0.00095,0.00064,0.0007,0.00047,0.00041,0.0008,0.0003,0.00122,0.00057,0.00061,0.0,0.00046,0.00139,0.0001,0.0,0.00064,0.0,0.00088
322.01,0.00111,0.00095,0.00064,0.0007,0.00047,0.0004,0.0008,0.0003,0.00122,0.00057,0.0006,0.0,0.00046,0.00139,0.0001,0.0,0.00064,0.0,0.00088
323.01,0.00111,0.00095,0.00064,0.0007,0.00046,0.0004,0.0008,0.0003,0.00122,0.00056,0.0006,0.0,0.00046,0.00139,9e-05,0.0,0.00064,0.0,0.00088
324.01,0.00111,0.00095,0.00064,0.0007,0.00046,0.0004,0.0008,0.0003,0.00122,0.00056,0.0006,0.0,0.00046,0.00139,9e-05,0.0,0.00064,0.0,0.00088
325.01,0.00111,0.00095,0.00064,0.0007,0.00046,0.0004,0.0008,0.0003,0.00122,0.00056,0.00059,0.0,0.00046,0.00139,9e-05,0.0,0.00064,0.0,0.00088
326.01,0.00111,0.00095,0.00064,0.0007,0.00046,0.0004,0.0008,0.0003,0.00122,0.00055,0.00059,0.0,0.00046,0.00139,9e-05,0.0,0.00064,0.0,0.00088
327.01,0.00111,0.00095,0.00064,0.0007,0.00046,0.0004,0.0008,0.00029,0.00122,0.00055,0.00059,0.0,0.00046,0.00138,8e-05,0.0,0.00064,0.0,0.00087
328.01,0.00111,0.00095,0.00064,0.0007,0.00046,0.0004,0.0008,0.00029,0.00122,0.00055,0.00058,0.0,0.00045,0.00138,8e-05,0.0,0.00064,0.0,0.00087
329.01,0.00111,0.00095,0.00063,0.0007,0.00046,0.0004,0.0008,0.00029,0.00122,0.00054,0.00058,0.0,0.00045,0.00138,8e-05,0.0,0.00064,0.0,0.00087
330.01,0.00111,0.00095,0.00063,0.0007,0.00046,0.0004,0.0008,0.00029,0.00122,0.00054,0.00058,0.0,0.00045,0.00138,7e-05,0.0,0.00064,0.0,0.00087
331.01,0.00111,0.00095,0.00063,0.0007,0.00046,0.00039,0.0008,0.00029,0.00122,0.00054,0.00057,0.0,0.00045,0.00138,7e-05,0.0,0.00064,0.0,0.00087
332.01,0.00111,0.00095,0.00063,0.0007,0.00045,0.00039,0.0008,0.00029,0.00122,0.00053,0.00057,0.0,0.00045,0.00138,7e-05,0.0,0.00064,0.0,0.00086
333.01,0.00111,0.00095,0.00063,0.0007,0.00045,0.00039,0.0008,0.00029,0.00121,0.00053,0.00057,0.0,0.00045,0.00138,7e-05,0.0,0.00064,0.0,0.00086
334.01,0.00111,0.00095,0.00063,0.0007,0.00045,0.00039,0.0008,0.00029,0.00121,0.00053,0.00056,0.0,0.00045,0.00138,7e-05,0.0,0.00064,0.0,0.00086
335.01,0.00111,0.00095,0.00063,0.0007,0.00045,0.00039,0.0008,0.00029,0.00121,0.00052,0.00056,0.0,0.00044,0.00138,6e-05,0.0,0.00064,0.0,0.00086
336.01,0.0011,0.00095,0.00063,0.0007,0.00045,0.00039,0.0008,0.00029,0.00121,0.00052,0.00056,0.0,0.00044,0.00138,6e-05,0.0,0.00064,0.0,0.00086
337.01,0.0011,0.00095,0.00063,0.00069,0.00045,0.00039,0.0008,0.00029,0.00121,0.00052,0.00055,0.0,0.00044,0.00138,6e-05,0.0,0.00064,0.0,0.00085
338.01,0.0011,0.00095,0.00063,0.00069,0.00045,0.00039,0.0008,0.00029,0.00121,0.00051,0.00055,0.0,0.00044,0.00138,6e-05,0.0,0.00064,0.0,0.00085
339.01,0.0011,0.00095,0.00063,0.00069,0.00045,0.00039,0.0008,0.00029,0.00121,0.00051,0.00055,0.0,0.00044,0.00138,5e-05,0.0,0.00064,0.0,0.00085
340.01,0.0011,0.00095,0.00063,0.00069,0.00045,0.00039,0.00079,0.00029,0.00121,0.00051,0.00054,0.0,0.00044,0.00138,5e-05,0.0,0.00064,0.0,0.00085
341.01,0.0011,0.00095,0.00063,0.00069,0.00044,0.00039,0.00079,0.00028,0.00121,0.0005,0.00054,0.0,0.00044,0.00138,5e-05,0.0,0.00064,0.0,0.00085
342.01,0.0011,0.00095,0.00063,0.00069,0.00044,0.00038,0.00079,0.00028,0.00121,0.0005,0.00053,0.0,0.00043,0.00138,5e-05,0.0,0.00064,0.0,0.00085
343.01,0.0011,0.00095,0.00063,0.00069,0.00044,0.00038,0.00079,0.00028,0.00121,0.0005,0.00053,0.0,0.00043,0.00138,5e-05,0.0,0.00064,0.0,0.00084
344.01,0.0011,0.00095,0.00062,0.00069,0.00044,0.00038,0.00079,0.00028,0.00121,0.00049,0.00053,0.0,0.00043,0.00138,5e-05,0.0,0.00064,0.0,0.00084
345.01,0.0011,0.00095,0.00062,0.00069,0.00044,0.00038,0.00079,0.00028,0.00121,0.00049,0.00052,0.0,0.00043,0.00138,4e-05,0.0,0.00064,0.0,0.00084
346.01,0.0011,0.00095,0.00062,0.00069,0.00044,0.00038,0.00079,0.00028,0.00121,0.00049,0.00052,0.0,0.00043,0.00138,4e-05,0.0,0.00064,0.0,0.00084
347.01,0.0011,0.00095,0.00062,0.00069,0.00044,0.00038,0.00079,0.00028,0.00121,0.00048,0.00051,0.0,0.00043,0.00138,4e-05,0.0,0.00064,0.0,0.00084
348.01,0.0011,0.00095,0.00062,0.00069,0.00043,0.00038,0.00079,0.00028,0.0012,0.00048,0.00051,0.0,0.00042,0.00138,4e-05,0.0,0.00064,0.0,0.00083
349.01,0.0011,0.00095,0.00062,0.00069,0.00043,0.00038,0.00079,0.00028,0.0012,0.00048,0.00051,0.0,0.00042,0.00138,4e-05,0.0,0.00064,0.0,0.00083
350.01,0.0011,0.00095,0.00062,0.00069,0.00043,0.00037,0.00079,0.00027,0.0012,0.00047,0.0005,0.0,0.00042,0.00138,4e-05,0.0,0.00064,0.0,0.00083
351.01,0.0011,0.00095,0.00062,0.00069,0.00043,0.00037,0.00079,0.00027,0.0012,0.00047,0.0005,0.0,0.00042,0.00138,3e-05,0.0,0.00064,0.0,0.00083
352.01,0.0011,0.00095,0.00062,0.00069,0.00043,0.00037,0.00079,0.00027,0.0012,0.00047,0.00049,0.0,0.00042,0.00138,3e-05,0.0,0.00064,0.0,0.00083
353.01,0.0011,0.00095,0.00062,0.00069,0.00043,0.00037,0.00079,0.00027,0.0012,0.00046,0.00049,0.0,0.00042,0.00138,3e-05,0.0,0.00064,0.0,0.00082
354.01,0.0011,0.00095,0.00062,0.00069,0.00043,0.00037,0.00079,0.00027,0.0012,0.00046,0.00049,0.0,0.00042,0.00138,3e-05,0.0,0.00064,0.0,0.00082
355.01,0.0011,0.00095,0.00062,0.00069,0.00042,0.00037,0.00079,0.00027,0.0012,0.00046,0.00048,0.0,0.00041,0.00138,3e-05,0.0,0.00064,0.0,0.00082
356.01,0.0011,0.00095,0.00062,0.00069,0.00042,0.00037,0.00079,0.00027,0.0012,0.00045,0.00048,0.0,0.00041,0.00138,3e-05,0.0,0.00064,0.0,0.00082
357.01,0.0011,0.00095,0.00062,0.00069,0.00042,0.00037,0.00079,0.00026,0.0012,0.00045,0.00047,0.0,0.00041,0.00138,3e-05,0.0,0.00064,0.0,0.00082
358.01,0.0011,0.00095,0.00061,0.00068,0.00042,0.00037,0.00079,0.00026,0.0012,0.00045,0.00047,0.0,0.00041,0.00138,2e-05,0.0,0.00064,0.0,0.00082
359.01,0.0011,0.00095,0.00061,0.00068,0.00042,0.00037,0.00079,0.00026,0.0012,0.00044,0.00046,0.0,0.00041,0.00138,2e-05,0.0,0.00064,0.0,0.00081
360.01,0.0011,0.00095,0.00061,0.00068,0.00042,0.00037,0.00079,0.00026,0.0012,0.00044,0.00046,0.0,0.00041,0.00138,2e-05,0.0,0.00064,0.0,0.00081
361.01,0.0011,0.00095,0.00061,0.00068,0.00041,0.00036,0.00079,0.00026,0.0012,0.00044,0.00046,0.0,0.0004,0.00138,2e-05,0.0,0.00064,0.0,0.00081
362.01,0.0011,0.00095,0.00061,0.00068,0.00041,0.00036,0.00079,0.00026,0.0012,0.00043,0.00045,0.0,0.0004,0.00139,2e-05,0.0,0.00064,0.0,0.00081
363.01,0.0011,0.00095,0.00061,0.00068,0.00041,0.00036,0.00079,0.00025,0.0012,0.00043,0.00045,0.0,0.0004,0.00139,2e-05,0.0,0.00064,0.0,0.00081
364.01,0.0011,0.00095,0.00061,0.00068,0.00041,0.00036,0.00079,0.00025,0.00119,0.00042,0.00044,0.0,0.0004,0.00139,2e-05,0.0,0.00064,0.0,0.0008
365.01,0.0011,0.00095,0.00061,0.00068,0.00041,0.00036,0.00079,0.00025,0.00119,0.00042,0.00044,0.0,0.0004,0.00139,2e-05,0.0,0.00064,0.0,0.0008
366.01,0.0011,0.00095,0.00061,0.00068,0.00041,0.00036,0.00079,0.00025,0.00119,0.00042,0.00043,0.0,0.00039,0.00139,2e-05,0.0,0.00064,0.0,0.0008
367.01,0.0011,0.00095,0.00061,0.00068,0.0004,0.00036,0.00079,0.00025,0.00119,0.00041,0.00043,0.0,0.00039,0.00139,2e-05,0.0,0.00064,0.0,0.0008
368.01,0.0011,0.00095,0.00061,0.00068,0.0004,0.00036,0.00079,0.00025,0.00119,0.00041,0.00043,0.0,0.00039,0.00139,2e-05,0.0,0.00064,0.0,0.00079
369.01,0.0011,0.00095,0.00061,0.00068,0.0004,0.00036,0.00078,0.00024,0.00119,0.00041,0.00042,0.0,0.00039,0.00139,1e-05,0.0,0.00064,0.0,0.00079
370.01,0.0011,0.00095,0.0006,0.00068,0.0004,0.00035,0.00078,0.00024,0.00119,0.0004,0.00042,0.0,0.00039,0.00139,1e-05,0.0,0.00064,0.0,0.00079
371.01,0.0011,0.00095,0.0006,0.00068,0.0004,0.00035,0.00078,0.00024,0.00119,0.0004,0.00041,0.0,0.00039,0.00139,1e-05,0.0,0.00064,0.0,0.00079
372.01,0.0011,0.00095,0.0006,0.00068,0.0004,0.00035,0.00078,0.00024,0.00119,0.0004,0.00041,0.0,0.00038,0.00139,1e-05,0.0,0.00064,0.0,0.00079
373.01,0.0011,0.00095,0.0006,0.00068,0.00039,0.00035,0.00078,0.00024,0.00119,0.00039,0.0004,0.0,0.00038,0.00139,1e-05,0.0,0.00064,0.0,0.00079
374.01,0.0011,0.00095,0.0006,0.00068,0.00039,0.00035,0.00078,0.00023,0.00119,0.00039,0.0004,0.0,0.00038,0.00139,1e-05,0.0,0.00064,0.0,0.00078
375.01,0.0011,0.00095,0.0006,0.00068,0.00039,0.00035,0.00078,0.00023,0.00119,0.00039,0.0004,0.0,0.00038,0.00139,1e-05,0.0,0.00064,0.0,0.00078
376.01,0.0011,0.00095,0.0006,0.00068,0.00039,0.00035,0.00078,0.00023,0.00118,0.00038,0.00039,0.0,0.00038,0.00139,1e-05,0.0,0.00064,0.0,0.00078
377.01,0.0011,0.00095,0.0006,0.00067,0.00039,0.00035,0.00078,0.00023,0.00118,0.00038,0.00039,0.0,0.00037,0.00139,1e-05,0.0,0.00064,0.0,0.00078
378.01,0.0011,0.00095,0.0006,0.00067,0.00038,0.00035,0.00078,0.00023,0.00118,0.00038,0.00038,0.0,0.00037,0.00139,1e-05,0.0,0.00064,0.0,0.00078
379.01,0.0011,0.00095,0.0006,0.00067,0.00038,0.00035,0.00078,0.00022,0.00118,0.00037,0.00038,0.0,0.00037,0.00139,1e-05,0.0,0.00064,0.0,0.00077
380.01,0.0011,0.00095,0.0006,0.00067,0.00038,0.00035,0.00078,0.00022,0.00118,0.00037,0.00037,0.0,0.00037,0.00139,1e-05,0.0,0.00064,0.0,0.00077
381.01,0.0011,0.00095,0.00059,0.00067,0.00038,0.00034,0.00078,0.00022,0.00118,0.00037,0.00037,0.0,0.00037,0.00139,1e-05,0.0,0.00064,0.0,0.00077
382.01,0.0011,0.00095,0.00059,0.00067,0.00038,0.00034,0.00078,0.00022,0.00118,0.00036,0.00037,0.0,0.00036,0.00139,1e-05,0.0,0.00064,0.0,0.00077
383.01,0.0011,0.00095,0.00059,0.00067,0.00037,0.00034,0.00078,0.00021,0.00118,0.00036,0.00036,0.0,0.00036,0.00139,1e-05,0.0,0.00064,0.0,0.00077
384.01,0.0011,0.00095,0.00059,0.00067,0.00037,0.00034,0.00078,0.00021,0.00118,0.00036,0.00036,0.0,0.00036,0.00139,1e-05,0.0,0.00064,0.0,0.00076
385.01,0.00109,0.00095,0.00059,0.00067,0.00037,0.00034,0.00078,0.00021,0.00118,0.00035,0.00035,0.0,0.00036,0.00139,1e-05,0.0,0.00064,0.0,0.00076
386.01,0.00109,0.00095,0.00059,0.00067,0.00037,0.00034,0.00078,0.00021,0.00118,0.00035,0.00035,0.0,0.00036,0.00139,1e-05,0.0,0.00064,0.0,0.00076
387.01,0.00109,0.00095,0.00059,0.00067,0.00037,0.00034,0.00078,0.0002,0.00118,0.00035,0.00034,0.0,0.00035,0.00139,1e-05,0.0,0.00064,0.0,0.00076
388.01,0.00109,0.00095,0.00059,0.00067,0.00036,0.00034,0.00078,0.0002,0.00118,0.00034,0.00034,0.0,0.00035,0.00139,1e-05,0.0,0.00064,0.0,0.00076
389.01,0.0011,0.00095,0.00059,0.00067,0.00036,0.00034,0.00078,0.0002,0.00117,0.00034,0.00034,0.0,0.00035,0.00139,1e-05,0.0,0.00064,0.0,0.00075
390.01,0.0011,0.00095,0.00059,0.00067,0.00036,0.00034,0.00078,0.0002,0.00117,0.00034,0.00033,0.0,0.00035,0.00139,1e-05,0.0,0.00064,0.0,0.00075
391.01,0.0011,0.00095,0.00059,0.00067,0.00036,0.00034,0.00078,0.00019,0.00117,0.00033,0.00033,0.0,0.00034,0.00139,0.0,0.0,0.00064,0.0,0.00075
392.01,0.0011,0.00095,0.00059,0.00067,0.00036,0.00034,0.00078,0.00019,0.00117,0.00033,0.00032,0.0,0.00034,0.00139,0.0,0.0,0.00064,0.0,0.00075
393.01,0.0011,0.00095,0.00059,0.00067,0.00035,0.00033,0.00078,0.00019,0.00117,0.00033,0.00032,0.0,0.00034,0.00139,0.0,0.0,0.00064,0.0,0.00075
394.01,0.0011,0.00095,0.00058,0.00067,0.00035,0.00033,0.00078,0.00019,0.00117,0.00032,0.00032,0.0,0.00034,0.00139,0.0,0.0,0.00064,0.0,0.00074
395.01,0.0011,0.00095,0.00058,0.00066,0.00035,0.00033,0.00078,0.00018,0.00117,0.00032,0.00031,0.0,0.00034,0.00139,0.0,0.0,0.00064,0.0,0.00074
396.01,0.0011,0.00095,0.00058,0.00066,0.00035,0.00033,0.00078,0.00018,0.00117,0.00032,0.00031,0.0,0.00033,0.00139,0.0,0.0,0.00064,0.0,0.00074
397.01,0.00109,0.00095,0.00058,0.00066,0.00035,0.00033,0.00078,0.00018,0.00117,0.00031,0.0003,0.0,0.00033,0.00139,0.0,0.0,0.00064,0.0,0.00074
398.01,0.00109,0.00094,0.00058,0.00066,0.00034,0.00033,0.00078,0.00018,0.00117,0.00031,0.0003,0.0,0.00033,0.00139,0.0,0.0,0.00064,0.0,0.00074
399.01,0.00109,0.00094,0.00058,0.00066,0.00034,0.00033,0.00078,0.00017,0.00117,0.00031,0.00029,0.0,0.00033,0.00139,0.0,0.0,0.00064,0.0,0.00073
400.01,0.00109,0.00094,0.00058,0.00066,0.00034,0.00033,0.00078,0.00017,0.00117,0.0003,0.00029,0.0,0.00032,0.00139,0.0,0.0,0.00064,0.0,0.00073
401.01,0.00109,0.00094,0.00058,0.00066,0.00034,0.00033,0.00078,0.00017,0.00117,0.0003,0.00029,0.0,0.00032,0.00139,0.0,0.0,0.00064,0.0,0.00073
402.01,0.00109,0.00094,0.00058,0.00066,0.00033,0.00033,0.00078,0.00017,0.00117,0.0003,0.00028,0.0,0.00032,0.00139,0.0,0.0,0.00064,0.0,0.00073
403.01,0.00109,0.00094,0.00058,0.00066,0.00033,0.00033,0.00078,0.00016,0.00116,0.00029,0.00028,0.0,0.00032,0.00139,0.0,0.0,0.00064,0.0,0.00072
404.01,0.00109,0.00094,0.00058,0.00066,0.00033,0.00032,0.00078,0.00016,0.00116,0.00029,0.00027,0.0,0.00031,0.00139,0.0,0.0,0.00064,0.0,0.00072
405.01,0.00109,0.00094,0.00057,0.00066,0.00033,0.00032,0.00078,0.00016,0.00116,0.00029,0.00027,0.0,0.00031,0.00139,0.0,0.0,0.00064,0.0,0.00072
406.01,0.00109,0.00094,0.00057,0.00066,0.00032,0.00032,0.00078,0.00016,0.00116,0.00028,0.00027,0.0,0.00031,0.00139,0.0,0.0,0.00064,0.0,0.00072
407.01,0.00109,0.00094,0.00057,0.00066,0.00032,0.00032,0.00078,0.00015,0.00116,0.00028,0.00026,0.0,0.00031,0.00139,0.0,0.0,0.00064,0.0,0.00072
408.01,0.00109,0.00094,0.00057,0.00066,0.00032,0.00032,0.00077,0.00015,0.00116,0.00028,0.00026,0.0,0.0003,0.00139,0.0,0.0,0.00064,0.0,0.00072
409.01,0.00109,0.00094,0.00057,0.00066,0.00032,0.00032,0.00077,0.00015,0.00116,0.00027,0.00026,0.0,0.0003,0.00139,0.0,0.0,0.00064,0.0,0.00071
410.01,0.00109,0.00094,0.00057,0.00066,0.00032,0.00032,0.00077,0.00014,0.00116,0.00027,0.00025,0.0,0.0003,0.00139,0.0,0.0,0.00064,0.0,0.00071
411.01,0.00109,0.00094,0.00057,0.00066,0.00031,0.00032,0.00077,0.00014,0.00116,0.00027,0.00025,0.0,0.0003,0.00139,0.0,0.0,0.00064,0.0,0.00071
412.01,0.00109,0.00094,0.00057,0.00065,0.00031,0.00032,0.00077,0.00014,0.00116,0.00026,0.00024,0.0,0.00029,0.00139,0.0,0.0,0.00064,0.0,0.00071
413.01,0.00109,0.00094,0.00057,0.00065,0.00031,0.00032,0.00077,0.00014,0.00116,0.00026,0.00024,0.0,0.00029,0.00139,0.0,0.0,0.00064,0.0,0.0007
414.01,0.00109,0.00094,0.00057,0.00065,0.00031,0.00032,0.00077,0.00013,0.00116,0.00026,0.00024,0.0,0.00029,0.00139,0.0,0.0,0.00063,0.0,0.0007
415.01,0.00109,0.00094,0.00056,0.00065,0.0003,0.00032,0.00077,0.00013,0.00116,0.00025,0.00023,0.0,0.00029,0.00139,0.0,0.0,0.00063,0.0,0.0007
416.01,0.00109,0.00094,0.00056,0.00065,0.0003,0.00032,0.00077,0.00013,0.00116,0.00025,0.00023,0.0,0.00028,0.00138,0.0,0.0,0.00063,0.0,0.0007
417.01,0.00109,0.00094,0.00056,0.00065,0.0003,0.00032,0.00077,0.00013,0.00116,0.00025,0.00022,0.0,0.00028,0.00138,0.0,0.0,0.00063,0.0,0.0007
418.01,0.00109,0.00094,0.00056,0.00065,0.0003,0.00032,0.00077,0.00012,0.00115,0.00024,0.00022,0.0,0.00028,0.00138,0.0,0.0,0.00063,0.0,0.00069
419.01,0.00109,0.00094,0.00056,0.00065,0.00029,0.00032,0.00077,0.00012,0.00115,0.00024,0.00022,0.0,0.00028,0.00138,0.0,0.0,0.00063,0.0,0.00069
420.01,0.00109,0.00094,0.00056,0.00065,0.00029,0.00032,0.00077,0.00012,0.00115,0.00024,0.00021,0.0,0.00027,0.00138,0.0,0.0,0.00063,0.0,0.00069
421.01,0.00109,0.00094,0.00056,0.00065,0.00029,0.00032,0.00077,0.00012,0.00115,0.00023,0.00021,0.0,0.00027,0.00138,0.0,0.0,0.00063,0.0,0.00069
422.01,0.00109,0.00094,0.00056,0.00065,0.00029,0.00032,0.00077,0.00011,0.00115,0.00023,0.00021,0.0,0.00027,0.00138,0.0,0.0,0.00063,0.0,0.00069
423.01,0.00109,0.00094,0.00056,0.00065,0.00028,0.00031,0.00077,0.00011,0.00115,0.00023,0.0002,0.0,0.00027,0.00138,0.0,0.0,0.00063,0.0,0.00068
424.01,0.00109,0.00094,0.00056,0.00065,0.00028,0.00031,0.00077,0.00011,0.00115,0.00022,0.0002,0.0,0.00026,0.00138,0.0,0.0,0.00063,0.0,0.00068
425.01,0.00109,0.00094,0.00056,0.00065,0.00028,0.00031,0.00077,0.00011,0.00115,0.00022,0.0002,0.0,0.00026,0.00138,0.0,0.0,0.00063,0.0,0.00068
426.01,0.00109,0.00094,0.00056,0.00065,0.00027,0.00031,0.00077,0.0001,0.00115,0.00022,0.00019,0.0,0.00026,0.00138,0.0,0.0,0.00063,0.0,0.00068
427.01,0.00109,0.00094,0.00055,0.00065,0.00027,0.00031,0.00077,0.0001,0.00115,0.00021,0.00019,0.0,0.00026,0.00138,0.0,0.0,0.00063,0.0,0.00068
428.01,0.00109,0.00094,0.00055,0.00065,0.00027,0.00031,0.00077,0.0001,0.00115,0.00021,0.00019,0.0,0.00025,0.00137,0.0,0.0,0.00063,0.0,0.00067
429.01,0.00109,0.00094,0.00055,0.00064,0.00027,0.00031,0.00077,0.0001,0.00115,0.00021,0.00018,0.0,0.00025,0.00137,0.0,0.0,0.00063,0.0,0.00067
430.01,0.00109,0.00094,0.00055,0.00064,0.00026,0.00031,0.00077,9e-05,0.00115,0.0002,0.00018,0.0,0.00025,0.00137,0.0,0.0,0.00063,0.0,0.00067
431.01,0.00109,0.00094,0.00055,0.00064,0.00026,0.00031,0.00077,9e-05,0.00115,0.0002,0.00018,0.0,0.00024,0.00137,0.0,0.0,0.00063,0.0,0.00067
432.01,0.00109,0.00094,0.00055,0.00064,0.00026,0.00031,0.00077,9e-05,0.00114,0.0002,0.00017,0.0,0.00024,0.00137,0.0,0.0,0.00063,0.0,0.00066
433.01,0.00109,0.00094,0.00055,0.00064,0.00026,0.00031,0.00077,9e-05,0.00114,0.0002,0.00017,0.0,0.00024,0.00137,0.0,0.0,0.00063,0.0,0.00066
434.01,0.00109,0.00094,0.00055,0.00064,0.00025,0.00031,0.00077,9e-05,0.00114,0.00019,0.00017,0.0,0.00024,0.00137,0.0,0.0,0.00063,0.0,0.00066
435.01,0.00109,0.00094,0.00055,0.00064,0.00025,0.00031,0.00077,8e-05,0.00114,0.00019,0.00016,0.0,0.00023,0.00137,0.0,0.0,0.00063,0.0,0.00066
436.01,0.00109,0.00094,0.00054,0.00064,0.00025,0.00031,0.00077,8e-05,0.00114,0.00019,0.00016,0.0,0.00023,0.00137,0.0,0.0,0.00063,0.0,0.00066
437.01,0.00109,0.00094,0.00054,0.00064,0.00025,0.00031,0.00077,8e-05,0.00114,0.00018,0.00016,0.0,0.00023,0.00136,0.0,0.0,0.00063,0.0,0.00065
438.01,0.00109,0.00094,0.00054,0.00064,0.00024,0.00031,0.00077,8e-05,0.00114,0.00018,0.00015,0.0,0.00022,0.00136,0.0,0.0,0.00063,0.0,0.00065
439.01,0.00109,0.00094,0.00054,0.00064,0.00024,0.00031,0.00077,7e-05,0.00114,0.00018,0.00015,0.0,0.00022,0.00136,0.0,0.0,0.00063,0.0,0.00065
440.01,0.00109,0.00094,0.00054,0.00064,0.00024,0.00031,0.00076,7e-05,0.00114,0.00017,0.00015,0.0,0.00022,0.00136,0.0,0.0,0.00063,0.0,0.00065
441.01,0.00109,0.00094,0.00054,0.00064,0.00023,0.00031,0.00076,7e-05,0.00114,0.00017,0.00014,0.0,0.00022,0.00136,0.0,0.0,0.00063,0.0,0.00065
442.01,0.00109,0.00094,0.00054,0.00064,0.00023,0.00031,0.00076,7e-05,0.00114,0.00017,0.00014,0.0,0.00021,0.00136,0.0,0.0,0.00063,0.0,0.00064
443.01,0.00109,0.00094,0.00054,0.00064,0.00023,0.00031,0.00076,7e-05,0.00114,0.00017,0.00014,0.0,0.00021,0.00136,0.0,0.0,0.00062,0.0,0.00064
444.01,0.00109,0.00094,0.00054,0.00064,0.00023,0.0003,0.00076,6e-05,0.00113,0.00016,0.00014,0.0,0.00021,0.00136,0.0,0.0,0.00062,0.0,0.00064
445.01,0.00109,0.00094,0.00054,0.00064,0.00022,0.0003,0.00076,6e-05,0.00113,0.00016,0.00013,0.0,0.00021,0.00136,0.0,0.0,0.00062,0.0,0.00064
446.01,0.00109,0.00094,0.00054,0.00063,0.00022,0.0003,0.00076,6e-05,0.00113,0.00016,0.00013,0.0,0.0002,0.00135,0.0,0.0,0.00062,0.0,0.00063
447.01,0.00109,0.00094,0.00053,0.00063,0.00022,0.0003,0.00076,6e-05,0.00113,0.00015,0.00013,0.0,0.0002,0.00135,0.0,0.0,0.00062,0.0,0.00063
448.01,0.00109,0.00094,0.00053,0.00063,0.00021,0.0003,0.00076,6e-05,0.00113,0.00015,0.00012,0.0,0.0002,0.00135,0.0,0.0,0.00062,0.0,0.00063
449.01,0.00109,0.00094,0.00053,0.00063,0.00021,0.0003,0.00076,6e-05,0.00113,0.00015,0.00012,0.0,0.00019,0.00135,0.0,0.0,0.00062,0.0,0.00063
450.01,0.00109,0.00094,0.00053,0.00063,0.00021,0.0003,0.00076,5e-05,0.00113,0.00015,0.00012,0.0,0.00019,0.00135,0.0,0.0,0.00062,0.0,0.00062
451.01,0.00108,0.00094,0.00053,0.00063,0.00021,0.0003,0.00076,5e-05,0.00113,0.00014,0.00012,0.0,0.00019,0.00135,0.0,0.0,0.00062,0.0,0.00062
452.01,0.00108,0.00093,0.00053,0.00063,0.0002,0.0003,0.00076,5e-05,0.00113,0.00014,0.00011,0.0,0.00019,0.00135,0.0,0.0,0.00062,0.0,0.00062
453.01,0.00108,0.00093,0.00053,0.00063,0.0002,0.0003,0.00076,5e-05,0.00113,0.00014,0.00011,0.0,0.00018,0.00135,0.0,0.0,0.00062,0.0,0.00062
454.01,0.00108,0.00093,0.00053,0.00063,0.0002,0.0003,0.00076,5e-05,0.00113,0.00013,0.00011,0.0,0.00018,0.00134,0.0,0.0,0.00062,0.0,0.00062
455.01,0.00108,0.00093,0.00053,0.00063,0.0002,0.0003,0.00076,5e-05,0.00113,0.00013,0.00011,0.0,0.00018,0.00134,0.0,0.0,0.00062,0.0,0.00061
456.01,0.00108,0.00093,0.00052,0.00063,0.00019,0.0003,0.00076,4e-05,0.00112,0.00013,0.0001,0.0,0.00018,0.00134,0.0,0.0,0.00062,0.0,0.00061
457.01,0.00108,0.00093,0.00052,0.00063,0.00019,0.0003,0.00076,4e-05,0.00112,0.00013,0.0001,0.0,0.00017,0.00134,0.0,0.0,0.00062,0.0,0.00061
458.01,0.00108,0.00093,0.00052,0.00063,0.00019,0.0003,0.00076,4e-05,0.00112,0.00012,0.0001,0.0,0.00017,0.00134,0.0,0.0,0.00062,0.0,0.00061
459.01,0.00108,0.00093,0.00052,0.00063,0.00018,0.0003,0.00076,4e-05,0.00112,0.00012,0.0001,0.0,0.00017,0.00134,0.0,0.0,0.00062,0.0,0.00061
460.01,0.00108,0.00093,0.00052,0.00063,0.00018,0.0003,0.00076,4e-05,0.00112,0.00012,9e-05,0.0,0.00016,0.00134,0.0,0.0,0.00062,0.0,0.0006
461.01,0.00108,0.00093,0.00052,0.00063,0.00018,0.0003,0.00076,4e-05,0.00112,0.00012,9e-05,0.0,0.00016,0.00134,0.0,0.0,0.00062,0.0,0.0006
462.01,0.00108,0.00093,0.00052,0.00063,0.00018,0.00029,0.00076,4e-05,0.00112,0.00011,9e-05,0.0,0.00016,0.00133,0.0,0.0,0.00062,0.0,0.0006
463.01,0.00108,0.00093,0.00052,0.00062,0.00017,0.00029,0.00076,3e-05,0.00112,0.00011,9e-05,0.0,0.00016,0.00133,0.0,0.0,0.00061,0.0,0.0006
464.01,0.00108,0.00093,0.00052,0.00062,0.00017,0.00029,0.00076,3e-05,0.00112,0.00011,8e-05,0.0,0.00015,0.00133,0.0,0.0,0.00061,0.0,0.00059
465.01,0.00108,0.00093,0.00051,0.00062,0.00017,0.00029,0.00076,3e-05,0.00112,0.00011,8e-05,0.0,0.00015,0.00133,0.0,0.0,0.00061,0.0,0.00059
466.01,0.00108,0.00093,0.00051,0.00062,0.00017,0.00029,0.00075,3e-05,0.00112,0.0001,8e-05,0.0,0.00015,0.00133,0.0,0.0,0.00061,0.0,0.00059
467.01,0.00108,0.00093,0.00051,0.00062,0.00016,0.00029,0.00075,3e-05,0.00112,0.0001,8e-05,0.0,0.00015,0.00133,0.0,0.0,0.00061,0.0,0.00059
468.01,0.00108,0.00093,0.00051,0.00062,0.00016,0.00029,0.00075,3e-05,0.00112,0.0001,8e-05,0.0,0.00014,0.00133,0.0,0.0,0.00061,0.0,0.00058
469.01,0.00108,0.00093,0.00051,0.00062,0.00016,0.00029,0.00075,3e-05,0.00112,0.0001,7e-05,0.0,0.00014,0.00132,0.0,0.0,0.00061,0.0,0.00058
470.01,0.00108,0.00093,0.00051,0.00062,0.00015,0.00029,0.00075,3e-05,0.00111,0.0001,7e-05,0.0,0.00014,0.00132,0.0,0.0,0.00061,0.0,0.00058
471.01,0.00108,0.00093,0.00051,0.00062,0.00015,0.00029,0.00075,2e-05,0.00111,9e-05,7e-05,0.0,0.00014,0.00132,0.0,0.0,0.00061,0.0,0.00058
472.01,0.00108,0.00093,0.00051,0.00062,0.00015,0.00029,0.00075,2e-05,0.00111,9e-05,7e-05,0.0,0.00013,0.00132,0.0,0.0,0.00061,0.0,0.00058
473.01,0.00108,0.00093,0.00051,0.00062,0.00015,0.00029,0.00075,2e-05,0.00111,9e-05,7e-05,0.0,0.00013,0.00132,0.0,0.0,0.00061,0.0,0.00057
474.01,0.00108,0.00093,0.00051,0.00062,0.00014,0.00029,0.00075,2e-05,0.00111,9e-05,6e-05,0.0,0.00013,0.00132,0.0,0.0,0.00061,0.0,0.00057
475.01,0.00108,0.00093,0.0005,0.00062,0.00014,0.00029,0.00075,2e-05,0.00111,8e-05,6e-05,0.0,0.00012,0.00132,0.0,0.0,0.00061,0.0,0.00057
476.01,0.00108,0.00093,0.0005,0.00062,0.00014,0.00029,0.00075,2e-05,0.00111,8e-05,6e-05,0.0,0.00012,0.00131,0.0,0.0,0.00061,0.0,0.00057
477.01,0.00108,0.00093,0.0005,0.00062,0.00014,0.00029,0.00075,2e-05,0.00111,8e-05,6e-05,0.0,0.00012,0.00131,0.0,0.0,0.00061,0.0,0.00056
478.01,0.00108,0.00093,0.0005,0.00062,0.00013,0.00029,0.00075,2e-05,0.00111,8e-05,6e-05,0.0,0.00012,0.00131,0.0,0.0,0.00061,0.0,0.00056
479.01,0.00108,0.00093,0.0005,0.00061,0.00013,0.00029,0.00075,2e-05,0.00111,8e-05,5e-05,0.0,0.00012,0.00131,0.0,0.0,0.0006,0.0,0.00056
480.01,0.00108,0.00093,0.0005,0.00061,0.00013,0.00029,0.00075,2e-05,0.00111,7e-05,5e-05,0.0,0.00011,0.00131,0.0,0.0,0.0006,0.0,0.00056
481.01,0.00108,0.00093,0.0005,0.00061,0.00013,0.00029,0.00075,2e-05,0.00111,7e-05,5e-05,0.0,0.00011,0.00131,0.0,0.0,0.0006,0.0,0.00056
482.01,0.00108,0.00093,0.0005,0.00061,0.00012,0.00029,0.00075,2e-05,0.00111,7e-05,5e-05,0.0,0.00011,0.00131,0.0,0.0,0.0006,0.0,0.00055
483.01,0.00108,0.00093,0.0005,0.00061,0.00012,0.00029,0.00075,1e-05,0.00111,7e-05,5e-05,0.0,0.00011,0.00131,0.0,0.0,0.0006,0.0,0.00055
484.01,0.00108,0.00093,0.00049,0.00061,0.00012,0.00029,0.00075,1e-05,0.0011,7e-05,5e-05,0.0,0.0001,0.0013,0.0,0.0,0.0006,0.0,0.00055
485.01,0.00108,0.00093,0.00049,0.00061,0.00012,0.00029,0.00075,1e-05,0.0011,7e-05,5e-05,0.0,0.0001,0.0013,0.0,0.0,0.0006,0.0,0.00055
486.01,0.00108,0.00093,0.00049,0.00061,0.00011,0.00029,0.00075,1e-05,0.0011,6e-05,4e-05,0.0,0.0001,0.0013,0.0,0.0,0.0006,0.0,0.00054
487.01,0.00108,0.00093,0.00049,0.00061,0.00011,0.00029,0.00075,1e-05,0.0011,6e-05,4e-05,0.0,0.0001,0.0013,0.0,0.0,0.0006,0.0,0.00054
488.01,0.00108,0.00093,0.00049,0.00061,0.00011,0.00029,0.00075,1e-05,0.0011,6e-05,4e-05,0.0,9e-05,0.0013,0.0,0.0,0.0006,0.0,0.00054
489.01,0.00108,0.00093,0.00049,0.00061,0.00011,0.00029,0.00075,1e-05,0.0011,6e-05,4e-05,0.0,9e-05,0.0013,0.0,0.0,0.0006,0.0,0.00054
490.01,0.00108,0.00093,0.00049,0.00061,0.0001,0.00029,0.00075,1e-05,0.0011,6e-05,4e-05,0.0,9e-05,0.0013,0.0,0.0,0.0006,0.0,0.00053
491.01,0.00108,0.00093,0.00049,0.00061,0.0001,0.00029,0.00075,1e-05,0.0011,6e-05,4e-05,0.0,9e-05,0.00129,0.0,0.0,0.0006,0.0,0.00053
492.01,0.00108,0.00093,0.00049,0.00061,0.0001,0.00029,0.00075,1e-05,0.0011,5e-05,4e-05,0.0,9e-05,0.00129,0.0,0.0,0.0006,0.0,0.00053
493.01,0.00108,0.00093,0.00048,0.00061,0.0001,0.00029,0.00075,1e-05,0.0011,5e-05,3e-05,0.0,8e-05,0.00129,0.0,0.0,0.00059,0.0,0.00053
494.01,0.00108,0.00093,0.00048,0.00061,9e-05,0.00029,0.00075,1e-05,0.0011,5e-05,3e-05,0.0,8e-05,0.00129,0.0,0.0,0.00059,0.0,0.00053
495.01,0.00108,0.00093,0.00048,0.0006,9e-05,0.00029,0.00074,1e-05,0.0011,5e-05,3e-05,0.0,8e-05,0.00129,0.0,0.0,0.00059,0.0,0.00052
496.01,0.00108,0.00093,0.00048,0.0006,9e-05,0.00029,0.00074,1e-05,0.0011,5e-05,3e-05,0.0,8e-05,0.00129,0.0,0.0,0.00059,0.0,0.00052
497.01,0.00108,0.00092,0.00048,0.0006,9e-05,0.00029,0.00074,1e-05,0.00109,5e-05,3e-05,0.0,8e-05,0.00129,0.0,0.0,0.00059,0.0,0.00052
498.01,0.00107,0.00092,0.00048,0.0006,9e-05,0.00029,0.00074,1e-05,0.00109,4e-05,3e-05,0.0,7e-05,0.00129,0.0,0.0,0.00059,0.0,0.00052
499.01,0.00107,0.00092,0.00048,0.0006,8e-05,0.00029,0.00074,1e-05,0.00109,4e-05,3e-05,0.0,7e-05,0.00128,0.0,0.0,0.00059,0.0,0.00051
500.01,0.00107,0.00092,0.00048,0.0006,8e-05,0.00029,0.00074,1e-05,0.00109,4e-05,3e-05,0.0,7e-05,0.00128,0.0,0.0,0.00059,0.0,0.00051
